environment,company_id,month,revenue_usd,cogs_usd,gross_margin_pct,opex_usd,ebitda_usd,cash_balance_usd,accounts_receivable_days,accounts_payable_days,inventory_turnover_days
Stable Market,OXC-001,2024-08-01,218654.0,145283.0,0.336,32672.0,40699.0,185326.0,33.3,37.6,23.0
Stable Market,OXC-001,2024-09-01,196946.0,125268.0,0.364,27700.0,43978.0,206583.0,34.5,47.9,32.8
Stable Market,OXC-001,2024-10-01,228731.0,146417.0,0.36,45561.0,36754.0,226479.0,35.5,32.1,34.0
Stable Market,OXC-001,2024-11-01,183430.0,120514.0,0.343,32014.0,30901.0,235194.0,36.5,25.4,39.6
Stable Market,OXC-001,2024-12-01,211042.0,134444.0,0.363,35331.0,41266.0,255561.0,36.8,46.0,28.8
Stable Market,OXC-001,2025-01-01,205302.0,132782.0,0.353,30888.0,41632.0,278655.0,37.5,46.3,38.6
Stable Market,OXC-001,2025-02-01,220015.0,150673.0,0.315,45557.0,23785.0,287906.0,35.9,38.1,29.4
Stable Market,OXC-001,2025-03-01,200549.0,135717.0,0.323,25172.0,39660.0,305827.0,36.8,42.8,24.1
Stable Market,OXC-001,2025-04-01,211251.0,137595.0,0.349,30534.0,43123.0,324353.0,37.7,39.7,33.6
Stable Market,OXC-001,2025-05-01,222848.0,148592.0,0.333,45161.0,29095.0,334613.0,37.1,37.2,32.6
Stable Market,OXC-001,2025-06-01,238489.0,153274.0,0.357,47933.0,37282.0,361605.0,31.7,26.9,22.4
Stable Market,OXC-001,2025-07-01,250035.0,170577.0,0.318,48513.0,30944.0,373801.0,30.9,25.8,26.4
Stable Market,OXC-001,2025-08-01,228512.0,149055.0,0.348,42827.0,36630.0,388262.0,33.2,41.8,26.3
Stable Market,OXC-001,2025-09-01,253681.0,170627.0,0.327,48881.0,34173.0,390307.0,35.4,47.2,30.1
Stable Market,OXC-001,2025-10-01,259881.0,176344.0,0.321,54498.0,29040.0,395747.0,35.5,29.0,37.6
Stable Market,OXC-001,2025-11-01,270255.0,174769.0,0.353,45311.0,50175.0,412645.0,33.6,31.5,21.2
Stable Market,OXC-001,2025-12-01,233388.0,160687.0,0.312,33537.0,39164.0,421470.0,30.9,33.9,21.9
Stable Market,OXC-001,2026-01-01,253890.0,159413.0,0.372,53775.0,40702.0,433408.0,33.8,46.3,44.7
Stable Market,OXC-001,2026-02-01,233040.0,149119.0,0.36,44235.0,39686.0,452447.0,32.7,45.6,31.6
Stable Market,OXC-001,2026-03-01,237041.0,148253.0,0.375,32982.0,55806.0,483444.0,31.6,40.9,25.9
Stable Market,OXC-001,2026-04-01,247825.0,154648.0,0.376,39964.0,53214.0,507903.0,32.1,38.4,44.8
Stable Market,OXC-001,2026-05-01,240352.0,162301.0,0.325,37298.0,40753.0,522330.0,33.6,36.7,43.3
Stable Market,OXC-001,2026-06-01,237635.0,141604.0,0.404,47949.0,48083.0,547881.0,31.7,34.3,35.0
Stable Market,OXC-001,2026-07-01,239383.0,163402.0,0.317,28921.0,47061.0,568365.0,32.0,45.3,22.1
Stable Market,OXC-002,2024-08-01,121228.0,77069.0,0.364,18514.0,25645.0,253193.0,55.6,34.3,38.7
Stable Market,OXC-002,2024-09-01,114373.0,78561.0,0.313,23905.0,11906.0,248740.0,55.6,29.8,40.5
Stable Market,OXC-002,2024-10-01,107673.0,73728.0,0.315,15495.0,18451.0,255817.0,59.7,40.6,24.7
Stable Market,OXC-002,2024-11-01,103140.0,68764.0,0.333,18801.0,15575.0,259523.0,59.7,29.5,43.0
Stable Market,OXC-002,2024-12-01,110483.0,72264.0,0.346,23501.0,14718.0,265751.0,57.4,36.2,35.7
Stable Market,OXC-002,2025-01-01,106443.0,72585.0,0.318,19521.0,14337.0,268916.0,57.4,29.9,36.5
Stable Market,OXC-002,2025-02-01,112635.0,71706.0,0.363,23791.0,17138.0,274748.0,57.6,49.7,39.8
Stable Market,OXC-002,2025-03-01,105028.0,68733.0,0.346,13367.0,22929.0,277552.0,58.4,42.6,42.9
Stable Market,OXC-002,2025-04-01,107935.0,75912.0,0.297,16617.0,15406.0,285123.0,61.0,27.2,22.9
Stable Market,OXC-002,2025-05-01,124010.0,77739.0,0.373,15053.0,31218.0,306732.0,63.7,39.5,41.3
Stable Market,OXC-002,2025-06-01,121904.0,76606.0,0.372,26278.0,19020.0,312046.0,65.2,41.6,44.9
Stable Market,OXC-002,2025-07-01,127331.0,83547.0,0.344,24540.0,19243.0,321558.0,67.5,31.5,29.7
Stable Market,OXC-002,2025-08-01,117868.0,75659.0,0.358,17200.0,25008.0,329806.0,61.8,40.5,33.9
Stable Market,OXC-002,2025-09-01,119384.0,75083.0,0.371,22782.0,21519.0,341939.0,60.4,37.5,20.9
Stable Market,OXC-002,2025-10-01,120433.0,83203.0,0.309,17923.0,19307.0,353238.0,59.7,33.9,26.2
Stable Market,OXC-002,2025-11-01,116554.0,78527.0,0.326,19875.0,18152.0,356382.0,57.2,26.5,35.3
Stable Market,OXC-002,2025-12-01,111978.0,76009.0,0.321,16527.0,19442.0,366316.0,57.9,41.6,33.4
Stable Market,OXC-002,2026-01-01,117288.0,79635.0,0.321,20923.0,16730.0,370862.0,60.5,37.5,22.0
Stable Market,OXC-002,2026-02-01,113949.0,77349.0,0.321,24814.0,11786.0,377902.0,61.8,42.2,27.2
Stable Market,OXC-002,2026-03-01,123055.0,80562.0,0.345,19846.0,22647.0,395213.0,60.2,36.3,40.4
Stable Market,OXC-002,2026-04-01,130507.0,80148.0,0.386,20648.0,29710.0,406318.0,55.0,25.9,33.9
Stable Market,OXC-002,2026-05-01,139961.0,93493.0,0.332,17238.0,29229.0,423944.0,54.6,26.9,32.3
Stable Market,OXC-002,2026-06-01,136426.0,88960.0,0.348,24667.0,22799.0,436209.0,54.5,32.7,38.5
Stable Market,OXC-002,2026-07-01,131817.0,89850.0,0.318,24397.0,17570.0,436837.0,54.8,40.9,44.6
Stable Market,OXC-003,2024-08-01,177511.0,137061.0,0.228,37491.0,2959.0,236538.0,31.5,30.0,32.7
Stable Market,OXC-003,2024-09-01,154851.0,115042.0,0.257,26657.0,13151.0,249193.0,31.8,30.8,22.1
Stable Market,OXC-003,2024-10-01,163717.0,129956.0,0.206,35950.0,-2188.0,237509.0,30.2,41.9,27.3
Stable Market,OXC-003,2024-11-01,175288.0,130233.0,0.257,35387.0,9668.0,239596.0,33.4,47.8,24.4
Stable Market,OXC-003,2024-12-01,167189.0,125298.0,0.251,20517.0,21374.0,249093.0,35.3,34.7,39.3
Stable Market,OXC-003,2025-01-01,147021.0,114105.0,0.224,18154.0,14762.0,255541.0,36.3,46.4,23.7
Stable Market,OXC-003,2025-02-01,174376.0,132824.0,0.238,28713.0,12839.0,259725.0,37.7,28.2,43.9
Stable Market,OXC-003,2025-03-01,173202.0,129998.0,0.249,30800.0,12404.0,262632.0,38.4,27.0,36.4
Stable Market,OXC-003,2025-04-01,162220.0,125449.0,0.227,31482.0,5289.0,267190.0,41.4,32.0,39.2
Stable Market,OXC-003,2025-05-01,175142.0,136750.0,0.219,23525.0,14867.0,276344.0,42.6,31.3,42.3
Stable Market,OXC-003,2025-06-01,170305.0,129180.0,0.241,31371.0,9754.0,283708.0,38.7,40.8,24.1
Stable Market,OXC-003,2025-07-01,181424.0,136874.0,0.246,25896.0,18654.0,289645.0,39.6,27.7,34.6
Stable Market,OXC-003,2025-08-01,176860.0,132764.0,0.249,38464.0,5632.0,294128.0,39.4,39.9,30.3
Stable Market,OXC-003,2025-09-01,155918.0,117300.0,0.248,29907.0,8710.0,294123.0,41.3,28.6,27.4
Stable Market,OXC-003,2025-10-01,149428.0,115790.0,0.225,22401.0,11237.0,291868.0,43.1,49.5,24.2
Stable Market,OXC-003,2025-11-01,144692.0,108290.0,0.252,20912.0,15490.0,296177.0,43.1,38.7,38.3
Stable Market,OXC-003,2025-12-01,148104.0,111786.0,0.245,18792.0,17527.0,294818.0,41.9,28.0,37.3
Stable Market,OXC-003,2026-01-01,150359.0,112165.0,0.254,30858.0,7336.0,297179.0,41.6,34.5,36.7
Stable Market,OXC-003,2026-02-01,151501.0,115265.0,0.239,23404.0,12832.0,307342.0,43.6,29.2,35.6
Stable Market,OXC-003,2026-03-01,161930.0,116811.0,0.279,20150.0,24969.0,315262.0,44.4,32.5,43.0
Stable Market,OXC-003,2026-04-01,180193.0,139668.0,0.225,35111.0,5415.0,318579.0,46.0,40.3,36.8
Stable Market,OXC-003,2026-05-01,192221.0,149743.0,0.221,40603.0,1875.0,315477.0,44.4,46.0,28.1
Stable Market,OXC-003,2026-06-01,205481.0,160262.0,0.22,27600.0,17619.0,324343.0,43.4,38.1,40.2
Stable Market,OXC-003,2026-07-01,211711.0,155102.0,0.267,40852.0,15758.0,328240.0,41.9,37.2,39.9
Stable Market,OXC-004,2024-08-01,185464.0,132781.0,0.284,27369.0,25314.0,143332.0,33.6,42.0,44.6
Stable Market,OXC-004,2024-09-01,209489.0,148882.0,0.289,32185.0,28422.0,152605.0,33.2,37.6,38.3
Stable Market,OXC-004,2024-10-01,218729.0,159102.0,0.273,29906.0,29722.0,169321.0,32.1,36.2,40.7
Stable Market,OXC-004,2024-11-01,233764.0,173905.0,0.256,35920.0,23940.0,169955.0,32.8,25.0,39.1
Stable Market,OXC-004,2024-12-01,203696.0,146534.0,0.281,41566.0,15596.0,176009.0,31.4,39.0,30.7
Stable Market,OXC-004,2025-01-01,216629.0,158973.0,0.266,41169.0,16487.0,179762.0,33.3,31.2,41.6
Stable Market,OXC-004,2025-02-01,213202.0,153627.0,0.279,37611.0,21964.0,190809.0,30.9,47.7,30.8
Stable Market,OXC-004,2025-03-01,233959.0,168598.0,0.279,36452.0,28910.0,205623.0,31.1,45.3,22.6
Stable Market,OXC-004,2025-04-01,211240.0,156692.0,0.258,41162.0,13386.0,208421.0,30.8,28.7,38.7
Stable Market,OXC-004,2025-05-01,181676.0,134096.0,0.262,39537.0,8043.0,213585.0,33.3,39.2,27.3
Stable Market,OXC-004,2025-06-01,170309.0,128144.0,0.248,21831.0,20334.0,219142.0,36.8,55.2,28.3
Stable Market,OXC-004,2025-07-01,146065.0,118490.0,0.189,21078.0,6497.0,213023.0,32.9,43.3,48.2
Stable Market,OXC-004,2025-08-01,128195.0,105533.0,0.177,18322.0,4339.0,210676.0,31.9,49.4,32.1
Stable Market,OXC-004,2025-09-01,101019.0,90714.0,0.102,13053.0,-2747.0,204826.0,31.8,54.6,27.1
Stable Market,OXC-004,2025-10-01,89405.0,81809.0,0.085,17924.0,-10328.0,196321.0,32.8,47.7,48.6
Stable Market,OXC-004,2025-11-01,63095.0,60084.0,0.048,12334.0,-9323.0,183598.0,35.5,56.6,29.0
Stable Market,OXC-004,2025-12-01,44603.0,44157.0,0.01,8283.0,-7837.0,178516.0,34.1,43.4,45.8
Stable Market,OXC-004,2026-01-01,30275.0,29973.0,0.01,6329.0,-6026.0,172930.0,33.6,53.3,34.3
Stable Market,OXC-004,2026-02-01,16993.0,16823.0,0.01,2967.0,-2797.0,165513.0,32.5,55.6,50.3
Stable Market,OXC-004,2026-03-01,9935.0,9836.0,0.01,1366.0,-1267.0,157488.0,33.1,49.6,50.1
Stable Market,OXC-004,2026-04-01,5655.0,5598.0,0.01,1209.0,-1153.0,149908.0,32.4,42.8,43.6
Stable Market,OXC-004,2026-05-01,3000.0,2970.0,0.01,384.0,-354.0,152326.0,31.6,36.2,42.1
Stable Market,OXC-004,2026-06-01,3000.0,2970.0,0.01,520.0,-490.0,148011.0,33.8,37.0,42.0
Stable Market,OXC-004,2026-07-01,3000.0,2970.0,0.01,622.0,-592.0,155080.0,32.8,48.3,49.6
Stable Market,OXC-005,2024-08-01,215295.0,164336.0,0.237,43899.0,7061.0,206253.0,51.8,48.7,33.0
Stable Market,OXC-005,2024-09-01,185034.0,136193.0,0.264,34074.0,14767.0,209814.0,53.7,37.0,36.8
Stable Market,OXC-005,2024-10-01,212163.0,166349.0,0.216,40227.0,5586.0,206995.0,53.8,33.6,22.8
Stable Market,OXC-005,2024-11-01,215646.0,172355.0,0.201,33278.0,10013.0,207320.0,53.0,49.6,22.0
Stable Market,OXC-005,2024-12-01,237719.0,184050.0,0.226,35509.0,18160.0,215836.0,49.2,49.1,44.8
Stable Market,OXC-005,2025-01-01,215779.0,167465.0,0.224,35764.0,12550.0,215572.0,49.7,48.1,35.2
Stable Market,OXC-005,2025-02-01,194667.0,144228.0,0.259,27615.0,22824.0,226035.0,46.7,26.9,27.5
Stable Market,OXC-005,2025-03-01,190868.0,148854.0,0.22,25890.0,16124.0,228325.0,46.2,49.6,38.7
Stable Market,OXC-005,2025-04-01,200930.0,150653.0,0.25,25268.0,25009.0,240945.0,47.8,27.4,24.4
Stable Market,OXC-005,2025-05-01,185360.0,139805.0,0.246,27406.0,18149.0,251203.0,46.7,44.4,28.1
Stable Market,OXC-005,2025-06-01,197480.0,160216.0,0.189,31999.0,5264.0,248644.0,46.4,42.8,32.0
Stable Market,OXC-005,2025-07-01,166699.0,142168.0,0.147,33157.0,-8626.0,238879.0,48.6,38.0,47.8
Stable Market,OXC-005,2025-08-01,156804.0,146632.0,0.065,30800.0,-20629.0,224008.0,50.1,54.0,42.9
Stable Market,OXC-005,2025-09-01,131339.0,124832.0,0.05,27329.0,-20822.0,202743.0,47.4,39.0,50.5
Stable Market,OXC-005,2025-10-01,103096.0,100454.0,0.026,13333.0,-10691.0,184229.0,49.4,41.1,38.6
Stable Market,OXC-005,2025-11-01,77052.0,76282.0,0.01,10685.0,-9914.0,173980.0,52.6,45.1,28.9
Stable Market,OXC-005,2025-12-01,55176.0,54624.0,0.01,11816.0,-11264.0,164845.0,54.9,34.5,47.1
Stable Market,OXC-005,2026-01-01,37308.0,36935.0,0.01,4990.0,-4616.0,165620.0,55.8,35.5,29.4
Stable Market,OXC-005,2026-02-01,18128.0,17946.0,0.01,2988.0,-2807.0,166813.0,56.8,48.1,48.5
Stable Market,OXC-005,2026-03-01,10146.0,10044.0,0.01,1418.0,-1316.0,173763.0,56.1,57.0,43.0
Stable Market,OXC-005,2026-04-01,4470.0,4425.0,0.01,669.0,-624.0,171423.0,55.8,52.1,27.8
Stable Market,OXC-005,2026-05-01,3000.0,2970.0,0.01,605.0,-575.0,180632.0,56.9,38.2,34.7
Stable Market,OXC-005,2026-06-01,3000.0,2970.0,0.01,565.0,-535.0,179452.0,59.7,44.9,45.9
Stable Market,OXC-005,2026-07-01,3000.0,2970.0,0.01,494.0,-464.0,176255.0,60.9,55.7,32.4
Stable Market,OXC-006,2024-08-01,130465.0,89360.0,0.315,18179.0,22926.0,81275.0,34.9,48.5,22.7
Stable Market,OXC-006,2024-09-01,136834.0,95346.0,0.303,18966.0,22522.0,91277.0,36.5,38.2,24.6
Stable Market,OXC-006,2024-10-01,126403.0,86590.0,0.315,15174.0,24639.0,101499.0,38.1,29.0,32.8
Stable Market,OXC-006,2024-11-01,130440.0,93227.0,0.285,28397.0,8816.0,93925.0,38.2,37.4,34.0
Stable Market,OXC-006,2024-12-01,136629.0,96964.0,0.29,22698.0,16967.0,104800.0,38.5,27.9,29.9
Stable Market,OXC-006,2025-01-01,131523.0,89173.0,0.322,22070.0,20281.0,110112.0,38.1,42.9,21.8
Stable Market,OXC-006,2025-02-01,138451.0,91714.0,0.338,21744.0,24993.0,123627.0,36.7,45.3,33.8
Stable Market,OXC-006,2025-03-01,130144.0,88019.0,0.324,17010.0,25114.0,131656.0,36.3,43.7,23.2
Stable Market,OXC-006,2025-04-01,136270.0,92326.0,0.322,17429.0,26515.0,148610.0,38.2,48.7,34.6
Stable Market,OXC-006,2025-05-01,142793.0,99006.0,0.307,20267.0,23520.0,157328.0,37.1,28.9,34.2
Stable Market,OXC-006,2025-06-01,132764.0,92111.0,0.306,24598.0,16055.0,160974.0,34.0,42.2,22.2
Stable Market,OXC-006,2025-07-01,114512.0,80413.0,0.298,20621.0,13477.0,162944.0,31.9,37.9,35.8
Stable Market,OXC-006,2025-08-01,107123.0,72023.0,0.328,13541.0,21559.0,173218.0,32.7,35.2,33.3
Stable Market,OXC-006,2025-09-01,116629.0,80201.0,0.312,23086.0,13342.0,174271.0,35.5,42.7,21.8
Stable Market,OXC-006,2025-10-01,112305.0,76158.0,0.322,15352.0,20795.0,183051.0,34.9,26.9,42.4
Stable Market,OXC-006,2025-11-01,130509.0,90995.0,0.303,22884.0,16630.0,182055.0,34.1,31.5,43.8
Stable Market,OXC-006,2025-12-01,124201.0,91041.0,0.267,21436.0,11724.0,187095.0,33.9,44.9,25.8
Stable Market,OXC-006,2026-01-01,121923.0,85682.0,0.297,17272.0,18968.0,194557.0,36.0,42.9,39.9
Stable Market,OXC-006,2026-02-01,118230.0,80656.0,0.318,21073.0,16502.0,195876.0,36.5,42.7,28.7
Stable Market,OXC-006,2026-03-01,124909.0,83857.0,0.329,22933.0,18118.0,209736.0,34.6,30.0,31.6
Stable Market,OXC-006,2026-04-01,120646.0,76994.0,0.362,24025.0,19627.0,222782.0,31.2,34.1,40.5
Stable Market,OXC-006,2026-05-01,124211.0,85800.0,0.309,22536.0,15875.0,233520.0,29.6,46.5,29.4
Stable Market,OXC-006,2026-06-01,118199.0,79066.0,0.331,22318.0,16816.0,236062.0,30.9,27.7,29.7
Stable Market,OXC-006,2026-07-01,132536.0,92697.0,0.301,21559.0,18281.0,238984.0,32.6,48.2,33.5
Stable Market,OXC-007,2024-08-01,69438.0,47791.0,0.312,10169.0,11478.0,255857.0,46.1,44.4,42.9
Stable Market,OXC-007,2024-09-01,66805.0,47558.0,0.288,13321.0,5926.0,263111.0,44.6,49.5,29.2
Stable Market,OXC-007,2024-10-01,62224.0,44221.0,0.289,7511.0,10492.0,266025.0,47.0,38.9,37.5
Stable Market,OXC-007,2024-11-01,68274.0,49673.0,0.272,10878.0,7722.0,274035.0,46.6,47.7,37.9
Stable Market,OXC-007,2024-12-01,70097.0,53901.0,0.231,9301.0,6895.0,275212.0,47.4,33.9,29.4
Stable Market,OXC-007,2025-01-01,67515.0,51767.0,0.233,10030.0,5717.0,279186.0,43.5,25.1,22.8
Stable Market,OXC-007,2025-02-01,67092.0,48101.0,0.283,14388.0,4602.0,280640.0,42.1,34.1,27.5
Stable Market,OXC-007,2025-03-01,73943.0,58644.0,0.207,9913.0,5386.0,283375.0,43.6,40.2,36.3
Stable Market,OXC-007,2025-04-01,67670.0,52032.0,0.231,11008.0,4629.0,288215.0,44.0,40.4,33.9
Stable Market,OXC-007,2025-05-01,77089.0,59427.0,0.229,10673.0,6989.0,288408.0,45.2,34.2,30.2
Stable Market,OXC-007,2025-06-01,75120.0,56582.0,0.247,11591.0,6947.0,289808.0,48.2,36.6,30.4
Stable Market,OXC-007,2025-07-01,75151.0,54725.0,0.272,13705.0,6721.0,288578.0,48.9,36.5,44.3
Stable Market,OXC-007,2025-08-01,79386.0,58030.0,0.269,13784.0,7571.0,292118.0,45.1,28.4,29.7
Stable Market,OXC-007,2025-09-01,76693.0,57710.0,0.248,11394.0,7589.0,294818.0,39.0,40.5,38.4
Stable Market,OXC-007,2025-10-01,85261.0,60342.0,0.292,10564.0,14355.0,305807.0,40.1,49.8,38.7
Stable Market,OXC-007,2025-11-01,78976.0,59082.0,0.252,11825.0,8070.0,307075.0,36.6,38.5,33.8
Stable Market,OXC-007,2025-12-01,86929.0,64092.0,0.263,12549.0,10288.0,314169.0,36.8,27.1,25.2
Stable Market,OXC-007,2026-01-01,77599.0,55655.0,0.283,16792.0,5152.0,314397.0,35.8,39.4,44.9
Stable Market,OXC-007,2026-02-01,79151.0,59507.0,0.248,12224.0,7419.0,314176.0,36.4,41.6,26.3
Stable Market,OXC-007,2026-03-01,76487.0,57101.0,0.253,12253.0,7133.0,318532.0,34.4,36.0,44.5
Stable Market,OXC-007,2026-04-01,80248.0,60462.0,0.247,10575.0,9211.0,314591.0,40.3,31.8,26.6
Stable Market,OXC-007,2026-05-01,75152.0,57589.0,0.234,15587.0,1976.0,316863.0,39.9,41.2,36.3
Stable Market,OXC-007,2026-06-01,79730.0,58617.0,0.265,9869.0,11244.0,327574.0,39.0,34.7,20.8
Stable Market,OXC-007,2026-07-01,74449.0,56619.0,0.239,12474.0,5356.0,330112.0,39.4,32.2,35.7
Stable Market,OXC-008,2024-08-01,204343.0,150414.0,0.264,40567.0,13361.0,69424.0,27.8,26.5,36.8
Stable Market,OXC-008,2024-09-01,200766.0,157926.0,0.213,39336.0,3505.0,60725.0,29.7,36.7,41.8
Stable Market,OXC-008,2024-10-01,207040.0,150920.0,0.271,36244.0,19876.0,67862.0,27.4,42.8,35.4
Stable Market,OXC-008,2024-11-01,195927.0,144441.0,0.263,39507.0,11979.0,67800.0,28.2,31.3,31.4
Stable Market,OXC-008,2024-12-01,194481.0,152364.0,0.217,25466.0,16652.0,74525.0,29.8,41.7,29.4
Stable Market,OXC-008,2025-01-01,205620.0,151693.0,0.262,43374.0,10552.0,76108.0,32.6,41.5,39.3
Stable Market,OXC-008,2025-02-01,209410.0,152039.0,0.274,36983.0,20388.0,77453.0,34.0,49.1,31.3
Stable Market,OXC-008,2025-03-01,216506.0,164624.0,0.24,32679.0,19202.0,85019.0,33.3,28.5,21.4
Stable Market,OXC-008,2025-04-01,211159.0,152335.0,0.279,32762.0,26062.0,94384.0,32.7,35.5,37.1
Stable Market,OXC-008,2025-05-01,204605.0,155083.0,0.242,28907.0,20615.0,103348.0,32.2,35.6,38.4
Stable Market,OXC-008,2025-06-01,205077.0,156865.0,0.235,40212.0,8000.0,102658.0,32.1,36.8,35.4
Stable Market,OXC-008,2025-07-01,218382.0,159461.0,0.27,33551.0,25370.0,112715.0,32.8,31.4,42.3
Stable Market,OXC-008,2025-08-01,233079.0,173089.0,0.257,50636.0,9353.0,110796.0,33.6,25.5,27.3
Stable Market,OXC-008,2025-09-01,217226.0,165533.0,0.238,40808.0,10885.0,116998.0,34.1,35.4,36.9
Stable Market,OXC-008,2025-10-01,239946.0,178930.0,0.254,47362.0,13654.0,119127.0,33.4,40.9,21.6
Stable Market,OXC-008,2025-11-01,236590.0,177918.0,0.248,47014.0,11659.0,120154.0,33.4,28.6,41.6
Stable Market,OXC-008,2025-12-01,246314.0,183490.0,0.255,32542.0,30282.0,128416.0,33.4,43.9,30.1
Stable Market,OXC-008,2026-01-01,251898.0,185090.0,0.265,35068.0,31739.0,135382.0,33.1,36.1,32.2
Stable Market,OXC-008,2026-02-01,280175.0,216737.0,0.226,55664.0,7774.0,134210.0,33.3,29.9,32.0
Stable Market,OXC-008,2026-03-01,268786.0,192784.0,0.283,49761.0,26241.0,144044.0,34.5,29.6,40.8
Stable Market,OXC-008,2026-04-01,275671.0,202129.0,0.267,54806.0,18736.0,157498.0,32.5,42.3,26.5
Stable Market,OXC-008,2026-05-01,254963.0,194290.0,0.238,53338.0,7335.0,151003.0,32.1,35.8,39.1
Stable Market,OXC-008,2026-06-01,252563.0,195732.0,0.225,31847.0,24984.0,165195.0,32.9,32.1,22.3
Stable Market,OXC-008,2026-07-01,260859.0,190297.0,0.27,51655.0,18907.0,171071.0,33.5,33.0,42.8
Stable Market,OXC-009,2024-08-01,151925.0,118655.0,0.219,21870.0,11401.0,88157.0,47.8,36.5,25.8
Stable Market,OXC-009,2024-09-01,173065.0,138731.0,0.198,23259.0,11074.0,95622.0,50.5,31.7,31.9
Stable Market,OXC-009,2024-10-01,179968.0,140198.0,0.221,35230.0,4540.0,96594.0,50.5,47.9,34.5
Stable Market,OXC-009,2024-11-01,188745.0,145774.0,0.228,27247.0,15723.0,97656.0,52.1,54.9,38.7
Stable Market,OXC-009,2024-12-01,177590.0,145591.0,0.18,29846.0,2153.0,97886.0,54.9,56.9,44.6
Stable Market,OXC-009,2025-01-01,162106.0,134759.0,0.169,29547.0,-2200.0,91962.0,58.9,46.1,44.9
Stable Market,OXC-009,2025-02-01,135929.0,125178.0,0.079,28667.0,-17917.0,79454.0,63.7,34.7,34.1
Stable Market,OXC-009,2025-03-01,111229.0,108507.0,0.024,15640.0,-12918.0,73065.0,63.5,43.5,43.4
Stable Market,OXC-009,2025-04-01,84564.0,80228.0,0.051,12643.0,-8307.0,70712.0,60.0,41.8,41.1
Stable Market,OXC-009,2025-05-01,68618.0,67932.0,0.01,11953.0,-11267.0,60257.0,58.5,49.1,40.9
Stable Market,OXC-009,2025-06-01,43024.0,42594.0,0.01,7279.0,-6849.0,51355.0,58.5,57.8,29.1
Stable Market,OXC-009,2025-07-01,27937.0,27658.0,0.01,4399.0,-4120.0,45897.0,58.6,46.3,46.3
Stable Market,OXC-009,2025-08-01,18369.0,18186.0,0.01,3060.0,-2877.0,49699.0,58.0,50.8,34.5
Stable Market,OXC-009,2025-09-01,9765.0,9667.0,0.01,1486.0,-1388.0,49552.0,55.1,39.6,49.0
Stable Market,OXC-009,2025-10-01,4872.0,4823.0,0.01,846.0,-798.0,40802.0,56.5,37.1,48.1
Stable Market,OXC-009,2025-11-01,3000.0,2970.0,0.01,608.0,-578.0,43318.0,56.0,55.4,31.9
Stable Market,OXC-009,2025-12-01,3000.0,2970.0,0.01,643.0,-613.0,46993.0,54.7,38.9,41.1
Stable Market,OXC-009,2026-01-01,3000.0,2970.0,0.01,616.0,-586.0,53216.0,58.0,51.0,38.0
Stable Market,OXC-009,2026-02-01,3000.0,2970.0,0.01,390.0,-360.0,56215.0,58.0,43.6,44.1
Stable Market,OXC-009,2026-03-01,3000.0,2970.0,0.01,579.0,-549.0,50682.0,58.1,40.4,44.5
Stable Market,OXC-009,2026-04-01,3000.0,2970.0,0.01,590.0,-560.0,50257.0,57.9,50.8,43.4
Stable Market,OXC-009,2026-05-01,3000.0,2970.0,0.01,566.0,-536.0,57712.0,59.4,50.0,46.3
Stable Market,OXC-009,2026-06-01,3000.0,2970.0,0.01,391.0,-361.0,57833.0,58.7,52.1,46.2
Stable Market,OXC-009,2026-07-01,3000.0,2970.0,0.01,364.0,-334.0,58648.0,58.8,53.8,41.9
Stable Market,OXC-010,2024-08-01,125893.0,89558.0,0.289,25955.0,10380.0,239297.0,30.4,42.8,31.9
Stable Market,OXC-010,2024-09-01,112779.0,86515.0,0.233,23223.0,3041.0,240545.0,29.0,46.3,37.0
Stable Market,OXC-010,2024-10-01,141967.0,103411.0,0.272,24443.0,14113.0,247690.0,29.8,48.3,43.1
Stable Market,OXC-010,2024-11-01,135162.0,97892.0,0.276,25011.0,12259.0,260941.0,30.6,34.3,28.2
Stable Market,OXC-010,2024-12-01,122073.0,84775.0,0.306,17313.0,19985.0,266311.0,30.7,34.4,25.9
Stable Market,OXC-010,2025-01-01,124421.0,90527.0,0.272,27257.0,6638.0,260929.0,28.7,29.0,41.7
Stable Market,OXC-010,2025-02-01,128377.0,96112.0,0.251,17328.0,14937.0,271830.0,26.1,33.1,41.6
Stable Market,OXC-010,2025-03-01,113437.0,86873.0,0.234,15915.0,10649.0,269159.0,25.7,36.2,33.9
Stable Market,OXC-010,2025-04-01,107761.0,76334.0,0.292,19037.0,12389.0,274461.0,27.8,38.5,41.7
Stable Market,OXC-010,2025-05-01,111797.0,73944.0,0.339,18848.0,19005.0,284627.0,27.8,33.1,27.0
Stable Market,OXC-010,2025-06-01,112992.0,81197.0,0.281,21912.0,9884.0,286152.0,25.4,43.5,38.5
Stable Market,OXC-010,2025-07-01,116979.0,84351.0,0.279,22712.0,9915.0,294570.0,23.6,34.5,28.7
Stable Market,OXC-010,2025-08-01,128775.0,94925.0,0.263,16187.0,17663.0,307329.0,23.2,39.2,33.7
Stable Market,OXC-010,2025-09-01,124524.0,90282.0,0.275,21891.0,12351.0,308120.0,22.7,46.8,24.6
Stable Market,OXC-010,2025-10-01,117286.0,85594.0,0.27,24984.0,6708.0,305744.0,21.6,44.6,39.5
Stable Market,OXC-010,2025-11-01,116562.0,83983.0,0.279,23220.0,9358.0,298081.0,21.8,47.8,37.1
Stable Market,OXC-010,2025-12-01,128671.0,94146.0,0.268,17259.0,17266.0,309738.0,20.0,30.8,40.6
Stable Market,OXC-010,2026-01-01,128275.0,96602.0,0.247,17158.0,14515.0,316185.0,17.8,48.6,41.2
Stable Market,OXC-010,2026-02-01,124456.0,85606.0,0.312,24597.0,14254.0,327671.0,15.0,38.7,35.2
Stable Market,OXC-010,2026-03-01,126620.0,92643.0,0.268,18384.0,15593.0,337461.0,15.0,29.1,30.9
Stable Market,OXC-010,2026-04-01,131773.0,96161.0,0.27,23963.0,11649.0,341284.0,16.5,29.9,32.0
Stable Market,OXC-010,2026-05-01,123717.0,88904.0,0.281,15532.0,19280.0,347612.0,19.2,34.6,34.4
Stable Market,OXC-010,2026-06-01,115769.0,83783.0,0.276,22575.0,9411.0,353374.0,19.7,37.5,29.9
Stable Market,OXC-010,2026-07-01,122370.0,86664.0,0.292,14854.0,20852.0,371389.0,19.5,35.1,27.9
Stable Market,OXC-011,2024-08-01,157810.0,108382.0,0.313,27792.0,21636.0,189142.0,31.5,47.1,32.2
Stable Market,OXC-011,2024-09-01,143368.0,103304.0,0.279,22026.0,18039.0,197054.0,31.7,41.4,38.6
Stable Market,OXC-011,2024-10-01,127183.0,89739.0,0.294,20506.0,16938.0,202788.0,30.4,44.6,26.2
Stable Market,OXC-011,2024-11-01,116005.0,84392.0,0.273,15816.0,15797.0,210682.0,26.4,39.1,28.1
Stable Market,OXC-011,2024-12-01,119458.0,80350.0,0.327,18465.0,20642.0,229686.0,27.4,27.9,30.4
Stable Market,OXC-011,2025-01-01,111581.0,77307.0,0.307,23050.0,11223.0,232001.0,24.8,43.0,41.6
Stable Market,OXC-011,2025-02-01,123128.0,84789.0,0.311,18564.0,19775.0,243888.0,25.7,45.2,38.1
Stable Market,OXC-011,2025-03-01,117920.0,81607.0,0.308,17569.0,18745.0,260358.0,24.7,45.8,41.4
Stable Market,OXC-011,2025-04-01,130386.0,88892.0,0.318,17254.0,24240.0,278860.0,27.9,28.8,40.6
Stable Market,OXC-011,2025-05-01,130597.0,89913.0,0.312,25307.0,15376.0,268037.0,28.1,28.1,29.7
Stable Market,OXC-011,2025-06-01,118020.0,80639.0,0.317,23032.0,14349.0,280281.0,26.2,39.3,23.9
Stable Market,OXC-011,2025-07-01,120945.0,88403.0,0.269,23438.0,9104.0,280419.0,27.9,32.0,44.9
Stable Market,OXC-011,2025-08-01,127852.0,90747.0,0.29,19581.0,17524.0,287166.0,28.5,40.4,25.7
Stable Market,OXC-011,2025-09-01,131949.0,89367.0,0.323,21025.0,21557.0,295818.0,26.5,33.8,24.4
Stable Market,OXC-011,2025-10-01,130022.0,89141.0,0.314,26529.0,14352.0,305325.0,23.8,43.9,29.2
Stable Market,OXC-011,2025-11-01,142961.0,99500.0,0.304,23284.0,20177.0,311011.0,26.4,42.8,43.4
Stable Market,OXC-011,2025-12-01,150188.0,103213.0,0.313,24134.0,22841.0,321479.0,24.2,32.8,43.0
Stable Market,OXC-011,2026-01-01,143357.0,101378.0,0.293,22250.0,19729.0,330482.0,23.6,29.4,21.8
Stable Market,OXC-011,2026-02-01,141391.0,96415.0,0.318,27861.0,17115.0,337835.0,23.1,30.6,21.6
Stable Market,OXC-011,2026-03-01,150091.0,99676.0,0.336,24439.0,25976.0,353563.0,20.5,36.4,31.9
Stable Market,OXC-011,2026-04-01,134482.0,95031.0,0.293,21587.0,17863.0,356820.0,22.2,50.0,22.0
Stable Market,OXC-011,2026-05-01,147765.0,103709.0,0.298,20970.0,23086.0,375750.0,25.8,44.8,42.4
Stable Market,OXC-011,2026-06-01,151233.0,101217.0,0.331,27980.0,22036.0,381828.0,27.0,40.0,27.0
Stable Market,OXC-011,2026-07-01,139717.0,94897.0,0.321,25506.0,19314.0,389144.0,28.6,28.0,27.4
Stable Market,OXC-012,2024-08-01,155726.0,123040.0,0.21,32148.0,538.0,96508.0,41.8,37.2,27.7
Stable Market,OXC-012,2024-09-01,144817.0,112400.0,0.224,20167.0,12250.0,97841.0,42.1,43.2,23.4
Stable Market,OXC-012,2024-10-01,161349.0,133396.0,0.173,26030.0,1922.0,89468.0,43.6,47.7,23.0
Stable Market,OXC-012,2024-11-01,176898.0,138775.0,0.216,33099.0,5024.0,95458.0,40.9,30.6,23.5
Stable Market,OXC-012,2024-12-01,157487.0,125711.0,0.202,21810.0,9965.0,95981.0,44.3,38.7,25.0
Stable Market,OXC-012,2025-01-01,151646.0,123941.0,0.183,33037.0,-5333.0,82704.0,43.8,45.0,25.1
Stable Market,OXC-012,2025-02-01,158838.0,130059.0,0.181,25098.0,3681.0,73247.0,42.8,29.6,44.2
Stable Market,OXC-012,2025-03-01,183887.0,142503.0,0.225,23766.0,17618.0,83857.0,40.8,49.5,42.3
Stable Market,OXC-012,2025-04-01,162382.0,129975.0,0.2,30093.0,2314.0,85028.0,37.4,49.2,44.2
Stable Market,OXC-012,2025-05-01,157616.0,122356.0,0.224,21706.0,13554.0,88317.0,36.2,33.6,21.3
Stable Market,OXC-012,2025-06-01,172484.0,133148.0,0.228,24762.0,14574.0,92616.0,34.2,49.1,44.6
Stable Market,OXC-012,2025-07-01,174293.0,136409.0,0.217,33839.0,4044.0,84663.0,36.9,32.2,42.4
Stable Market,OXC-012,2025-08-01,164602.0,128791.0,0.218,35111.0,700.0,82152.0,34.9,25.9,40.6
Stable Market,OXC-012,2025-09-01,165275.0,133454.0,0.193,31022.0,799.0,79528.0,32.4,25.4,27.1
Stable Market,OXC-012,2025-10-01,179895.0,144607.0,0.196,29151.0,6137.0,76950.0,33.0,43.1,30.2
Stable Market,OXC-012,2025-11-01,158865.0,127726.0,0.196,27349.0,3790.0,75956.0,36.1,46.1,24.6
Stable Market,OXC-012,2025-12-01,157230.0,126370.0,0.196,29236.0,1623.0,67420.0,38.0,37.3,30.5
Stable Market,OXC-012,2026-01-01,152299.0,120983.0,0.206,32987.0,-1671.0,57565.0,40.5,30.5,22.4
Stable Market,OXC-012,2026-02-01,168459.0,129482.0,0.231,23174.0,15803.0,58348.0,40.9,41.3,27.7
Stable Market,OXC-012,2026-03-01,162924.0,125931.0,0.227,29290.0,7702.0,56713.0,39.3,33.1,25.1
Stable Market,OXC-012,2026-04-01,174100.0,139167.0,0.201,30884.0,4049.0,54897.0,36.5,45.7,24.2
Stable Market,OXC-012,2026-05-01,171045.0,136501.0,0.202,35563.0,-1019.0,47737.0,38.0,32.0,41.7
Stable Market,OXC-012,2026-06-01,184519.0,148645.0,0.194,39441.0,-3568.0,36985.0,37.6,33.8,32.9
Stable Market,OXC-012,2026-07-01,166330.0,127100.0,0.236,22660.0,16569.0,44050.0,37.3,45.6,35.9
Stable Market,OXC-013,2024-08-01,137032.0,107541.0,0.215,26648.0,2842.0,128674.0,45.4,34.6,42.4
Stable Market,OXC-013,2024-09-01,149171.0,113467.0,0.239,20413.0,15291.0,139838.0,43.5,38.4,42.8
Stable Market,OXC-013,2024-10-01,152032.0,115519.0,0.24,20192.0,16321.0,148578.0,48.5,33.0,39.6
Stable Market,OXC-013,2024-11-01,150924.0,120365.0,0.202,21559.0,8999.0,150291.0,48.9,33.7,35.0
Stable Market,OXC-013,2024-12-01,142947.0,112906.0,0.21,26343.0,3698.0,147052.0,49.4,27.7,24.2
Stable Market,OXC-013,2025-01-01,150116.0,117661.0,0.216,27386.0,5070.0,146604.0,51.9,49.8,35.6
Stable Market,OXC-013,2025-02-01,151584.0,115044.0,0.241,30401.0,6138.0,147939.0,52.1,48.4,22.8
Stable Market,OXC-013,2025-03-01,151967.0,115087.0,0.243,28492.0,8387.0,154189.0,51.8,36.8,39.4
Stable Market,OXC-013,2025-04-01,168542.0,131204.0,0.222,20404.0,16933.0,169782.0,52.7,48.8,20.2
Stable Market,OXC-013,2025-05-01,162670.0,126860.0,0.22,34130.0,1681.0,158815.0,52.2,49.8,30.1
Stable Market,OXC-013,2025-06-01,162242.0,125546.0,0.226,22378.0,14318.0,164585.0,50.5,43.3,24.1
Stable Market,OXC-013,2025-07-01,150610.0,116406.0,0.227,30258.0,3946.0,160617.0,52.0,34.2,34.1
Stable Market,OXC-013,2025-08-01,141917.0,106616.0,0.249,19650.0,15652.0,160564.0,53.8,41.5,36.6
Stable Market,OXC-013,2025-09-01,152011.0,121133.0,0.203,21230.0,9648.0,160200.0,56.2,25.1,35.9
Stable Market,OXC-013,2025-10-01,156416.0,128001.0,0.182,20922.0,7493.0,164424.0,54.1,35.7,20.8
Stable Market,OXC-013,2025-11-01,147934.0,115265.0,0.221,30617.0,2052.0,156769.0,53.7,47.9,39.9
Stable Market,OXC-013,2025-12-01,168899.0,133055.0,0.212,34980.0,865.0,153076.0,54.4,37.3,42.4
Stable Market,OXC-013,2026-01-01,149894.0,121470.0,0.19,30488.0,-2064.0,138838.0,52.4,37.0,22.4
Stable Market,OXC-013,2026-02-01,147687.0,109061.0,0.262,29415.0,9210.0,134760.0,50.3,38.7,38.8
Stable Market,OXC-013,2026-03-01,142908.0,106832.0,0.252,28977.0,7100.0,129603.0,47.9,31.0,31.9
Stable Market,OXC-013,2026-04-01,152391.0,118013.0,0.226,28385.0,5993.0,123788.0,46.9,31.3,23.1
Stable Market,OXC-013,2026-05-01,141812.0,114666.0,0.191,23553.0,3593.0,116800.0,47.7,26.2,21.2
Stable Market,OXC-013,2026-06-01,143583.0,111946.0,0.22,17698.0,13940.0,115667.0,47.6,39.0,39.2
Stable Market,OXC-013,2026-07-01,125039.0,96506.0,0.228,21665.0,6868.0,116508.0,50.0,40.8,23.8
Stable Market,OXC-014,2024-08-01,156253.0,106241.0,0.32,25004.0,25008.0,188237.0,56.7,34.3,41.5
Stable Market,OXC-014,2024-09-01,160131.0,115444.0,0.279,25169.0,19519.0,195063.0,55.0,25.1,27.6
Stable Market,OXC-014,2024-10-01,144077.0,104970.0,0.271,27607.0,11500.0,198757.0,54.0,49.7,30.9
Stable Market,OXC-014,2024-11-01,147812.0,105886.0,0.284,26652.0,15273.0,204637.0,54.6,47.8,21.0
Stable Market,OXC-014,2024-12-01,142532.0,99921.0,0.299,28488.0,14124.0,209824.0,52.7,44.4,27.2
Stable Market,OXC-014,2025-01-01,150015.0,111892.0,0.254,32676.0,5447.0,208332.0,54.1,46.0,20.3
Stable Market,OXC-014,2025-02-01,148195.0,110403.0,0.255,26094.0,11698.0,209684.0,54.3,47.5,40.3
Stable Market,OXC-014,2025-03-01,155572.0,111628.0,0.282,20783.0,23161.0,223970.0,59.9,28.6,35.0
Stable Market,OXC-014,2025-04-01,143733.0,100407.0,0.301,29590.0,13736.0,220133.0,57.6,41.4,41.6
Stable Market,OXC-014,2025-05-01,149041.0,106557.0,0.285,24043.0,18440.0,225407.0,56.3,39.5,34.0
Stable Market,OXC-014,2025-06-01,131556.0,94145.0,0.284,25201.0,12210.0,229407.0,55.5,46.5,42.1
Stable Market,OXC-014,2025-07-01,153179.0,108129.0,0.294,23716.0,21335.0,232507.0,58.5,41.9,27.2
Stable Market,OXC-014,2025-08-01,143272.0,102916.0,0.282,31037.0,9319.0,233197.0,60.2,45.6,42.3
Stable Market,OXC-014,2025-09-01,164448.0,117340.0,0.286,34152.0,12956.0,240219.0,63.1,42.6,21.2
Stable Market,OXC-014,2025-10-01,160135.0,116444.0,0.273,34988.0,8704.0,242073.0,66.4,34.1,33.7
Stable Market,OXC-014,2025-11-01,173426.0,123176.0,0.29,31001.0,19249.0,250738.0,66.1,38.1,43.1
Stable Market,OXC-014,2025-12-01,176563.0,121939.0,0.309,23279.0,31345.0,262319.0,67.7,26.9,25.7
Stable Market,OXC-014,2026-01-01,186916.0,139411.0,0.254,40751.0,6753.0,261488.0,67.4,29.6,42.6
Stable Market,OXC-014,2026-02-01,195324.0,142230.0,0.272,30910.0,22184.0,269346.0,67.2,34.8,30.0
Stable Market,OXC-014,2026-03-01,201513.0,146775.0,0.272,40590.0,14148.0,264541.0,70.0,26.4,31.7
Stable Market,OXC-014,2026-04-01,191695.0,139198.0,0.274,34119.0,18378.0,274155.0,69.5,30.8,36.2
Stable Market,OXC-014,2026-05-01,173483.0,124464.0,0.283,25781.0,23238.0,283250.0,69.7,29.2,28.0
Stable Market,OXC-014,2026-06-01,190856.0,148004.0,0.225,27858.0,14994.0,282387.0,72.3,31.7,24.2
Stable Market,OXC-014,2026-07-01,199038.0,134535.0,0.324,34873.0,29631.0,295351.0,73.1,36.6,42.4
Stable Market,OXC-015,2024-08-01,87274.0,67523.0,0.226,10636.0,9116.0,156752.0,35.7,28.4,33.8
Stable Market,OXC-015,2024-09-01,89243.0,68332.0,0.234,17020.0,3892.0,153148.0,31.2,36.3,32.3
Stable Market,OXC-015,2024-10-01,88623.0,67569.0,0.238,17511.0,3544.0,152602.0,30.7,41.3,41.9
Stable Market,OXC-015,2024-11-01,91417.0,70809.0,0.225,17038.0,3571.0,156272.0,25.4,39.6,43.7
Stable Market,OXC-015,2024-12-01,87808.0,72031.0,0.18,17420.0,-1643.0,151484.0,27.2,39.9,45.0
Stable Market,OXC-015,2025-01-01,89095.0,65736.0,0.262,16218.0,7142.0,146922.0,24.9,33.9,26.8
Stable Market,OXC-015,2025-02-01,88028.0,69693.0,0.208,15905.0,2430.0,149422.0,22.9,26.9,36.2
Stable Market,OXC-015,2025-03-01,89916.0,69651.0,0.225,15749.0,4516.0,153981.0,19.5,36.4,34.5
Stable Market,OXC-015,2025-04-01,88062.0,70055.0,0.204,18651.0,-644.0,145672.0,21.6,25.1,27.5
Stable Market,OXC-015,2025-05-01,81455.0,62608.0,0.231,12468.0,6378.0,147106.0,20.5,33.3,28.7
Stable Market,OXC-015,2025-06-01,71072.0,55323.0,0.222,12870.0,2879.0,146395.0,17.0,38.2,28.5
Stable Market,OXC-015,2025-07-01,79318.0,60540.0,0.237,17122.0,1656.0,153037.0,15.2,39.0,43.5
Stable Market,OXC-015,2025-08-01,80749.0,64275.0,0.204,11595.0,4879.0,147324.0,17.2,48.7,24.6
Stable Market,OXC-015,2025-09-01,76249.0,59860.0,0.215,14964.0,1425.0,148732.0,19.1,37.7,30.3
Stable Market,OXC-015,2025-10-01,80263.0,64327.0,0.199,12166.0,3771.0,153208.0,18.6,45.6,23.0
Stable Market,OXC-015,2025-11-01,79063.0,60671.0,0.233,10464.0,7927.0,159293.0,20.6,48.2,25.2
Stable Market,OXC-015,2025-12-01,79104.0,64676.0,0.182,12228.0,2199.0,160551.0,22.1,40.1,33.5
Stable Market,OXC-015,2026-01-01,71699.0,59916.0,0.164,13365.0,-1582.0,157988.0,20.1,27.3,33.8
Stable Market,OXC-015,2026-02-01,64988.0,55643.0,0.144,13606.0,-4261.0,149371.0,18.7,30.5,33.4
Stable Market,OXC-015,2026-03-01,54562.0,47238.0,0.134,11791.0,-4466.0,145488.0,22.6,37.8,30.4
Stable Market,OXC-015,2026-04-01,65401.0,52527.0,0.197,13628.0,-754.0,146482.0,26.1,29.6,32.4
Stable Market,OXC-015,2026-05-01,60939.0,46279.0,0.241,13377.0,1283.0,144639.0,25.7,43.8,43.0
Stable Market,OXC-015,2026-06-01,62156.0,45202.0,0.273,8655.0,8299.0,151353.0,24.6,46.4,20.5
Stable Market,OXC-015,2026-07-01,62455.0,49909.0,0.201,9594.0,2952.0,150731.0,23.5,41.3,34.5
Realistic Baseline,OXC-001,2024-08-01,149212.0,102378.0,0.314,22138.0,24697.0,109544.0,54.3,34.0,29.0
Realistic Baseline,OXC-001,2024-09-01,114918.0,77359.0,0.327,23525.0,14034.0,112410.0,54.3,30.2,20.7
Realistic Baseline,OXC-001,2024-10-01,125683.0,90718.0,0.278,15320.0,19645.0,114907.0,52.3,32.1,34.5
Realistic Baseline,OXC-001,2024-11-01,135590.0,97739.0,0.279,24736.0,13114.0,119677.0,53.6,31.4,28.4
Realistic Baseline,OXC-001,2024-12-01,137527.0,100892.0,0.266,26854.0,9781.0,113093.0,53.8,40.3,22.8
Realistic Baseline,OXC-001,2025-01-01,98646.0,69419.0,0.296,12031.0,17196.0,119514.0,53.6,43.2,29.0
Realistic Baseline,OXC-001,2025-02-01,112408.0,76107.0,0.323,17610.0,18691.0,128118.0,53.1,34.0,36.1
Realistic Baseline,OXC-001,2025-03-01,128136.0,86586.0,0.324,23781.0,17768.0,132935.0,54.9,54.8,32.2
Realistic Baseline,OXC-001,2025-04-01,107535.0,88158.0,0.18,20131.0,-754.0,130512.0,53.4,50.9,42.3
Realistic Baseline,OXC-001,2025-05-01,89327.0,69974.0,0.217,15511.0,3842.0,132354.0,54.9,48.2,36.0
Realistic Baseline,OXC-001,2025-06-01,95150.0,76149.0,0.2,15712.0,3289.0,130664.0,56.5,51.8,47.2
Realistic Baseline,OXC-001,2025-07-01,96507.0,76822.0,0.204,15327.0,4357.0,129483.0,55.7,38.6,26.7
Realistic Baseline,OXC-001,2025-08-01,51816.0,44749.0,0.136,10447.0,-3381.0,131406.0,54.0,48.9,42.2
Realistic Baseline,OXC-001,2025-09-01,38388.0,36024.0,0.062,5617.0,-3253.0,124261.0,53.6,39.1,41.0
Realistic Baseline,OXC-001,2025-10-01,23741.0,22871.0,0.037,4814.0,-3944.0,118678.0,52.3,53.6,36.6
Realistic Baseline,OXC-001,2025-11-01,20913.0,20703.0,0.01,4136.0,-3927.0,119994.0,53.6,43.3,47.2
Realistic Baseline,OXC-001,2025-12-01,10321.0,9721.0,0.058,1316.0,-716.0,119051.0,53.8,36.4,47.4
Realistic Baseline,OXC-001,2026-01-01,7889.0,7810.0,0.01,1668.0,-1590.0,111632.0,54.5,43.4,33.1
Realistic Baseline,OXC-001,2026-02-01,5612.0,5556.0,0.01,1057.0,-1001.0,112258.0,48.7,57.2,33.5
Realistic Baseline,OXC-001,2026-03-01,3000.0,2970.0,0.01,523.0,-493.0,114497.0,50.1,42.7,28.2
Realistic Baseline,OXC-001,2026-04-01,3000.0,2970.0,0.01,608.0,-578.0,121712.0,51.6,47.0,29.5
Realistic Baseline,OXC-001,2026-05-01,3000.0,2970.0,0.01,518.0,-488.0,130764.0,50.0,43.1,42.6
Realistic Baseline,OXC-001,2026-06-01,3000.0,2970.0,0.01,443.0,-413.0,131302.0,51.6,45.0,26.3
Realistic Baseline,OXC-001,2026-07-01,3000.0,2970.0,0.01,421.0,-391.0,130012.0,55.2,40.5,40.0
Realistic Baseline,OXC-002,2024-08-01,221610.0,160205.0,0.277,32432.0,28973.0,176794.0,50.5,37.1,24.1
Realistic Baseline,OXC-002,2024-09-01,202726.0,148172.0,0.269,40235.0,14319.0,185948.0,49.8,35.3,20.8
Realistic Baseline,OXC-002,2024-10-01,191857.0,150744.0,0.214,38388.0,2725.0,178855.0,51.0,46.3,35.8
Realistic Baseline,OXC-002,2024-11-01,203326.0,142851.0,0.297,36149.0,24326.0,193057.0,51.0,44.4,27.2
Realistic Baseline,OXC-002,2024-12-01,184687.0,133548.0,0.277,35835.0,15304.0,203374.0,51.7,39.4,41.8
Realistic Baseline,OXC-002,2025-01-01,223716.0,169180.0,0.244,45984.0,8552.0,203173.0,51.8,42.7,28.9
Realistic Baseline,OXC-002,2025-02-01,205913.0,152770.0,0.258,27423.0,25719.0,216655.0,55.1,47.4,29.4
Realistic Baseline,OXC-002,2025-03-01,174837.0,139245.0,0.204,28922.0,6669.0,216923.0,56.4,39.2,36.7
Realistic Baseline,OXC-002,2025-04-01,209600.0,155060.0,0.26,42553.0,11987.0,215076.0,59.8,39.6,24.7
Realistic Baseline,OXC-002,2025-05-01,196846.0,140548.0,0.286,29465.0,26833.0,234112.0,58.6,45.3,41.1
Realistic Baseline,OXC-002,2025-06-01,196787.0,144767.0,0.264,35713.0,16307.0,235275.0,59.5,39.5,30.5
Realistic Baseline,OXC-002,2025-07-01,227070.0,176333.0,0.223,37904.0,12833.0,240002.0,58.9,33.7,42.5
Realistic Baseline,OXC-002,2025-08-01,167489.0,125911.0,0.248,27289.0,14289.0,246987.0,59.5,46.8,41.2
Realistic Baseline,OXC-002,2025-09-01,188785.0,149783.0,0.207,30522.0,8480.0,247681.0,62.5,32.9,44.6
Realistic Baseline,OXC-002,2025-10-01,165953.0,121963.0,0.265,36016.0,7974.0,250265.0,66.7,47.2,28.7
Realistic Baseline,OXC-002,2025-11-01,184395.0,148586.0,0.194,35439.0,371.0,247132.0,65.1,34.6,29.4
Realistic Baseline,OXC-002,2025-12-01,174105.0,139511.0,0.199,32124.0,2469.0,237795.0,67.0,48.9,42.3
Realistic Baseline,OXC-002,2026-01-01,158822.0,117533.0,0.26,27240.0,14049.0,242724.0,68.8,37.7,36.8
Realistic Baseline,OXC-002,2026-02-01,140239.0,107978.0,0.23,20318.0,11942.0,248910.0,71.9,35.2,32.2
Realistic Baseline,OXC-002,2026-03-01,132120.0,102686.0,0.223,17780.0,11653.0,253274.0,69.4,36.0,37.8
Realistic Baseline,OXC-002,2026-04-01,129446.0,99802.0,0.229,26386.0,3258.0,246722.0,70.3,37.4,37.6
Realistic Baseline,OXC-002,2026-05-01,121067.0,93208.0,0.23,26506.0,1353.0,243589.0,73.4,32.4,28.1
Realistic Baseline,OXC-002,2026-06-01,113765.0,87791.0,0.228,24721.0,1253.0,244806.0,72.8,46.7,37.4
Realistic Baseline,OXC-002,2026-07-01,105779.0,80635.0,0.238,17419.0,7725.0,246080.0,72.4,27.6,43.8
Realistic Baseline,OXC-003,2024-08-01,187406.0,127020.0,0.322,40564.0,19822.0,136764.0,46.5,25.9,21.0
Realistic Baseline,OXC-003,2024-09-01,212086.0,164045.0,0.227,39757.0,8284.0,130616.0,45.9,38.4,27.4
Realistic Baseline,OXC-003,2024-10-01,185445.0,119166.0,0.357,33284.0,32994.0,140878.0,42.7,48.3,41.9
Realistic Baseline,OXC-003,2024-11-01,167634.0,110329.0,0.342,21264.0,36041.0,153526.0,44.4,30.2,39.7
Realistic Baseline,OXC-003,2024-12-01,204799.0,141721.0,0.308,35542.0,27536.0,164039.0,42.6,34.1,34.7
Realistic Baseline,OXC-003,2025-01-01,211499.0,153613.0,0.274,33354.0,24531.0,166781.0,42.1,39.4,39.7
Realistic Baseline,OXC-003,2025-02-01,164524.0,116058.0,0.295,21858.0,26608.0,171128.0,42.8,45.5,22.8
Realistic Baseline,OXC-003,2025-03-01,156336.0,122763.0,0.215,33601.0,-28.0,171842.0,44.3,35.0,27.4
Realistic Baseline,OXC-003,2025-04-01,121402.0,93140.0,0.233,22419.0,5842.0,175498.0,48.0,45.6,47.2
Realistic Baseline,OXC-003,2025-05-01,99675.0,78163.0,0.216,20766.0,746.0,172551.0,46.4,34.0,42.8
Realistic Baseline,OXC-003,2025-06-01,97226.0,84363.0,0.132,16278.0,-3415.0,170647.0,48.1,33.1,46.3
Realistic Baseline,OXC-003,2025-07-01,79042.0,68793.0,0.13,12257.0,-2008.0,162390.0,48.6,33.4,45.3
Realistic Baseline,OXC-003,2025-08-01,50675.0,45425.0,0.104,6213.0,-963.0,159167.0,46.1,45.5,43.9
Realistic Baseline,OXC-003,2025-09-01,47702.0,45383.0,0.049,7679.0,-5360.0,153772.0,46.3,42.6,48.1
Realistic Baseline,OXC-003,2025-10-01,37557.0,32943.0,0.123,7286.0,-2672.0,153790.0,45.9,48.7,38.5
Realistic Baseline,OXC-003,2025-11-01,21672.0,21455.0,0.01,4475.0,-4258.0,148294.0,44.0,39.1,40.1
Realistic Baseline,OXC-003,2025-12-01,17145.0,16974.0,0.01,3133.0,-2962.0,139735.0,41.3,43.1,39.1
Realistic Baseline,OXC-003,2026-01-01,9527.0,9432.0,0.01,1827.0,-1732.0,138461.0,42.8,36.8,30.9
Realistic Baseline,OXC-003,2026-02-01,5706.0,5649.0,0.01,1011.0,-954.0,128518.0,41.4,56.7,29.5
Realistic Baseline,OXC-003,2026-03-01,3426.0,3392.0,0.01,674.0,-640.0,136783.0,41.1,44.7,39.9
Realistic Baseline,OXC-003,2026-04-01,3000.0,2970.0,0.01,656.0,-626.0,132763.0,45.1,38.6,43.6
Realistic Baseline,OXC-003,2026-05-01,3000.0,2970.0,0.01,526.0,-496.0,132769.0,46.6,33.9,46.1
Realistic Baseline,OXC-003,2026-06-01,3000.0,2970.0,0.01,539.0,-509.0,129298.0,44.1,44.7,26.5
Realistic Baseline,OXC-003,2026-07-01,3000.0,2970.0,0.01,639.0,-609.0,128253.0,46.7,52.1,48.0
Realistic Baseline,OXC-004,2024-08-01,56028.0,43128.0,0.23,11758.0,1142.0,221486.0,36.4,41.2,22.1
Realistic Baseline,OXC-004,2024-09-01,63888.0,42060.0,0.342,10258.0,11570.0,226363.0,38.4,42.9,28.7
Realistic Baseline,OXC-004,2024-10-01,53732.0,34516.0,0.358,7938.0,11278.0,232564.0,41.1,26.4,40.7
Realistic Baseline,OXC-004,2024-11-01,58295.0,40460.0,0.306,11344.0,6491.0,233829.0,43.2,48.8,20.7
Realistic Baseline,OXC-004,2024-12-01,51690.0,36431.0,0.295,10898.0,4361.0,232741.0,43.1,25.2,29.3
Realistic Baseline,OXC-004,2025-01-01,50597.0,32825.0,0.351,9952.0,7820.0,234154.0,46.7,46.1,31.3
Realistic Baseline,OXC-004,2025-02-01,43453.0,30810.0,0.291,8215.0,4429.0,242500.0,49.0,51.2,22.0
Realistic Baseline,OXC-004,2025-03-01,36808.0,27035.0,0.266,6114.0,3659.0,246313.0,50.8,40.6,29.1
Realistic Baseline,OXC-004,2025-04-01,49864.0,37000.0,0.258,7225.0,5639.0,253945.0,53.2,55.6,48.5
Realistic Baseline,OXC-004,2025-05-01,46976.0,37328.0,0.205,7770.0,1878.0,253443.0,57.4,46.6,49.7
Realistic Baseline,OXC-004,2025-06-01,38466.0,30579.0,0.205,5979.0,1908.0,251684.0,60.2,46.2,27.2
Realistic Baseline,OXC-004,2025-07-01,35784.0,31067.0,0.132,5242.0,-525.0,248871.0,60.3,55.3,31.8
Realistic Baseline,OXC-004,2025-08-01,34550.0,30430.0,0.119,7432.0,-3312.0,243153.0,60.6,55.4,31.9
Realistic Baseline,OXC-004,2025-09-01,17326.0,15947.0,0.08,3110.0,-1731.0,240799.0,60.2,53.2,29.7
Realistic Baseline,OXC-004,2025-10-01,13813.0,13311.0,0.036,2342.0,-1840.0,239779.0,60.8,53.7,33.1
Realistic Baseline,OXC-004,2025-11-01,10092.0,9501.0,0.059,1277.0,-687.0,233769.0,62.0,57.8,40.2
Realistic Baseline,OXC-004,2025-12-01,8973.0,8718.0,0.028,1703.0,-1449.0,229795.0,63.3,40.1,50.3
Realistic Baseline,OXC-004,2026-01-01,5333.0,5277.0,0.011,794.0,-737.0,228954.0,62.7,50.2,40.4
Realistic Baseline,OXC-004,2026-02-01,3000.0,2970.0,0.01,524.0,-494.0,226938.0,61.2,55.0,45.1
Realistic Baseline,OXC-004,2026-03-01,3000.0,2970.0,0.01,649.0,-619.0,232444.0,59.3,42.9,34.0
Realistic Baseline,OXC-004,2026-04-01,3000.0,2970.0,0.01,545.0,-515.0,233658.0,60.4,53.1,37.2
Realistic Baseline,OXC-004,2026-05-01,3000.0,2970.0,0.01,614.0,-584.0,233699.0,62.7,41.1,30.3
Realistic Baseline,OXC-004,2026-06-01,3000.0,2970.0,0.01,653.0,-623.0,244252.0,63.2,52.1,42.7
Realistic Baseline,OXC-004,2026-07-01,3000.0,2970.0,0.01,394.0,-364.0,241331.0,62.6,35.5,26.9
Realistic Baseline,OXC-005,2024-08-01,157417.0,109653.0,0.303,27218.0,20546.0,220435.0,45.3,30.0,20.1
Realistic Baseline,OXC-005,2024-09-01,137514.0,93241.0,0.322,24025.0,20248.0,234767.0,47.2,36.1,30.0
Realistic Baseline,OXC-005,2024-10-01,142938.0,100754.0,0.295,23452.0,18732.0,241922.0,49.7,38.7,44.8
Realistic Baseline,OXC-005,2024-11-01,154880.0,102143.0,0.341,27364.0,25373.0,252017.0,46.2,49.7,22.4
Realistic Baseline,OXC-005,2024-12-01,142571.0,98080.0,0.312,27052.0,17440.0,266656.0,44.9,38.2,40.7
Realistic Baseline,OXC-005,2025-01-01,173599.0,125867.0,0.275,21283.0,26449.0,280782.0,43.1,31.4,43.1
Realistic Baseline,OXC-005,2025-02-01,150806.0,110629.0,0.266,29948.0,10228.0,283370.0,46.4,42.6,20.3
Realistic Baseline,OXC-005,2025-03-01,149990.0,112686.0,0.249,22550.0,14754.0,288046.0,46.2,49.8,40.8
Realistic Baseline,OXC-005,2025-04-01,145448.0,111436.0,0.234,27740.0,6273.0,282885.0,49.5,38.1,23.8
Realistic Baseline,OXC-005,2025-05-01,139777.0,100571.0,0.28,26032.0,13174.0,291493.0,49.4,27.5,20.7
Realistic Baseline,OXC-005,2025-06-01,149604.0,107219.0,0.283,28688.0,13697.0,300075.0,50.6,35.7,40.4
Realistic Baseline,OXC-005,2025-07-01,135376.0,99159.0,0.268,22434.0,13783.0,308792.0,49.0,25.4,43.1
Realistic Baseline,OXC-005,2025-08-01,129302.0,104672.0,0.19,22141.0,2489.0,312827.0,49.5,45.2,40.7
Realistic Baseline,OXC-005,2025-09-01,105931.0,68603.0,0.352,14687.0,22640.0,320762.0,50.5,35.3,28.9
Realistic Baseline,OXC-005,2025-10-01,106139.0,72897.0,0.313,19490.0,13752.0,328531.0,49.3,44.2,33.0
Realistic Baseline,OXC-005,2025-11-01,109602.0,78011.0,0.288,16536.0,15054.0,339721.0,50.3,36.0,38.1
Realistic Baseline,OXC-005,2025-12-01,89189.0,62283.0,0.302,14562.0,12344.0,351858.0,49.2,38.0,26.3
Realistic Baseline,OXC-005,2026-01-01,86029.0,58571.0,0.319,14701.0,12757.0,356734.0,46.7,47.6,38.3
Realistic Baseline,OXC-005,2026-02-01,100150.0,71082.0,0.29,13595.0,15473.0,361229.0,44.3,49.5,28.6
Realistic Baseline,OXC-005,2026-03-01,108115.0,72178.0,0.332,13165.0,22772.0,381414.0,45.3,37.5,43.9
Realistic Baseline,OXC-005,2026-04-01,113540.0,74801.0,0.341,15652.0,23087.0,393649.0,43.6,40.4,23.3
Realistic Baseline,OXC-005,2026-05-01,127441.0,81572.0,0.36,23334.0,22535.0,403508.0,43.0,39.6,23.6
Realistic Baseline,OXC-005,2026-06-01,103623.0,74638.0,0.28,20411.0,8574.0,409396.0,44.3,29.1,29.5
Realistic Baseline,OXC-005,2026-07-01,132866.0,112124.0,0.156,16028.0,4715.0,404329.0,41.6,32.8,43.2
Realistic Baseline,OXC-006,2024-08-01,112298.0,78521.0,0.301,16144.0,17633.0,142410.0,39.3,30.5,28.6
Realistic Baseline,OXC-006,2024-09-01,99340.0,70621.0,0.289,18928.0,9792.0,143998.0,39.8,28.5,32.1
Realistic Baseline,OXC-006,2024-10-01,94688.0,69802.0,0.263,14920.0,9966.0,142198.0,39.1,29.9,44.6
Realistic Baseline,OXC-006,2024-11-01,114822.0,86185.0,0.249,19577.0,9060.0,141931.0,41.1,45.8,21.1
Realistic Baseline,OXC-006,2024-12-01,133487.0,95143.0,0.287,25951.0,12393.0,138747.0,42.1,49.6,25.3
Realistic Baseline,OXC-006,2025-01-01,158737.0,105165.0,0.337,19454.0,34118.0,156704.0,42.0,40.9,25.0
Realistic Baseline,OXC-006,2025-02-01,126547.0,84485.0,0.332,17020.0,25042.0,170659.0,40.2,53.5,20.9
Realistic Baseline,OXC-006,2025-03-01,122329.0,84062.0,0.313,19981.0,18286.0,181284.0,38.7,51.7,23.7
Realistic Baseline,OXC-006,2025-04-01,123619.0,101945.0,0.175,18292.0,3383.0,175743.0,40.7,54.3,43.5
Realistic Baseline,OXC-006,2025-05-01,92160.0,74560.0,0.191,17700.0,-100.0,171654.0,37.2,52.7,45.0
Realistic Baseline,OXC-006,2025-06-01,118474.0,96171.0,0.188,15081.0,7222.0,169113.0,35.7,34.6,30.4
Realistic Baseline,OXC-006,2025-07-01,71456.0,60594.0,0.152,11566.0,-704.0,170800.0,32.0,38.0,37.3
Realistic Baseline,OXC-006,2025-08-01,69204.0,55970.0,0.191,14395.0,-1160.0,163776.0,36.3,41.7,30.0
Realistic Baseline,OXC-006,2025-09-01,35423.0,31342.0,0.115,4723.0,-641.0,159187.0,37.6,52.8,36.5
Realistic Baseline,OXC-006,2025-10-01,24429.0,23208.0,0.05,4732.0,-3511.0,154511.0,36.6,48.1,28.3
Realistic Baseline,OXC-006,2025-11-01,15210.0,15058.0,0.01,3125.0,-2973.0,155950.0,34.9,54.3,47.2
Realistic Baseline,OXC-006,2025-12-01,9108.0,8564.0,0.06,1372.0,-829.0,157650.0,37.1,53.5,30.3
Realistic Baseline,OXC-006,2026-01-01,7136.0,7064.0,0.01,1419.0,-1348.0,151982.0,33.3,34.7,36.3
Realistic Baseline,OXC-006,2026-02-01,3489.0,3454.0,0.01,672.0,-637.0,155471.0,34.5,39.4,43.1
Realistic Baseline,OXC-006,2026-03-01,3000.0,2970.0,0.01,371.0,-341.0,153830.0,37.2,40.2,43.2
Realistic Baseline,OXC-006,2026-04-01,3000.0,2970.0,0.01,489.0,-459.0,149560.0,35.6,38.0,39.7
Realistic Baseline,OXC-006,2026-05-01,3000.0,2970.0,0.01,565.0,-535.0,151732.0,34.8,34.1,41.4
Realistic Baseline,OXC-006,2026-06-01,3000.0,2970.0,0.01,565.0,-535.0,152640.0,37.6,40.9,32.0
Realistic Baseline,OXC-006,2026-07-01,3000.0,2970.0,0.01,534.0,-504.0,147553.0,38.6,49.1,38.6
Realistic Baseline,OXC-007,2024-08-01,119828.0,96584.0,0.194,22926.0,318.0,75065.0,51.1,46.4,33.0
Realistic Baseline,OXC-007,2024-09-01,125551.0,101411.0,0.192,20653.0,3487.0,75779.0,50.4,35.7,42.7
Realistic Baseline,OXC-007,2024-10-01,138078.0,119150.0,0.137,20061.0,-1134.0,73771.0,50.3,35.8,31.8
Realistic Baseline,OXC-007,2024-11-01,115810.0,94932.0,0.18,22339.0,-1461.0,67883.0,52.7,32.3,29.0
Realistic Baseline,OXC-007,2024-12-01,114959.0,86467.0,0.248,22571.0,5920.0,60348.0,51.2,37.7,41.7
Realistic Baseline,OXC-007,2025-01-01,131085.0,101906.0,0.223,27912.0,1267.0,60532.0,51.7,33.6,39.0
Realistic Baseline,OXC-007,2025-02-01,140236.0,119240.0,0.15,24444.0,-3448.0,51701.0,53.7,46.0,42.2
Realistic Baseline,OXC-007,2025-03-01,157103.0,122289.0,0.222,22935.0,11879.0,55386.0,55.1,44.7,38.8
Realistic Baseline,OXC-007,2025-04-01,167542.0,146707.0,0.124,25304.0,-4468.0,41940.0,52.2,37.8,39.7
Realistic Baseline,OXC-007,2025-05-01,137265.0,109369.0,0.203,27506.0,389.0,35027.0,52.0,34.9,40.7
Realistic Baseline,OXC-007,2025-06-01,186471.0,154755.0,0.17,28595.0,3120.0,37631.0,48.1,35.5,36.9
Realistic Baseline,OXC-007,2025-07-01,157118.0,143842.0,0.084,27069.0,-13793.0,30058.0,47.2,40.9,30.2
Realistic Baseline,OXC-007,2025-08-01,162116.0,140240.0,0.135,30421.0,-8545.0,24049.0,45.4,34.2,43.5
Realistic Baseline,OXC-007,2025-09-01,182625.0,150946.0,0.173,37974.0,-6295.0,14192.0,45.7,47.8,33.0
Realistic Baseline,OXC-007,2025-10-01,169638.0,131409.0,0.225,30238.0,7992.0,10964.0,48.9,42.9,43.1
Realistic Baseline,OXC-007,2025-11-01,210482.0,164039.0,0.221,35549.0,10894.0,18480.0,47.3,44.8,32.0
Realistic Baseline,OXC-007,2025-12-01,223754.0,188743.0,0.156,28968.0,6043.0,25297.0,47.3,46.8,28.3
Realistic Baseline,OXC-007,2026-01-01,253223.0,201950.0,0.202,41169.0,10104.0,22958.0,45.4,36.7,42.5
Realistic Baseline,OXC-007,2026-02-01,235375.0,178000.0,0.244,49219.0,8157.0,14379.0,44.6,28.3,40.1
Realistic Baseline,OXC-007,2026-03-01,207661.0,156507.0,0.246,43271.0,7884.0,9424.0,43.2,37.0,40.2
Realistic Baseline,OXC-007,2026-04-01,253361.0,192703.0,0.239,37098.0,23559.0,19183.0,40.6,35.4,44.5
Realistic Baseline,OXC-007,2026-05-01,205532.0,164889.0,0.198,26550.0,14093.0,15489.0,39.1,41.8,26.0
Realistic Baseline,OXC-007,2026-06-01,259228.0,219933.0,0.152,52984.0,-13689.0,500.0,39.3,28.3,28.9
Realistic Baseline,OXC-007,2026-07-01,210410.0,162721.0,0.227,35558.0,12132.0,500.0,38.8,30.6,29.2
Realistic Baseline,OXC-008,2024-08-01,129792.0,93657.0,0.278,27360.0,8775.0,228878.0,34.2,48.6,24.4
Realistic Baseline,OXC-008,2024-09-01,125833.0,95882.0,0.238,27015.0,2935.0,231847.0,35.0,26.1,38.4
Realistic Baseline,OXC-008,2024-10-01,142845.0,105266.0,0.263,18788.0,18791.0,242981.0,33.5,36.0,44.6
Realistic Baseline,OXC-008,2024-11-01,163190.0,130407.0,0.201,28816.0,3967.0,243770.0,35.5,35.1,22.2
Realistic Baseline,OXC-008,2024-12-01,163312.0,121308.0,0.257,25841.0,16163.0,241398.0,34.9,36.0,30.2
Realistic Baseline,OXC-008,2025-01-01,149805.0,109984.0,0.266,24360.0,15461.0,253287.0,35.3,28.8,26.1
Realistic Baseline,OXC-008,2025-02-01,127114.0,98643.0,0.224,20319.0,8153.0,261096.0,32.9,46.5,41.0
Realistic Baseline,OXC-008,2025-03-01,138237.0,112633.0,0.185,20474.0,5130.0,261064.0,31.1,43.3,43.5
Realistic Baseline,OXC-008,2025-04-01,133291.0,103538.0,0.223,18925.0,10828.0,258490.0,32.9,33.6,31.4
Realistic Baseline,OXC-008,2025-05-01,170528.0,125693.0,0.263,35939.0,8896.0,255806.0,34.4,26.9,27.0
Realistic Baseline,OXC-008,2025-06-01,170027.0,108859.0,0.36,28171.0,32998.0,277380.0,34.5,39.0,24.1
Realistic Baseline,OXC-008,2025-07-01,198553.0,159454.0,0.197,42010.0,-2911.0,267311.0,32.6,35.5,32.5
Realistic Baseline,OXC-008,2025-08-01,222049.0,170467.0,0.232,48679.0,2903.0,262361.0,32.1,34.3,36.2
Realistic Baseline,OXC-008,2025-09-01,204410.0,140851.0,0.311,35037.0,28522.0,271266.0,30.6,45.3,30.6
Realistic Baseline,OXC-008,2025-10-01,208153.0,156473.0,0.248,26763.0,24917.0,277830.0,28.6,37.9,26.1
Realistic Baseline,OXC-008,2025-11-01,182829.0,123529.0,0.324,35499.0,23801.0,293304.0,31.5,44.2,20.1
Realistic Baseline,OXC-008,2025-12-01,173589.0,132309.0,0.238,21598.0,19683.0,298861.0,31.2,39.4,21.1
Realistic Baseline,OXC-008,2026-01-01,164159.0,117025.0,0.287,21622.0,25511.0,311004.0,32.2,27.4,26.0
Realistic Baseline,OXC-008,2026-02-01,174300.0,125751.0,0.279,32528.0,16020.0,316106.0,33.1,36.8,32.3
Realistic Baseline,OXC-008,2026-03-01,177752.0,129659.0,0.271,28970.0,19122.0,316886.0,35.5,44.9,32.5
Realistic Baseline,OXC-008,2026-04-01,182153.0,133919.0,0.265,25051.0,23183.0,327341.0,36.9,36.2,38.5
Realistic Baseline,OXC-008,2026-05-01,171824.0,136674.0,0.205,26582.0,8568.0,330652.0,40.4,47.6,24.6
Realistic Baseline,OXC-008,2026-06-01,184815.0,146407.0,0.208,22988.0,15420.0,332387.0,41.8,32.5,36.4
Realistic Baseline,OXC-008,2026-07-01,200208.0,141740.0,0.292,28478.0,29990.0,349993.0,43.4,43.9,21.2
Realistic Baseline,OXC-009,2024-08-01,69916.0,51032.0,0.27,10954.0,7929.0,240272.0,32.6,40.9,34.4
Realistic Baseline,OXC-009,2024-09-01,78301.0,59143.0,0.245,15202.0,3957.0,243376.0,35.9,49.7,41.7
Realistic Baseline,OXC-009,2024-10-01,72869.0,53534.0,0.265,10616.0,8718.0,248116.0,38.5,29.3,25.8
Realistic Baseline,OXC-009,2024-11-01,69054.0,54234.0,0.215,13418.0,1402.0,243366.0,36.3,47.0,36.5
Realistic Baseline,OXC-009,2024-12-01,65823.0,50037.0,0.24,13096.0,2689.0,238706.0,36.0,36.9,22.6
Realistic Baseline,OXC-009,2025-01-01,66485.0,51046.0,0.232,10306.0,5133.0,237128.0,39.8,27.9,41.1
Realistic Baseline,OXC-009,2025-02-01,72233.0,55832.0,0.227,11994.0,4407.0,230397.0,37.4,43.5,37.0
Realistic Baseline,OXC-009,2025-03-01,67693.0,49108.0,0.275,12904.0,5681.0,231615.0,38.6,25.0,24.0
Realistic Baseline,OXC-009,2025-04-01,66662.0,46156.0,0.308,11859.0,8647.0,234714.0,36.0,34.5,33.9
Realistic Baseline,OXC-009,2025-05-01,66846.0,49943.0,0.253,12444.0,4459.0,235150.0,35.7,27.3,32.6
Realistic Baseline,OXC-009,2025-06-01,69326.0,49506.0,0.286,14780.0,5040.0,233455.0,35.2,25.1,37.7
Realistic Baseline,OXC-009,2025-07-01,59914.0,43511.0,0.274,10907.0,5497.0,235203.0,34.8,46.4,28.5
Realistic Baseline,OXC-009,2025-08-01,70569.0,56414.0,0.201,13099.0,1056.0,240045.0,36.0,28.3,31.1
Realistic Baseline,OXC-009,2025-09-01,71814.0,55049.0,0.233,10346.0,6418.0,244946.0,37.8,41.8,35.9
Realistic Baseline,OXC-009,2025-10-01,67654.0,55189.0,0.184,11367.0,1098.0,244580.0,35.9,51.4,41.8
Realistic Baseline,OXC-009,2025-11-01,54178.0,45358.0,0.163,11436.0,-2615.0,241520.0,37.2,45.1,26.6
Realistic Baseline,OXC-009,2025-12-01,58382.0,51669.0,0.115,9010.0,-2297.0,232836.0,39.0,33.8,47.8
Realistic Baseline,OXC-009,2026-01-01,49188.0,44418.0,0.097,5975.0,-1205.0,232533.0,40.2,47.0,34.2
Realistic Baseline,OXC-009,2026-02-01,47391.0,40376.0,0.148,8334.0,-1320.0,227605.0,40.7,41.9,45.7
Realistic Baseline,OXC-009,2026-03-01,39334.0,34895.0,0.113,6204.0,-1766.0,224946.0,41.3,50.4,46.9
Realistic Baseline,OXC-009,2026-04-01,36676.0,36088.0,0.016,5818.0,-5230.0,214039.0,42.9,41.8,30.7
Realistic Baseline,OXC-009,2026-05-01,27289.0,26770.0,0.019,4709.0,-4190.0,205957.0,42.0,36.9,44.6
Realistic Baseline,OXC-009,2026-06-01,19494.0,19068.0,0.022,3474.0,-3048.0,204902.0,41.7,35.6,40.2
Realistic Baseline,OXC-009,2026-07-01,12273.0,12151.0,0.01,2636.0,-2513.0,208807.0,41.1,34.9,47.7
Realistic Baseline,OXC-010,2024-08-01,174823.0,139566.0,0.202,38010.0,-2753.0,70419.0,41.9,31.6,33.5
Realistic Baseline,OXC-010,2024-09-01,160399.0,125953.0,0.215,27715.0,6731.0,75810.0,40.5,29.5,38.5
Realistic Baseline,OXC-010,2024-10-01,156645.0,120568.0,0.23,27892.0,8186.0,70049.0,39.3,39.9,37.7
Realistic Baseline,OXC-010,2024-11-01,225854.0,168161.0,0.255,35414.0,22279.0,76967.0,41.8,41.6,44.9
Realistic Baseline,OXC-010,2024-12-01,173122.0,136912.0,0.209,24939.0,11271.0,69820.0,38.5,31.2,35.4
Realistic Baseline,OXC-010,2025-01-01,139041.0,111154.0,0.201,18365.0,9522.0,69181.0,40.0,39.0,32.4
Realistic Baseline,OXC-010,2025-02-01,152054.0,121309.0,0.202,32035.0,-1290.0,68729.0,36.4,36.4,44.5
Realistic Baseline,OXC-010,2025-03-01,140903.0,113297.0,0.196,18931.0,8675.0,69206.0,35.5,31.3,35.0
Realistic Baseline,OXC-010,2025-04-01,191205.0,149210.0,0.22,26674.0,15322.0,71215.0,33.5,31.7,30.4
Realistic Baseline,OXC-010,2025-05-01,181751.0,131500.0,0.276,30371.0,19879.0,87752.0,33.0,45.1,31.5
Realistic Baseline,OXC-010,2025-06-01,209337.0,150108.0,0.283,39787.0,19441.0,96544.0,32.2,26.8,20.7
Realistic Baseline,OXC-010,2025-07-01,215699.0,180590.0,0.163,32360.0,2749.0,95072.0,33.9,35.3,32.1
Realistic Baseline,OXC-010,2025-08-01,202267.0,155291.0,0.232,41438.0,5538.0,91938.0,34.8,27.4,30.3
Realistic Baseline,OXC-010,2025-09-01,230041.0,170653.0,0.258,46166.0,13223.0,95013.0,35.9,28.9,35.8
Realistic Baseline,OXC-010,2025-10-01,209639.0,158662.0,0.243,34165.0,16812.0,104934.0,33.6,33.2,31.5
Realistic Baseline,OXC-010,2025-11-01,179621.0,121586.0,0.323,30422.0,27612.0,110877.0,33.0,27.0,40.5
Realistic Baseline,OXC-010,2025-12-01,169086.0,113233.0,0.33,30582.0,25271.0,119750.0,33.4,27.8,40.6
Realistic Baseline,OXC-010,2026-01-01,168890.0,130186.0,0.229,31622.0,7082.0,125720.0,31.3,33.2,32.6
Realistic Baseline,OXC-010,2026-02-01,162792.0,120028.0,0.263,27182.0,15581.0,124625.0,34.3,45.3,28.8
Realistic Baseline,OXC-010,2026-03-01,148665.0,119188.0,0.198,23115.0,6362.0,126592.0,37.1,34.5,22.8
Realistic Baseline,OXC-010,2026-04-01,158006.0,121157.0,0.233,30200.0,6649.0,122873.0,37.5,39.8,23.1
Realistic Baseline,OXC-010,2026-05-01,143039.0,110527.0,0.227,24901.0,7610.0,128347.0,37.2,42.7,34.0
Realistic Baseline,OXC-010,2026-06-01,187946.0,164915.0,0.123,37596.0,-14566.0,113582.0,38.6,47.2,30.9
Realistic Baseline,OXC-010,2026-07-01,164136.0,121123.0,0.262,23420.0,19593.0,124887.0,40.3,32.7,34.7
Realistic Baseline,OXC-011,2024-08-01,232397.0,186520.0,0.197,43109.0,2767.0,109460.0,35.0,45.6,20.4
Realistic Baseline,OXC-011,2024-09-01,172789.0,147103.0,0.149,29074.0,-3389.0,107462.0,34.9,27.6,37.7
Realistic Baseline,OXC-011,2024-10-01,175613.0,130799.0,0.255,23488.0,21327.0,114596.0,37.6,27.3,38.3
Realistic Baseline,OXC-011,2024-11-01,134097.0,108524.0,0.191,27797.0,-2224.0,109495.0,34.3,35.7,35.9
Realistic Baseline,OXC-011,2024-12-01,138913.0,111578.0,0.197,18015.0,9321.0,109345.0,35.7,34.1,20.4
Realistic Baseline,OXC-011,2025-01-01,124875.0,105366.0,0.156,16687.0,2822.0,102755.0,34.1,39.7,39.7
Realistic Baseline,OXC-011,2025-02-01,133618.0,102194.0,0.235,19105.0,12319.0,102661.0,35.3,41.4,34.9
Realistic Baseline,OXC-011,2025-03-01,122158.0,97789.0,0.199,23946.0,422.0,101270.0,39.4,47.9,38.8
Realistic Baseline,OXC-011,2025-04-01,117098.0,95040.0,0.188,18666.0,3391.0,99041.0,37.0,47.5,40.8
Realistic Baseline,OXC-011,2025-05-01,109006.0,88546.0,0.188,22839.0,-2380.0,93642.0,39.7,25.5,32.7
Realistic Baseline,OXC-011,2025-06-01,117480.0,89009.0,0.242,16158.0,12313.0,99830.0,42.8,32.3,44.4
Realistic Baseline,OXC-011,2025-07-01,107021.0,82803.0,0.226,15689.0,8528.0,97285.0,42.3,34.3,20.0
Realistic Baseline,OXC-011,2025-08-01,138570.0,101405.0,0.268,18790.0,18375.0,95817.0,43.0,46.0,42.2
Realistic Baseline,OXC-011,2025-09-01,126298.0,105296.0,0.166,27252.0,-6250.0,86685.0,45.8,28.0,38.6
Realistic Baseline,OXC-011,2025-10-01,120324.0,98058.0,0.185,15576.0,6690.0,84181.0,46.9,42.5,24.4
Realistic Baseline,OXC-011,2025-11-01,144073.0,105499.0,0.268,26804.0,11770.0,87623.0,47.9,48.2,24.1
Realistic Baseline,OXC-011,2025-12-01,119089.0,82838.0,0.304,23527.0,12724.0,84220.0,48.7,25.1,26.9
Realistic Baseline,OXC-011,2026-01-01,126939.0,96970.0,0.236,18303.0,11666.0,88873.0,48.0,42.0,28.6
Realistic Baseline,OXC-011,2026-02-01,141477.0,105408.0,0.255,21215.0,14854.0,92778.0,49.5,42.9,21.1
Realistic Baseline,OXC-011,2026-03-01,120107.0,99797.0,0.169,14739.0,5571.0,89214.0,46.7,31.7,22.1
Realistic Baseline,OXC-011,2026-04-01,106254.0,85147.0,0.199,15833.0,5274.0,90505.0,48.5,44.2,44.7
Realistic Baseline,OXC-011,2026-05-01,111260.0,83324.0,0.251,16729.0,11208.0,86515.0,44.8,31.6,34.3
Realistic Baseline,OXC-011,2026-06-01,108100.0,85127.0,0.213,16713.0,6260.0,89268.0,48.5,42.9,43.9
Realistic Baseline,OXC-011,2026-07-01,118319.0,95448.0,0.193,21817.0,1054.0,91231.0,49.1,28.1,21.7
Realistic Baseline,OXC-012,2024-08-01,177662.0,135500.0,0.237,26387.0,15774.0,129221.0,37.4,46.7,27.1
Realistic Baseline,OXC-012,2024-09-01,139277.0,111875.0,0.197,19109.0,8294.0,128769.0,38.4,44.5,22.4
Realistic Baseline,OXC-012,2024-10-01,192902.0,158862.0,0.176,33067.0,972.0,119555.0,40.4,32.4,23.4
Realistic Baseline,OXC-012,2024-11-01,209242.0,176600.0,0.156,28320.0,4322.0,114522.0,39.3,26.7,36.9
Realistic Baseline,OXC-012,2024-12-01,184204.0,141377.0,0.232,39826.0,3000.0,108302.0,39.0,28.3,28.9
Realistic Baseline,OXC-012,2025-01-01,211519.0,161067.0,0.239,32791.0,17661.0,119318.0,40.0,33.9,37.8
Realistic Baseline,OXC-012,2025-02-01,253460.0,199120.0,0.214,49574.0,4766.0,115908.0,38.8,36.9,41.2
Realistic Baseline,OXC-012,2025-03-01,230643.0,193136.0,0.163,32158.0,5349.0,122513.0,38.2,32.9,29.7
Realistic Baseline,OXC-012,2025-04-01,254335.0,196778.0,0.226,48402.0,9155.0,127087.0,37.0,48.9,39.9
Realistic Baseline,OXC-012,2025-05-01,315256.0,279234.0,0.114,51734.0,-15712.0,100805.0,36.7,46.6,34.4
Realistic Baseline,OXC-012,2025-06-01,245659.0,203199.0,0.173,53164.0,-10704.0,86172.0,39.8,31.8,26.4
Realistic Baseline,OXC-012,2025-07-01,265359.0,208126.0,0.216,54814.0,2419.0,79068.0,38.9,43.2,22.0
Realistic Baseline,OXC-012,2025-08-01,204420.0,163080.0,0.202,26674.0,14666.0,84447.0,37.6,26.2,25.9
Realistic Baseline,OXC-012,2025-09-01,219734.0,190524.0,0.133,37883.0,-8674.0,79668.0,40.5,32.8,38.8
Realistic Baseline,OXC-012,2025-10-01,189034.0,141143.0,0.253,38580.0,9311.0,80526.0,42.3,44.4,27.2
Realistic Baseline,OXC-012,2025-11-01,193108.0,141863.0,0.265,30576.0,20668.0,96876.0,40.9,39.1,30.5
Realistic Baseline,OXC-012,2025-12-01,182950.0,147770.0,0.192,29084.0,6096.0,95792.0,40.6,37.0,39.1
Realistic Baseline,OXC-012,2026-01-01,136282.0,104243.0,0.235,22046.0,9994.0,100758.0,43.1,35.0,27.6
Realistic Baseline,OXC-012,2026-02-01,146686.0,113790.0,0.224,28518.0,4379.0,96236.0,46.3,25.8,40.7
Realistic Baseline,OXC-012,2026-03-01,129165.0,107481.0,0.168,25842.0,-4158.0,91451.0,45.5,38.8,25.8
Realistic Baseline,OXC-012,2026-04-01,131772.0,101727.0,0.228,22039.0,8005.0,92476.0,44.8,33.6,24.3
Realistic Baseline,OXC-012,2026-05-01,153106.0,129017.0,0.157,21566.0,2523.0,90197.0,45.0,35.2,38.5
Realistic Baseline,OXC-012,2026-06-01,104868.0,79149.0,0.245,17991.0,7728.0,86574.0,48.7,48.9,41.6
Realistic Baseline,OXC-012,2026-07-01,124263.0,102761.0,0.173,19274.0,2228.0,81353.0,49.7,43.1,38.9
Realistic Baseline,OXC-013,2024-08-01,177461.0,115306.0,0.35,36720.0,25434.0,198032.0,42.1,46.9,39.0
Realistic Baseline,OXC-013,2024-09-01,193501.0,143895.0,0.256,24223.0,25382.0,207323.0,42.3,44.4,35.4
Realistic Baseline,OXC-013,2024-10-01,170356.0,118446.0,0.305,28609.0,23301.0,219896.0,44.5,33.5,26.4
Realistic Baseline,OXC-013,2024-11-01,182903.0,117117.0,0.36,27801.0,37985.0,242961.0,47.7,36.2,43.7
Realistic Baseline,OXC-013,2024-12-01,182984.0,130338.0,0.288,35838.0,16808.0,245112.0,49.2,30.3,22.8
Realistic Baseline,OXC-013,2025-01-01,164914.0,112099.0,0.32,21081.0,31734.0,257339.0,49.0,41.4,22.3
Realistic Baseline,OXC-013,2025-02-01,149754.0,101857.0,0.32,32119.0,15778.0,264230.0,50.8,48.3,22.6
Realistic Baseline,OXC-013,2025-03-01,164198.0,123133.0,0.25,27192.0,13873.0,268044.0,47.8,38.9,26.1
Realistic Baseline,OXC-013,2025-04-01,153065.0,110078.0,0.281,20910.0,22077.0,275779.0,45.4,30.3,38.7
Realistic Baseline,OXC-013,2025-05-01,149184.0,97067.0,0.349,25559.0,26558.0,287169.0,43.4,41.4,23.6
Realistic Baseline,OXC-013,2025-06-01,178142.0,112553.0,0.368,25856.0,39732.0,309990.0,40.2,36.5,44.5
Realistic Baseline,OXC-013,2025-07-01,180225.0,126501.0,0.298,34277.0,19447.0,310317.0,41.1,32.3,39.3
Realistic Baseline,OXC-013,2025-08-01,147445.0,92083.0,0.375,23717.0,31645.0,329924.0,41.7,39.1,43.8
Realistic Baseline,OXC-013,2025-09-01,146593.0,100291.0,0.316,22281.0,24021.0,341687.0,40.1,26.4,33.7
Realistic Baseline,OXC-013,2025-10-01,135649.0,87895.0,0.352,28844.0,18911.0,346240.0,40.4,31.0,39.8
Realistic Baseline,OXC-013,2025-11-01,146905.0,99680.0,0.321,18082.0,29142.0,364242.0,42.9,31.0,28.7
Realistic Baseline,OXC-013,2025-12-01,133206.0,87689.0,0.342,16242.0,29275.0,380542.0,43.2,28.4,43.7
Realistic Baseline,OXC-013,2026-01-01,152193.0,105878.0,0.304,29205.0,17110.0,390180.0,43.8,45.3,24.0
Realistic Baseline,OXC-013,2026-02-01,125242.0,77315.0,0.383,19680.0,28247.0,407118.0,45.7,38.1,22.0
Realistic Baseline,OXC-013,2026-03-01,164334.0,114391.0,0.304,24065.0,25878.0,418071.0,45.4,44.3,25.4
Realistic Baseline,OXC-013,2026-04-01,160232.0,108922.0,0.32,33157.0,18153.0,419572.0,48.3,36.0,34.8
Realistic Baseline,OXC-013,2026-05-01,155242.0,108202.0,0.303,28676.0,18364.0,416677.0,47.7,37.1,22.1
Realistic Baseline,OXC-013,2026-06-01,162094.0,121195.0,0.252,35292.0,5607.0,415967.0,46.1,33.4,33.4
Realistic Baseline,OXC-013,2026-07-01,165715.0,119167.0,0.281,27464.0,19084.0,424829.0,43.3,35.2,20.1
Realistic Baseline,OXC-014,2024-08-01,84714.0,68254.0,0.194,12312.0,4148.0,104337.0,53.1,34.4,21.2
Realistic Baseline,OXC-014,2024-09-01,97122.0,78697.0,0.19,18061.0,364.0,100443.0,52.2,46.1,21.8
Realistic Baseline,OXC-014,2024-10-01,81837.0,67942.0,0.17,16922.0,-3028.0,105500.0,50.8,26.0,32.8
Realistic Baseline,OXC-014,2024-11-01,75558.0,55407.0,0.267,9506.0,10645.0,115396.0,52.2,26.8,30.9
Realistic Baseline,OXC-014,2024-12-01,67976.0,57718.0,0.151,9921.0,338.0,104021.0,55.4,49.2,24.5
Realistic Baseline,OXC-014,2025-01-01,77865.0,59421.0,0.237,16132.0,2313.0,101985.0,55.7,25.4,26.3
Realistic Baseline,OXC-014,2025-02-01,67294.0,53241.0,0.209,9822.0,4232.0,103720.0,50.9,33.6,38.8
Realistic Baseline,OXC-014,2025-03-01,55323.0,44058.0,0.204,10695.0,570.0,102650.0,51.5,37.0,22.0
Realistic Baseline,OXC-014,2025-04-01,71332.0,58285.0,0.183,12273.0,775.0,98363.0,50.1,39.0,36.0
Realistic Baseline,OXC-014,2025-05-01,66941.0,54889.0,0.18,10183.0,1869.0,105208.0,49.7,33.4,25.1
Realistic Baseline,OXC-014,2025-06-01,62789.0,50505.0,0.196,11836.0,448.0,103735.0,49.8,25.5,30.2
Realistic Baseline,OXC-014,2025-07-01,55664.0,48725.0,0.125,9071.0,-2132.0,100237.0,50.1,38.9,31.5
Realistic Baseline,OXC-014,2025-08-01,69878.0,61390.0,0.121,12188.0,-3700.0,94905.0,50.4,41.7,34.5
Realistic Baseline,OXC-014,2025-09-01,67794.0,56417.0,0.168,9105.0,2272.0,97832.0,51.5,25.7,43.8
Realistic Baseline,OXC-014,2025-10-01,73475.0,53615.0,0.27,10045.0,9815.0,106895.0,54.8,47.8,38.9
Realistic Baseline,OXC-014,2025-11-01,67956.0,54455.0,0.199,12832.0,670.0,100110.0,57.2,44.1,24.6
Realistic Baseline,OXC-014,2025-12-01,61866.0,48933.0,0.209,9861.0,3073.0,96961.0,53.3,48.4,38.8
Realistic Baseline,OXC-014,2026-01-01,81372.0,69037.0,0.152,17678.0,-5343.0,93831.0,51.8,32.2,40.7
Realistic Baseline,OXC-014,2026-02-01,74257.0,58237.0,0.216,11374.0,4647.0,92721.0,51.2,46.9,37.7
Realistic Baseline,OXC-014,2026-03-01,73546.0,57188.0,0.222,11311.0,5047.0,95554.0,53.1,35.5,43.9
Realistic Baseline,OXC-014,2026-04-01,70752.0,56554.0,0.201,12176.0,2022.0,94617.0,54.7,43.2,26.9
Realistic Baseline,OXC-014,2026-05-01,78578.0,69078.0,0.121,13226.0,-3725.0,89975.0,52.8,46.9,28.4
Realistic Baseline,OXC-014,2026-06-01,75793.0,60468.0,0.202,10404.0,4920.0,94883.0,50.5,31.6,31.0
Realistic Baseline,OXC-014,2026-07-01,86673.0,62651.0,0.277,13053.0,10969.0,95732.0,47.0,45.4,36.1
Realistic Baseline,OXC-015,2024-08-01,184096.0,139469.0,0.242,32130.0,12497.0,247452.0,52.6,48.1,23.0
Realistic Baseline,OXC-015,2024-09-01,149337.0,105815.0,0.291,32373.0,11148.0,248983.0,50.8,35.5,41.3
Realistic Baseline,OXC-015,2024-10-01,177743.0,124645.0,0.299,37109.0,15989.0,256259.0,47.9,26.0,35.8
Realistic Baseline,OXC-015,2024-11-01,131217.0,90333.0,0.312,24229.0,16655.0,265471.0,47.1,31.6,44.1
Realistic Baseline,OXC-015,2024-12-01,172948.0,137173.0,0.207,33560.0,2215.0,259255.0,49.4,49.7,34.7
Realistic Baseline,OXC-015,2025-01-01,207693.0,153691.0,0.26,43056.0,10946.0,266767.0,52.9,44.4,21.2
Realistic Baseline,OXC-015,2025-02-01,180550.0,133046.0,0.263,35007.0,12497.0,264666.0,54.7,35.6,43.8
Realistic Baseline,OXC-015,2025-03-01,184495.0,141618.0,0.232,25686.0,17191.0,277561.0,56.1,40.4,32.3
Realistic Baseline,OXC-015,2025-04-01,155415.0,116325.0,0.252,21438.0,17652.0,289047.0,60.6,48.4,37.1
Realistic Baseline,OXC-015,2025-05-01,161468.0,117020.0,0.275,24337.0,20111.0,300601.0,60.6,27.8,34.2
Realistic Baseline,OXC-015,2025-06-01,143546.0,110786.0,0.228,26957.0,5802.0,295958.0,59.8,47.3,28.9
Realistic Baseline,OXC-015,2025-07-01,158596.0,113023.0,0.287,28032.0,17541.0,298033.0,59.1,45.8,41.8
Realistic Baseline,OXC-015,2025-08-01,139194.0,109949.0,0.21,26947.0,2299.0,301661.0,60.5,38.6,32.7
Realistic Baseline,OXC-015,2025-09-01,125493.0,84222.0,0.329,19910.0,21361.0,315973.0,62.4,48.7,39.4
Realistic Baseline,OXC-015,2025-10-01,116900.0,90965.0,0.222,21490.0,4446.0,313350.0,60.1,33.2,43.8
Realistic Baseline,OXC-015,2025-11-01,110934.0,82800.0,0.254,21764.0,6370.0,311913.0,62.5,42.3,25.9
Realistic Baseline,OXC-015,2025-12-01,101560.0,71946.0,0.292,13587.0,16026.0,316169.0,64.7,27.3,42.2
Realistic Baseline,OXC-015,2026-01-01,101657.0,81341.0,0.2,22160.0,-1844.0,305686.0,62.3,42.2,44.2
Realistic Baseline,OXC-015,2026-02-01,108071.0,79348.0,0.266,21073.0,7651.0,305733.0,62.0,35.8,23.3
Realistic Baseline,OXC-015,2026-03-01,111750.0,81867.0,0.267,14223.0,15660.0,306707.0,59.9,29.4,29.8
Realistic Baseline,OXC-015,2026-04-01,96708.0,71970.0,0.256,13078.0,11659.0,306901.0,59.4,37.9,28.2
Realistic Baseline,OXC-015,2026-05-01,105601.0,78466.0,0.257,19438.0,7698.0,307934.0,59.2,47.5,22.6
Realistic Baseline,OXC-015,2026-06-01,98201.0,71007.0,0.277,19458.0,7736.0,306347.0,63.3,28.7,43.5
Realistic Baseline,OXC-015,2026-07-01,99918.0,77635.0,0.223,17865.0,4419.0,306517.0,66.3,37.4,28.8
"Stressed / Crisis (FX shock, drought, rate spike)",OXC-001,2024-08-01,158016.0,102755.0,0.35,25461.0,29800.0,213230.0,38.3,31.7,27.5
"Stressed / Crisis (FX shock, drought, rate spike)",OXC-001,2024-09-01,155864.0,93919.0,0.397,19152.0,42793.0,240989.0,38.4,25.2,20.9
"Stressed / Crisis (FX shock, drought, rate spike)",OXC-001,2024-10-01,160610.0,106618.0,0.336,34402.0,19590.0,240573.0,35.1,40.7,23.9
"Stressed / Crisis (FX shock, drought, rate spike)",OXC-001,2024-11-01,162893.0,117817.0,0.277,29699.0,15377.0,242418.0,34.4,31.6,20.1
"Stressed / Crisis (FX shock, drought, rate spike)",OXC-001,2024-12-01,219730.0,150732.0,0.314,43898.0,25100.0,240154.0,36.9,42.0,23.4
"Stressed / Crisis (FX shock, drought, rate spike)",OXC-001,2025-01-01,194952.0,128527.0,0.341,36496.0,29930.0,252044.0,36.6,39.5,27.4
"Stressed / Crisis (FX shock, drought, rate spike)",OXC-001,2025-02-01,173866.0,124788.0,0.282,27076.0,22002.0,260797.0,36.4,27.1,25.2
"Stressed / Crisis (FX shock, drought, rate spike)",OXC-001,2025-03-01,145785.0,97526.0,0.331,25278.0,22981.0,269558.0,34.6,37.8,35.1
"Stressed / Crisis (FX shock, drought, rate spike)",OXC-001,2025-04-01,180213.0,133868.0,0.257,37962.0,8382.0,269447.0,35.8,34.3,38.6
"Stressed / Crisis (FX shock, drought, rate spike)",OXC-001,2025-05-01,229264.0,167446.0,0.27,35598.0,26221.0,284055.0,35.9,34.8,21.9
"Stressed / Crisis (FX shock, drought, rate spike)",OXC-001,2025-06-01,241287.0,147345.0,0.389,31837.0,62105.0,316545.0,35.5,42.6,33.8
"Stressed / Crisis (FX shock, drought, rate spike)",OXC-001,2025-07-01,198993.0,121296.0,0.39,42769.0,34927.0,333303.0,37.4,33.0,43.7
"Stressed / Crisis (FX shock, drought, rate spike)",OXC-001,2025-08-01,190625.0,158955.0,0.166,30589.0,1080.0,324165.0,39.2,39.4,23.9
"Stressed / Crisis (FX shock, drought, rate spike)",OXC-001,2025-09-01,145971.0,96775.0,0.337,19960.0,29236.0,332737.0,40.0,25.3,25.2
"Stressed / Crisis (FX shock, drought, rate spike)",OXC-001,2025-10-01,174085.0,128271.0,0.263,34314.0,11499.0,327452.0,41.9,48.8,41.2
"Stressed / Crisis (FX shock, drought, rate spike)",OXC-001,2025-11-01,225218.0,170927.0,0.241,48828.0,5463.0,325249.0,40.6,26.5,39.3
"Stressed / Crisis (FX shock, drought, rate spike)",OXC-001,2025-12-01,165465.0,120638.0,0.271,21954.0,22874.0,334368.0,43.4,27.5,35.3
"Stressed / Crisis (FX shock, drought, rate spike)",OXC-001,2026-01-01,193194.0,131913.0,0.317,24624.0,36657.0,352127.0,44.7,43.1,22.7
"Stressed / Crisis (FX shock, drought, rate spike)",OXC-001,2026-02-01,262810.0,178623.0,0.32,50180.0,34006.0,362686.0,44.5,42.4,37.6
"Stressed / Crisis (FX shock, drought, rate spike)",OXC-001,2026-03-01,208098.0,138216.0,0.336,25525.0,44357.0,386237.0,44.2,44.5,38.8
"Stressed / Crisis (FX shock, drought, rate spike)",OXC-001,2026-04-01,243720.0,158538.0,0.35,43152.0,42031.0,403554.0,43.6,36.0,26.9
"Stressed / Crisis (FX shock, drought, rate spike)",OXC-001,2026-05-01,406652.0,293329.0,0.279,85239.0,28084.0,413802.0,42.9,34.1,26.9
"Stressed / Crisis (FX shock, drought, rate spike)",OXC-001,2026-06-01,285228.0,237628.0,0.167,62505.0,-14905.0,392012.0,43.4,35.3,25.2
"Stressed / Crisis (FX shock, drought, rate spike)",OXC-001,2026-07-01,291666.0,213480.0,0.268,48357.0,29829.0,401597.0,45.4,48.5,30.2
"Stressed / Crisis (FX shock, drought, rate spike)",OXC-002,2024-08-01,34458.0,19004.0,0.449,4656.0,10799.0,182748.0,31.2,41.5,26.5
"Stressed / Crisis (FX shock, drought, rate spike)",OXC-002,2024-09-01,39645.0,25760.0,0.35,7667.0,6218.0,191011.0,30.5,45.4,20.3
"Stressed / Crisis (FX shock, drought, rate spike)",OXC-002,2024-10-01,24996.0,18500.0,0.26,3424.0,3072.0,190253.0,30.2,40.1,28.0
"Stressed / Crisis (FX shock, drought, rate spike)",OXC-002,2024-11-01,35976.0,22292.0,0.38,6043.0,7642.0,184476.0,29.0,39.0,43.1
"Stressed / Crisis (FX shock, drought, rate spike)",OXC-002,2024-12-01,35547.0,20901.0,0.412,4562.0,10084.0,191579.0,30.2,39.8,31.0
"Stressed / Crisis (FX shock, drought, rate spike)",OXC-002,2025-01-01,47827.0,30271.0,0.367,6197.0,11359.0,191917.0,30.0,31.4,23.5
"Stressed / Crisis (FX shock, drought, rate spike)",OXC-002,2025-02-01,48931.0,37558.0,0.232,10708.0,664.0,194431.0,32.6,32.6,29.3
"Stressed / Crisis (FX shock, drought, rate spike)",OXC-002,2025-03-01,43964.0,35105.0,0.202,6389.0,2470.0,190304.0,35.4,28.2,38.2
"Stressed / Crisis (FX shock, drought, rate spike)",OXC-002,2025-04-01,59103.0,39748.0,0.327,8561.0,10794.0,194657.0,33.6,39.4,44.9
"Stressed / Crisis (FX shock, drought, rate spike)",OXC-002,2025-05-01,47443.0,28360.0,0.402,8696.0,10387.0,198902.0,34.2,38.0,20.1
"Stressed / Crisis (FX shock, drought, rate spike)",OXC-002,2025-06-01,64333.0,42941.0,0.333,13167.0,8225.0,203570.0,34.2,41.5,29.2
"Stressed / Crisis (FX shock, drought, rate spike)",OXC-002,2025-07-01,50387.0,33777.0,0.33,7397.0,9213.0,199437.0,34.2,36.8,38.4
"Stressed / Crisis (FX shock, drought, rate spike)",OXC-002,2025-08-01,56213.0,34193.0,0.392,9550.0,12470.0,201791.0,34.9,29.2,33.6
"Stressed / Crisis (FX shock, drought, rate spike)",OXC-002,2025-09-01,38122.0,23992.0,0.371,7906.0,6224.0,203447.0,32.6,34.5,32.9
"Stressed / Crisis (FX shock, drought, rate spike)",OXC-002,2025-10-01,35088.0,21031.0,0.401,5666.0,8390.0,205474.0,33.2,34.9,29.1
"Stressed / Crisis (FX shock, drought, rate spike)",OXC-002,2025-11-01,34221.0,19674.0,0.425,4689.0,9858.0,216544.0,34.4,30.6,39.6
"Stressed / Crisis (FX shock, drought, rate spike)",OXC-002,2025-12-01,35369.0,22860.0,0.354,5268.0,7241.0,222836.0,37.5,36.0,21.9
"Stressed / Crisis (FX shock, drought, rate spike)",OXC-002,2026-01-01,34456.0,22484.0,0.347,5739.0,6233.0,223780.0,37.8,44.0,44.6
"Stressed / Crisis (FX shock, drought, rate spike)",OXC-002,2026-02-01,37453.0,26038.0,0.305,6963.0,4453.0,223301.0,38.5,34.5,34.9
"Stressed / Crisis (FX shock, drought, rate spike)",OXC-002,2026-03-01,32120.0,20195.0,0.371,5566.0,6359.0,224109.0,39.4,49.0,22.3
"Stressed / Crisis (FX shock, drought, rate spike)",OXC-002,2026-04-01,29636.0,21307.0,0.281,4382.0,3947.0,228575.0,39.5,39.6,44.8
"Stressed / Crisis (FX shock, drought, rate spike)",OXC-002,2026-05-01,41886.0,30374.0,0.275,7350.0,4162.0,234215.0,38.3,38.6,31.7
"Stressed / Crisis (FX shock, drought, rate spike)",OXC-002,2026-06-01,33685.0,21693.0,0.356,7076.0,4915.0,236445.0,38.1,25.1,42.7
"Stressed / Crisis (FX shock, drought, rate spike)",OXC-002,2026-07-01,38175.0,23433.0,0.386,4685.0,10057.0,242457.0,41.4,44.7,33.9
"Stressed / Crisis (FX shock, drought, rate spike)",OXC-003,2024-08-01,119796.0,92909.0,0.224,21041.0,5845.0,103538.0,36.7,41.7,27.8
"Stressed / Crisis (FX shock, drought, rate spike)",OXC-003,2024-09-01,139296.0,96513.0,0.307,24581.0,18203.0,109530.0,35.8,30.2,39.1
"Stressed / Crisis (FX shock, drought, rate spike)",OXC-003,2024-10-01,160035.0,124776.0,0.22,20226.0,15033.0,113542.0,36.4,42.1,37.7
"Stressed / Crisis (FX shock, drought, rate spike)",OXC-003,2024-11-01,188319.0,124762.0,0.337,38007.0,25550.0,120496.0,36.9,38.8,22.4
"Stressed / Crisis (FX shock, drought, rate spike)",OXC-003,2024-12-01,207462.0,163836.0,0.21,35128.0,8497.0,122229.0,35.1,48.1,44.9
"Stressed / Crisis (FX shock, drought, rate spike)",OXC-003,2025-01-01,166686.0,101638.0,0.39,25629.0,39420.0,141586.0,40.7,44.7,33.8
"Stressed / Crisis (FX shock, drought, rate spike)",OXC-003,2025-02-01,263380.0,226123.0,0.141,38159.0,-902.0,144367.0,40.5,40.2,38.0
"Stressed / Crisis (FX shock, drought, rate spike)",OXC-003,2025-03-01,184211.0,128953.0,0.3,33905.0,21353.0,146699.0,41.6,44.4,24.3
"Stressed / Crisis (FX shock, drought, rate spike)",OXC-003,2025-04-01,213593.0,137996.0,0.354,44751.0,30846.0,158393.0,40.9,42.0,41.8
"Stressed / Crisis (FX shock, drought, rate spike)",OXC-003,2025-05-01,177205.0,135171.0,0.237,28608.0,13426.0,161325.0,41.3,32.8,20.5
"Stressed / Crisis (FX shock, drought, rate spike)",OXC-003,2025-06-01,207396.0,159247.0,0.232,39607.0,8542.0,161853.0,41.5,40.1,22.6
"Stressed / Crisis (FX shock, drought, rate spike)",OXC-003,2025-07-01,150450.0,113925.0,0.243,22646.0,13880.0,170866.0,43.5,37.1,35.4
"Stressed / Crisis (FX shock, drought, rate spike)",OXC-003,2025-08-01,183599.0,153359.0,0.165,27103.0,3136.0,177276.0,43.0,38.1,25.4
"Stressed / Crisis (FX shock, drought, rate spike)",OXC-003,2025-09-01,169972.0,111690.0,0.343,29855.0,28428.0,189298.0,39.6,31.2,27.5
"Stressed / Crisis (FX shock, drought, rate spike)",OXC-003,2025-10-01,166579.0,120588.0,0.276,27918.0,18073.0,192560.0,37.0,37.1,36.2
"Stressed / Crisis (FX shock, drought, rate spike)",OXC-003,2025-11-01,196533.0,158432.0,0.194,31192.0,6908.0,199519.0,39.8,30.4,44.2
"Stressed / Crisis (FX shock, drought, rate spike)",OXC-003,2025-12-01,123998.0,76155.0,0.386,16982.0,30860.0,208615.0,43.0,35.5,36.7
"Stressed / Crisis (FX shock, drought, rate spike)",OXC-003,2026-01-01,165338.0,108892.0,0.341,25055.0,31391.0,226143.0,42.8,25.3,29.7
"Stressed / Crisis (FX shock, drought, rate spike)",OXC-003,2026-02-01,179966.0,100364.0,0.442,30338.0,49265.0,255432.0,46.7,31.4,20.2
"Stressed / Crisis (FX shock, drought, rate spike)",OXC-003,2026-03-01,144855.0,91171.0,0.371,26372.0,27312.0,266251.0,46.9,34.1,38.3
"Stressed / Crisis (FX shock, drought, rate spike)",OXC-003,2026-04-01,190059.0,130368.0,0.314,24658.0,35033.0,279474.0,46.3,26.2,38.0
"Stressed / Crisis (FX shock, drought, rate spike)",OXC-003,2026-05-01,187609.0,154620.0,0.176,36909.0,-3919.0,272329.0,46.4,26.5,39.1
"Stressed / Crisis (FX shock, drought, rate spike)",OXC-003,2026-06-01,166906.0,128416.0,0.231,24339.0,14151.0,273967.0,46.6,42.6,26.1
"Stressed / Crisis (FX shock, drought, rate spike)",OXC-003,2026-07-01,242255.0,195825.0,0.192,40170.0,6259.0,275314.0,48.5,39.9,34.5
"Stressed / Crisis (FX shock, drought, rate spike)",OXC-004,2024-08-01,103046.0,72998.0,0.292,15177.0,14870.0,91426.0,36.4,25.4,41.4
"Stressed / Crisis (FX shock, drought, rate spike)",OXC-004,2024-09-01,71284.0,48943.0,0.313,15282.0,7059.0,90525.0,35.7,48.9,22.8
"Stressed / Crisis (FX shock, drought, rate spike)",OXC-004,2024-10-01,112686.0,84036.0,0.254,24625.0,4025.0,95538.0,34.1,48.3,23.5
"Stressed / Crisis (FX shock, drought, rate spike)",OXC-004,2024-11-01,98254.0,71199.0,0.275,14240.0,12816.0,100026.0,30.3,34.1,38.8
"Stressed / Crisis (FX shock, drought, rate spike)",OXC-004,2024-12-01,88089.0,63540.0,0.279,10605.0,13944.0,105394.0,30.1,49.2,23.9
"Stressed / Crisis (FX shock, drought, rate spike)",OXC-004,2025-01-01,94814.0,58229.0,0.386,15687.0,20898.0,119520.0,32.3,28.3,38.5
"Stressed / Crisis (FX shock, drought, rate spike)",OXC-004,2025-02-01,122065.0,87486.0,0.283,21751.0,12827.0,118398.0,31.0,37.8,22.7
"Stressed / Crisis (FX shock, drought, rate spike)",OXC-004,2025-03-01,115560.0,77519.0,0.329,15293.0,22748.0,126656.0,35.4,53.8,20.2
"Stressed / Crisis (FX shock, drought, rate spike)",OXC-004,2025-04-01,116015.0,77725.0,0.33,20533.0,17757.0,135898.0,36.0,45.7,23.6
"Stressed / Crisis (FX shock, drought, rate spike)",OXC-004,2025-05-01,136099.0,105820.0,0.222,28391.0,1888.0,129261.0,34.3,51.0,33.6
"Stressed / Crisis (FX shock, drought, rate spike)",OXC-004,2025-06-01,105459.0,74750.0,0.291,12948.0,17761.0,131211.0,31.4,44.8,39.6
"Stressed / Crisis (FX shock, drought, rate spike)",OXC-004,2025-07-01,84569.0,74405.0,0.12,13941.0,-3777.0,123507.0,30.8,33.7,50.7
"Stressed / Crisis (FX shock, drought, rate spike)",OXC-004,2025-08-01,101814.0,90426.0,0.112,16882.0,-5494.0,119896.0,30.9,33.4,30.3
"Stressed / Crisis (FX shock, drought, rate spike)",OXC-004,2025-09-01,65354.0,55795.0,0.146,12333.0,-2774.0,116194.0,32.5,45.1,38.2
"Stressed / Crisis (FX shock, drought, rate spike)",OXC-004,2025-10-01,60364.0,47788.0,0.208,11935.0,640.0,115138.0,33.2,34.5,33.3
"Stressed / Crisis (FX shock, drought, rate spike)",OXC-004,2025-11-01,40329.0,30646.0,0.24,5343.0,4340.0,114065.0,28.4,51.0,46.7
"Stressed / Crisis (FX shock, drought, rate spike)",OXC-004,2025-12-01,39052.0,33322.0,0.147,7990.0,-2260.0,112382.0,29.5,37.4,45.6
"Stressed / Crisis (FX shock, drought, rate spike)",OXC-004,2026-01-01,35220.0,31318.0,0.111,4644.0,-742.0,102072.0,30.8,43.3,36.2
"Stressed / Crisis (FX shock, drought, rate spike)",OXC-004,2026-02-01,24998.0,23264.0,0.069,3253.0,-1519.0,100822.0,35.2,48.3,39.0
"Stressed / Crisis (FX shock, drought, rate spike)",OXC-004,2026-03-01,28829.0,23756.0,0.176,4649.0,425.0,101465.0,35.3,38.4,38.4
"Stressed / Crisis (FX shock, drought, rate spike)",OXC-004,2026-04-01,15361.0,15207.0,0.01,2510.0,-2357.0,96949.0,35.1,39.0,26.7
"Stressed / Crisis (FX shock, drought, rate spike)",OXC-004,2026-05-01,13548.0,13136.0,0.03,1627.0,-1215.0,89783.0,35.6,49.6,33.2
"Stressed / Crisis (FX shock, drought, rate spike)",OXC-004,2026-06-01,11048.0,10928.0,0.011,2127.0,-2007.0,92948.0,35.2,55.9,32.0
"Stressed / Crisis (FX shock, drought, rate spike)",OXC-004,2026-07-01,8446.0,8361.0,0.01,1089.0,-1004.0,92069.0,39.2,42.5,27.4
"Stressed / Crisis (FX shock, drought, rate spike)",OXC-005,2024-08-01,161909.0,100361.0,0.38,21890.0,39657.0,100249.0,45.1,36.2,33.5
"Stressed / Crisis (FX shock, drought, rate spike)",OXC-005,2024-09-01,135269.0,106060.0,0.216,26082.0,3126.0,99456.0,44.7,44.5,29.4
"Stressed / Crisis (FX shock, drought, rate spike)",OXC-005,2024-10-01,161048.0,100559.0,0.376,34776.0,25713.0,106781.0,47.9,44.0,35.3
"Stressed / Crisis (FX shock, drought, rate spike)",OXC-005,2024-11-01,194121.0,146212.0,0.247,33172.0,14737.0,115133.0,50.1,47.9,26.4
"Stressed / Crisis (FX shock, drought, rate spike)",OXC-005,2024-12-01,226204.0,163610.0,0.277,36967.0,25627.0,122919.0,46.9,25.2,34.0
"Stressed / Crisis (FX shock, drought, rate spike)",OXC-005,2025-01-01,163510.0,104659.0,0.36,29096.0,29756.0,138671.0,50.6,49.6,31.5
"Stressed / Crisis (FX shock, drought, rate spike)",OXC-005,2025-02-01,147004.0,93886.0,0.361,30248.0,22870.0,151345.0,49.3,41.6,31.2
"Stressed / Crisis (FX shock, drought, rate spike)",OXC-005,2025-03-01,105405.0,64523.0,0.388,15467.0,25414.0,156553.0,48.2,36.1,44.9
"Stressed / Crisis (FX shock, drought, rate spike)",OXC-005,2025-04-01,177852.0,131604.0,0.26,21858.0,24390.0,166632.0,46.2,46.1,22.1
"Stressed / Crisis (FX shock, drought, rate spike)",OXC-005,2025-05-01,124982.0,85894.0,0.313,17252.0,21836.0,171147.0,49.7,39.3,31.9
"Stressed / Crisis (FX shock, drought, rate spike)",OXC-005,2025-06-01,137219.0,92226.0,0.328,17938.0,27055.0,189309.0,46.4,43.0,37.9
"Stressed / Crisis (FX shock, drought, rate spike)",OXC-005,2025-07-01,101902.0,64465.0,0.367,12694.0,24743.0,197393.0,46.0,30.6,29.4
"Stressed / Crisis (FX shock, drought, rate spike)",OXC-005,2025-08-01,99457.0,64773.0,0.349,18512.0,16173.0,208556.0,43.6,28.5,20.7
"Stressed / Crisis (FX shock, drought, rate spike)",OXC-005,2025-09-01,105193.0,67482.0,0.358,16632.0,21079.0,220601.0,41.3,35.5,36.7
"Stressed / Crisis (FX shock, drought, rate spike)",OXC-005,2025-10-01,101369.0,68213.0,0.327,17856.0,15301.0,226059.0,40.8,27.4,36.3
"Stressed / Crisis (FX shock, drought, rate spike)",OXC-005,2025-11-01,103208.0,71026.0,0.312,21645.0,10537.0,234770.0,40.1,36.8,34.5
"Stressed / Crisis (FX shock, drought, rate spike)",OXC-005,2025-12-01,123926.0,89810.0,0.275,16254.0,17863.0,239656.0,37.4,40.4,24.9
"Stressed / Crisis (FX shock, drought, rate spike)",OXC-005,2026-01-01,94122.0,60280.0,0.36,16153.0,17689.0,244307.0,38.5,25.1,44.2
"Stressed / Crisis (FX shock, drought, rate spike)",OXC-005,2026-02-01,112132.0,90815.0,0.19,24181.0,-2864.0,233163.0,38.6,34.6,36.5
"Stressed / Crisis (FX shock, drought, rate spike)",OXC-005,2026-03-01,107014.0,66391.0,0.38,18386.0,22237.0,237663.0,38.7,40.9,36.1
"Stressed / Crisis (FX shock, drought, rate spike)",OXC-005,2026-04-01,78928.0,56785.0,0.281,16465.0,5678.0,241921.0,37.5,47.6,41.2
"Stressed / Crisis (FX shock, drought, rate spike)",OXC-005,2026-05-01,115367.0,80584.0,0.302,19278.0,15506.0,247805.0,37.4,26.5,43.9
"Stressed / Crisis (FX shock, drought, rate spike)",OXC-005,2026-06-01,96059.0,63288.0,0.341,13869.0,18902.0,265419.0,36.2,35.8,42.3
"Stressed / Crisis (FX shock, drought, rate spike)",OXC-005,2026-07-01,83940.0,61514.0,0.267,13176.0,9250.0,264607.0,33.2,46.7,20.5
"Stressed / Crisis (FX shock, drought, rate spike)",OXC-006,2024-08-01,88071.0,46150.0,0.476,11560.0,30361.0,129379.0,42.2,41.1,27.4
"Stressed / Crisis (FX shock, drought, rate spike)",OXC-006,2024-09-01,85133.0,61092.0,0.282,13453.0,10588.0,130846.0,42.5,28.4,21.2
"Stressed / Crisis (FX shock, drought, rate spike)",OXC-006,2024-10-01,111965.0,71145.0,0.365,15622.0,25198.0,143957.0,44.6,33.4,43.2
"Stressed / Crisis (FX shock, drought, rate spike)",OXC-006,2024-11-01,117039.0,88262.0,0.246,25172.0,3605.0,132296.0,43.9,28.6,20.2
"Stressed / Crisis (FX shock, drought, rate spike)",OXC-006,2024-12-01,136619.0,81384.0,0.404,21731.0,33504.0,149593.0,41.5,29.2,34.2
"Stressed / Crisis (FX shock, drought, rate spike)",OXC-006,2025-01-01,122819.0,87118.0,0.291,16755.0,18946.0,155594.0,38.5,34.6,30.5
"Stressed / Crisis (FX shock, drought, rate spike)",OXC-006,2025-02-01,96262.0,59981.0,0.377,18323.0,17958.0,159927.0,37.8,41.7,35.9
"Stressed / Crisis (FX shock, drought, rate spike)",OXC-006,2025-03-01,87800.0,67688.0,0.229,11073.0,9038.0,160097.0,37.8,44.5,50.7
"Stressed / Crisis (FX shock, drought, rate spike)",OXC-006,2025-04-01,62960.0,43248.0,0.313,9774.0,9939.0,162072.0,38.4,44.8,50.7
"Stressed / Crisis (FX shock, drought, rate spike)",OXC-006,2025-05-01,40350.0,32757.0,0.188,5879.0,1713.0,159766.0,35.3,44.4,29.8
"Stressed / Crisis (FX shock, drought, rate spike)",OXC-006,2025-06-01,56582.0,44391.0,0.215,9382.0,2809.0,153489.0,33.5,57.9,43.9
"Stressed / Crisis (FX shock, drought, rate spike)",OXC-006,2025-07-01,40321.0,35070.0,0.13,8308.0,-3057.0,150687.0,32.6,46.4,43.9
"Stressed / Crisis (FX shock, drought, rate spike)",OXC-006,2025-08-01,59916.0,43549.0,0.273,11605.0,4762.0,145961.0,35.9,44.9,48.3
"Stressed / Crisis (FX shock, drought, rate spike)",OXC-006,2025-09-01,43210.0,34387.0,0.204,5741.0,3082.0,151709.0,35.6,40.8,50.8
"Stressed / Crisis (FX shock, drought, rate spike)",OXC-006,2025-10-01,32440.0,27430.0,0.154,7030.0,-2020.0,148788.0,35.7,35.6,32.8
"Stressed / Crisis (FX shock, drought, rate spike)",OXC-006,2025-11-01,30365.0,29174.0,0.039,3765.0,-2574.0,148303.0,34.3,53.7,39.8
"Stressed / Crisis (FX shock, drought, rate spike)",OXC-006,2025-12-01,17122.0,15458.0,0.097,3313.0,-1649.0,144140.0,33.0,45.7,39.7
"Stressed / Crisis (FX shock, drought, rate spike)",OXC-006,2026-01-01,10809.0,9522.0,0.119,1689.0,-401.0,146334.0,32.9,57.9,46.1
"Stressed / Crisis (FX shock, drought, rate spike)",OXC-006,2026-02-01,6342.0,5514.0,0.131,976.0,-148.0,144782.0,37.4,53.2,50.6
"Stressed / Crisis (FX shock, drought, rate spike)",OXC-006,2026-03-01,5608.0,4455.0,0.206,820.0,333.0,147588.0,41.1,55.0,30.5
"Stressed / Crisis (FX shock, drought, rate spike)",OXC-006,2026-04-01,3000.0,2830.0,0.057,442.0,-272.0,146761.0,41.5,36.1,30.3
"Stressed / Crisis (FX shock, drought, rate spike)",OXC-006,2026-05-01,3000.0,2846.0,0.051,617.0,-463.0,146775.0,35.8,55.1,43.2
"Stressed / Crisis (FX shock, drought, rate spike)",OXC-006,2026-06-01,3000.0,2970.0,0.01,626.0,-596.0,146330.0,37.9,49.4,31.9
"Stressed / Crisis (FX shock, drought, rate spike)",OXC-006,2026-07-01,3000.0,2970.0,0.01,526.0,-496.0,147904.0,37.5,37.4,44.3
"Stressed / Crisis (FX shock, drought, rate spike)",OXC-007,2024-08-01,141837.0,120688.0,0.149,21258.0,-109.0,157765.0,41.6,29.0,27.0
"Stressed / Crisis (FX shock, drought, rate spike)",OXC-007,2024-09-01,118833.0,103580.0,0.128,22794.0,-7542.0,149604.0,41.3,38.7,24.5
"Stressed / Crisis (FX shock, drought, rate spike)",OXC-007,2024-10-01,85648.0,68508.0,0.2,17962.0,-822.0,148731.0,40.6,37.7,32.6
"Stressed / Crisis (FX shock, drought, rate spike)",OXC-007,2024-11-01,90002.0,74839.0,0.168,17957.0,-2793.0,139891.0,40.2,45.7,35.6
"Stressed / Crisis (FX shock, drought, rate spike)",OXC-007,2024-12-01,86211.0,56871.0,0.34,16969.0,12370.0,148164.0,41.7,57.0,28.0
"Stressed / Crisis (FX shock, drought, rate spike)",OXC-007,2025-01-01,67377.0,52020.0,0.228,10477.0,4880.0,144722.0,38.2,51.9,41.2
"Stressed / Crisis (FX shock, drought, rate spike)",OXC-007,2025-02-01,51769.0,44535.0,0.14,10779.0,-3545.0,133947.0,33.9,48.0,50.4
"Stressed / Crisis (FX shock, drought, rate spike)",OXC-007,2025-03-01,61110.0,48555.0,0.205,10068.0,2487.0,134078.0,31.9,52.2,45.9
"Stressed / Crisis (FX shock, drought, rate spike)",OXC-007,2025-04-01,52245.0,42033.0,0.195,9697.0,515.0,133405.0,31.5,50.4,34.5
"Stressed / Crisis (FX shock, drought, rate spike)",OXC-007,2025-05-01,37311.0,32778.0,0.121,5104.0,-571.0,134686.0,31.0,48.8,36.7
"Stressed / Crisis (FX shock, drought, rate spike)",OXC-007,2025-06-01,27424.0,27150.0,0.01,5378.0,-5103.0,130540.0,30.4,46.0,48.0
"Stressed / Crisis (FX shock, drought, rate spike)",OXC-007,2025-07-01,32506.0,32181.0,0.01,6668.0,-6343.0,119431.0,31.8,46.8,26.7
"Stressed / Crisis (FX shock, drought, rate spike)",OXC-007,2025-08-01,31877.0,31558.0,0.01,4252.0,-3934.0,110572.0,30.3,36.8,39.5
"Stressed / Crisis (FX shock, drought, rate spike)",OXC-007,2025-09-01,16487.0,16322.0,0.01,2828.0,-2664.0,108816.0,28.5,58.0,48.5
"Stressed / Crisis (FX shock, drought, rate spike)",OXC-007,2025-10-01,19898.0,19156.0,0.037,3757.0,-3016.0,101786.0,28.1,35.6,47.9
"Stressed / Crisis (FX shock, drought, rate spike)",OXC-007,2025-11-01,7340.0,6948.0,0.053,1578.0,-1186.0,101525.0,28.1,52.6,28.3
"Stressed / Crisis (FX shock, drought, rate spike)",OXC-007,2025-12-01,7498.0,7423.0,0.01,918.0,-843.0,106046.0,25.5,47.5,37.4
"Stressed / Crisis (FX shock, drought, rate spike)",OXC-007,2026-01-01,4794.0,4746.0,0.01,894.0,-846.0,96768.0,28.5,33.0,48.5
"Stressed / Crisis (FX shock, drought, rate spike)",OXC-007,2026-02-01,3958.0,3918.0,0.01,491.0,-452.0,96678.0,33.6,33.7,49.6
"Stressed / Crisis (FX shock, drought, rate spike)",OXC-007,2026-03-01,3000.0,2970.0,0.01,524.0,-494.0,95215.0,34.4,47.0,31.6
"Stressed / Crisis (FX shock, drought, rate spike)",OXC-007,2026-04-01,3000.0,2694.0,0.102,550.0,-244.0,106671.0,35.9,40.1,39.3
"Stressed / Crisis (FX shock, drought, rate spike)",OXC-007,2026-05-01,3000.0,2970.0,0.01,451.0,-421.0,114602.0,34.9,34.0,50.1
"Stressed / Crisis (FX shock, drought, rate spike)",OXC-007,2026-06-01,3000.0,2970.0,0.01,646.0,-616.0,113501.0,29.2,36.2,29.7
"Stressed / Crisis (FX shock, drought, rate spike)",OXC-007,2026-07-01,3000.0,2970.0,0.01,534.0,-504.0,112845.0,30.3,50.6,31.9
"Stressed / Crisis (FX shock, drought, rate spike)",OXC-008,2024-08-01,138589.0,72722.0,0.475,18981.0,46886.0,168363.0,47.7,42.9,37.7
"Stressed / Crisis (FX shock, drought, rate spike)",OXC-008,2024-09-01,173141.0,117139.0,0.323,36648.0,19354.0,171163.0,47.5,26.8,40.3
"Stressed / Crisis (FX shock, drought, rate spike)",OXC-008,2024-10-01,148297.0,85432.0,0.424,20267.0,42598.0,199988.0,49.9,36.6,20.8
"Stressed / Crisis (FX shock, drought, rate spike)",OXC-008,2024-11-01,141316.0,83583.0,0.409,28417.0,29317.0,213319.0,50.8,39.8,20.1
"Stressed / Crisis (FX shock, drought, rate spike)",OXC-008,2024-12-01,130289.0,84522.0,0.351,26941.0,18826.0,221882.0,49.2,28.8,25.7
"Stressed / Crisis (FX shock, drought, rate spike)",OXC-008,2025-01-01,124478.0,97409.0,0.217,17864.0,9205.0,225705.0,48.0,31.8,42.7
"Stressed / Crisis (FX shock, drought, rate spike)",OXC-008,2025-02-01,138075.0,98912.0,0.284,24136.0,15026.0,229244.0,49.5,44.6,37.7
"Stressed / Crisis (FX shock, drought, rate spike)",OXC-008,2025-03-01,91998.0,65023.0,0.293,17646.0,9329.0,229523.0,49.8,39.0,28.7
"Stressed / Crisis (FX shock, drought, rate spike)",OXC-008,2025-04-01,79324.0,50940.0,0.358,9867.0,18517.0,243227.0,50.4,43.6,36.4
"Stressed / Crisis (FX shock, drought, rate spike)",OXC-008,2025-05-01,83089.0,40668.0,0.511,15678.0,26742.0,251725.0,47.6,25.1,43.6
"Stressed / Crisis (FX shock, drought, rate spike)",OXC-008,2025-06-01,80787.0,45032.0,0.443,16080.0,19675.0,262863.0,48.9,26.6,30.8
"Stressed / Crisis (FX shock, drought, rate spike)",OXC-008,2025-07-01,78040.0,46639.0,0.402,15750.0,15650.0,275265.0,47.4,39.9,41.3
"Stressed / Crisis (FX shock, drought, rate spike)",OXC-008,2025-08-01,67066.0,42639.0,0.364,9237.0,15191.0,290338.0,48.4,39.4,21.4
"Stressed / Crisis (FX shock, drought, rate spike)",OXC-008,2025-09-01,86401.0,55043.0,0.363,14491.0,16866.0,296344.0,49.1,43.7,23.8
"Stressed / Crisis (FX shock, drought, rate spike)",OXC-008,2025-10-01,62560.0,40821.0,0.347,13402.0,8338.0,294838.0,49.2,26.5,33.2
"Stressed / Crisis (FX shock, drought, rate spike)",OXC-008,2025-11-01,69555.0,48789.0,0.299,9928.0,10837.0,300346.0,51.4,45.7,29.1
"Stressed / Crisis (FX shock, drought, rate spike)",OXC-008,2025-12-01,64762.0,35009.0,0.459,10384.0,19369.0,316429.0,50.3,27.5,21.7
"Stressed / Crisis (FX shock, drought, rate spike)",OXC-008,2026-01-01,73314.0,51095.0,0.303,14249.0,7970.0,321908.0,49.9,29.4,27.1
"Stressed / Crisis (FX shock, drought, rate spike)",OXC-008,2026-02-01,50506.0,32475.0,0.357,10654.0,7378.0,336024.0,45.7,28.7,42.3
"Stressed / Crisis (FX shock, drought, rate spike)",OXC-008,2026-03-01,98464.0,64532.0,0.345,18277.0,15654.0,347271.0,41.8,38.4,21.8
"Stressed / Crisis (FX shock, drought, rate spike)",OXC-008,2026-04-01,112159.0,71636.0,0.361,15680.0,24842.0,354883.0,44.4,43.9,31.4
"Stressed / Crisis (FX shock, drought, rate spike)",OXC-008,2026-05-01,88404.0,51820.0,0.414,12725.0,23859.0,363458.0,45.3,43.6,24.7
"Stressed / Crisis (FX shock, drought, rate spike)",OXC-008,2026-06-01,106603.0,91554.0,0.141,18521.0,-3473.0,358129.0,42.1,28.7,20.5
"Stressed / Crisis (FX shock, drought, rate spike)",OXC-008,2026-07-01,99002.0,72421.0,0.268,12971.0,13609.0,368358.0,40.0,34.2,37.9
"Stressed / Crisis (FX shock, drought, rate spike)",OXC-009,2024-08-01,57685.0,50696.0,0.121,9689.0,-2700.0,70787.0,39.7,33.6,23.2
"Stressed / Crisis (FX shock, drought, rate spike)",OXC-009,2024-09-01,42383.0,30389.0,0.283,8251.0,3743.0,72698.0,38.3,39.5,38.2
"Stressed / Crisis (FX shock, drought, rate spike)",OXC-009,2024-10-01,53070.0,44552.0,0.161,11398.0,-2880.0,61733.0,38.9,43.2,29.9
"Stressed / Crisis (FX shock, drought, rate spike)",OXC-009,2024-11-01,45862.0,37421.0,0.184,9159.0,-718.0,52299.0,37.2,29.0,37.3
"Stressed / Crisis (FX shock, drought, rate spike)",OXC-009,2024-12-01,40436.0,31293.0,0.226,8552.0,591.0,49594.0,36.2,29.4,22.1
"Stressed / Crisis (FX shock, drought, rate spike)",OXC-009,2025-01-01,31480.0,27855.0,0.115,4348.0,-723.0,50940.0,36.6,31.3,25.3
"Stressed / Crisis (FX shock, drought, rate spike)",OXC-009,2025-02-01,44783.0,34787.0,0.223,9242.0,754.0,47883.0,40.1,47.1,30.1
"Stressed / Crisis (FX shock, drought, rate spike)",OXC-009,2025-03-01,53393.0,41584.0,0.221,8863.0,2946.0,48101.0,39.3,46.4,39.1
"Stressed / Crisis (FX shock, drought, rate spike)",OXC-009,2025-04-01,36848.0,28521.0,0.226,7594.0,733.0,62986.0,37.6,32.9,40.0
"Stressed / Crisis (FX shock, drought, rate spike)",OXC-009,2025-05-01,35221.0,27522.0,0.219,5857.0,1842.0,54134.0,37.9,32.4,40.2
"Stressed / Crisis (FX shock, drought, rate spike)",OXC-009,2025-06-01,54016.0,40915.0,0.243,9887.0,3214.0,49038.0,34.0,29.4,21.0
"Stressed / Crisis (FX shock, drought, rate spike)",OXC-009,2025-07-01,50926.0,38946.0,0.235,6917.0,5063.0,50426.0,34.2,30.7,37.5
"Stressed / Crisis (FX shock, drought, rate spike)",OXC-009,2025-08-01,36821.0,25481.0,0.308,6196.0,5144.0,47300.0,33.9,46.7,32.7
"Stressed / Crisis (FX shock, drought, rate spike)",OXC-009,2025-09-01,54803.0,38114.0,0.305,10853.0,5836.0,37608.0,31.9,25.1,29.6
"Stressed / Crisis (FX shock, drought, rate spike)",OXC-009,2025-10-01,47972.0,40685.0,0.152,7675.0,-389.0,25524.0,35.0,29.4,34.1
"Stressed / Crisis (FX shock, drought, rate spike)",OXC-009,2025-11-01,49115.0,37749.0,0.231,7681.0,3685.0,24709.0,36.9,57.2,38.0
"Stressed / Crisis (FX shock, drought, rate spike)",OXC-009,2025-12-01,46184.0,33665.0,0.271,6499.0,6020.0,28241.0,36.6,55.5,39.2
"Stressed / Crisis (FX shock, drought, rate spike)",OXC-009,2026-01-01,48093.0,34719.0,0.278,6939.0,6435.0,31310.0,37.7,41.5,47.9
"Stressed / Crisis (FX shock, drought, rate spike)",OXC-009,2026-02-01,60374.0,50910.0,0.157,8220.0,1244.0,38232.0,36.0,56.6,50.5
"Stressed / Crisis (FX shock, drought, rate spike)",OXC-009,2026-03-01,59084.0,47664.0,0.193,12300.0,-880.0,32058.0,40.4,52.2,49.7
"Stressed / Crisis (FX shock, drought, rate spike)",OXC-009,2026-04-01,52460.0,49601.0,0.055,11064.0,-8205.0,23159.0,38.8,54.6,45.3
"Stressed / Crisis (FX shock, drought, rate spike)",OXC-009,2026-05-01,46393.0,39056.0,0.158,10168.0,-2831.0,26560.0,40.6,53.5,33.2
"Stressed / Crisis (FX shock, drought, rate spike)",OXC-009,2026-06-01,35466.0,35112.0,0.01,5447.0,-5092.0,22646.0,44.2,38.8,28.7
"Stressed / Crisis (FX shock, drought, rate spike)",OXC-009,2026-07-01,39677.0,34799.0,0.123,7801.0,-2923.0,11761.0,42.9,45.6,37.2
"Stressed / Crisis (FX shock, drought, rate spike)",OXC-010,2024-08-01,125618.0,110010.0,0.124,26306.0,-10698.0,193253.0,48.0,46.5,21.8
"Stressed / Crisis (FX shock, drought, rate spike)",OXC-010,2024-09-01,84152.0,73578.0,0.126,14525.0,-3951.0,182055.0,49.4,29.0,32.8
"Stressed / Crisis (FX shock, drought, rate spike)",OXC-010,2024-10-01,99318.0,79303.0,0.202,12588.0,7427.0,181729.0,48.3,47.4,42.0
"Stressed / Crisis (FX shock, drought, rate spike)",OXC-010,2024-11-01,103744.0,87890.0,0.153,12941.0,2913.0,183132.0,48.2,41.2,41.1
"Stressed / Crisis (FX shock, drought, rate spike)",OXC-010,2024-12-01,90192.0,63167.0,0.3,12409.0,14616.0,189043.0,52.2,49.5,42.8
"Stressed / Crisis (FX shock, drought, rate spike)",OXC-010,2025-01-01,76086.0,65480.0,0.139,16101.0,-5495.0,182525.0,51.4,27.5,38.7
"Stressed / Crisis (FX shock, drought, rate spike)",OXC-010,2025-02-01,91198.0,75955.0,0.167,14740.0,504.0,176197.0,51.7,46.5,38.1
"Stressed / Crisis (FX shock, drought, rate spike)",OXC-010,2025-03-01,75712.0,57440.0,0.241,10143.0,8129.0,177654.0,52.7,46.9,20.8
"Stressed / Crisis (FX shock, drought, rate spike)",OXC-010,2025-04-01,106230.0,79436.0,0.252,17998.0,8796.0,180418.0,54.0,49.6,24.1
"Stressed / Crisis (FX shock, drought, rate spike)",OXC-010,2025-05-01,114179.0,100382.0,0.121,22960.0,-9164.0,168364.0,55.1,25.3,28.4
"Stressed / Crisis (FX shock, drought, rate spike)",OXC-010,2025-06-01,113986.0,91081.0,0.201,20926.0,1980.0,172253.0,52.7,46.3,40.1
"Stressed / Crisis (FX shock, drought, rate spike)",OXC-010,2025-07-01,118351.0,89032.0,0.248,17336.0,11982.0,180803.0,52.4,52.3,41.6
"Stressed / Crisis (FX shock, drought, rate spike)",OXC-010,2025-08-01,100611.0,83073.0,0.174,20366.0,-2828.0,172634.0,51.7,50.9,36.5
"Stressed / Crisis (FX shock, drought, rate spike)",OXC-010,2025-09-01,72608.0,57117.0,0.213,10575.0,4916.0,184001.0,52.6,46.0,49.0
"Stressed / Crisis (FX shock, drought, rate spike)",OXC-010,2025-10-01,82256.0,77223.0,0.061,13059.0,-8026.0,179104.0,54.3,47.2,39.9
"Stressed / Crisis (FX shock, drought, rate spike)",OXC-010,2025-11-01,53240.0,47542.0,0.107,11228.0,-5530.0,174575.0,55.5,33.2,50.5
"Stressed / Crisis (FX shock, drought, rate spike)",OXC-010,2025-12-01,31744.0,29715.0,0.064,4504.0,-2475.0,170746.0,54.9,51.0,34.9
"Stressed / Crisis (FX shock, drought, rate spike)",OXC-010,2026-01-01,38430.0,36042.0,0.062,6457.0,-4070.0,160558.0,56.1,41.5,37.7
"Stressed / Crisis (FX shock, drought, rate spike)",OXC-010,2026-02-01,32204.0,31618.0,0.018,4363.0,-3777.0,167959.0,54.3,35.2,45.9
"Stressed / Crisis (FX shock, drought, rate spike)",OXC-010,2026-03-01,24176.0,23780.0,0.016,3693.0,-3297.0,167907.0,53.6,51.7,49.0
"Stressed / Crisis (FX shock, drought, rate spike)",OXC-010,2026-04-01,21622.0,19658.0,0.091,3727.0,-1762.0,160778.0,53.9,48.3,27.6
"Stressed / Crisis (FX shock, drought, rate spike)",OXC-010,2026-05-01,13249.0,13117.0,0.01,1751.0,-1619.0,157809.0,57.1,56.8,47.6
"Stressed / Crisis (FX shock, drought, rate spike)",OXC-010,2026-06-01,11444.0,11330.0,0.01,1945.0,-1831.0,152782.0,59.5,47.0,48.7
"Stressed / Crisis (FX shock, drought, rate spike)",OXC-010,2026-07-01,9530.0,9435.0,0.01,1188.0,-1093.0,145214.0,58.0,38.6,35.1
"Stressed / Crisis (FX shock, drought, rate spike)",OXC-011,2024-08-01,58457.0,46194.0,0.21,9460.0,2803.0,81239.0,32.0,43.8,37.4
"Stressed / Crisis (FX shock, drought, rate spike)",OXC-011,2024-09-01,34137.0,26355.0,0.228,6947.0,835.0,80537.0,33.9,29.6,39.7
"Stressed / Crisis (FX shock, drought, rate spike)",OXC-011,2024-10-01,56611.0,33892.0,0.401,11584.0,11135.0,86294.0,31.5,30.3,24.5
"Stressed / Crisis (FX shock, drought, rate spike)",OXC-011,2024-11-01,59358.0,46685.0,0.214,11582.0,1092.0,81114.0,29.5,42.1,42.1
"Stressed / Crisis (FX shock, drought, rate spike)",OXC-011,2024-12-01,51697.0,36396.0,0.296,7025.0,8276.0,84754.0,31.3,32.6,23.9
"Stressed / Crisis (FX shock, drought, rate spike)",OXC-011,2025-01-01,55395.0,40905.0,0.262,9063.0,5428.0,89962.0,32.4,36.8,37.8
"Stressed / Crisis (FX shock, drought, rate spike)",OXC-011,2025-02-01,46554.0,39413.0,0.153,5864.0,1277.0,88207.0,31.8,30.7,40.3
"Stressed / Crisis (FX shock, drought, rate spike)",OXC-011,2025-03-01,71906.0,51419.0,0.285,12709.0,7778.0,87832.0,31.4,36.6,37.5
"Stressed / Crisis (FX shock, drought, rate spike)",OXC-011,2025-04-01,48641.0,28442.0,0.415,8923.0,11275.0,92315.0,34.4,57.5,21.0
"Stressed / Crisis (FX shock, drought, rate spike)",OXC-011,2025-05-01,48940.0,36151.0,0.261,8440.0,4348.0,95758.0,36.6,55.0,39.9
"Stressed / Crisis (FX shock, drought, rate spike)",OXC-011,2025-06-01,57962.0,43996.0,0.241,8696.0,5270.0,92883.0,36.4,42.0,42.0
"Stressed / Crisis (FX shock, drought, rate spike)",OXC-011,2025-07-01,31187.0,24793.0,0.205,5261.0,1134.0,100067.0,37.6,47.6,47.1
"Stressed / Crisis (FX shock, drought, rate spike)",OXC-011,2025-08-01,35639.0,27647.0,0.224,4572.0,3419.0,104276.0,36.3,55.4,46.2
"Stressed / Crisis (FX shock, drought, rate spike)",OXC-011,2025-09-01,26381.0,22254.0,0.156,3952.0,175.0,100863.0,37.2,40.1,39.9
"Stressed / Crisis (FX shock, drought, rate spike)",OXC-011,2025-10-01,15900.0,13780.0,0.133,2620.0,-501.0,99163.0,38.8,55.2,33.3
"Stressed / Crisis (FX shock, drought, rate spike)",OXC-011,2025-11-01,19478.0,15684.0,0.195,3116.0,678.0,100038.0,37.0,46.6,38.7
"Stressed / Crisis (FX shock, drought, rate spike)",OXC-011,2025-12-01,12150.0,10209.0,0.16,2015.0,-75.0,99727.0,36.8,53.8,50.5
"Stressed / Crisis (FX shock, drought, rate spike)",OXC-011,2026-01-01,10952.0,10041.0,0.083,2136.0,-1225.0,93969.0,37.9,52.9,44.8
"Stressed / Crisis (FX shock, drought, rate spike)",OXC-011,2026-02-01,6253.0,5395.0,0.137,762.0,95.0,103016.0,39.5,57.8,35.4
"Stressed / Crisis (FX shock, drought, rate spike)",OXC-011,2026-03-01,4162.0,4029.0,0.032,707.0,-574.0,103712.0,39.5,49.6,38.8
"Stressed / Crisis (FX shock, drought, rate spike)",OXC-011,2026-04-01,4695.0,4532.0,0.035,621.0,-459.0,100355.0,42.1,53.6,28.4
"Stressed / Crisis (FX shock, drought, rate spike)",OXC-011,2026-05-01,3000.0,2959.0,0.014,632.0,-591.0,104101.0,41.5,36.5,27.7
"Stressed / Crisis (FX shock, drought, rate spike)",OXC-011,2026-06-01,3000.0,2959.0,0.014,423.0,-382.0,103692.0,41.8,45.8,46.3
"Stressed / Crisis (FX shock, drought, rate spike)",OXC-011,2026-07-01,3000.0,2966.0,0.011,519.0,-485.0,109701.0,42.7,56.6,49.9
"Stressed / Crisis (FX shock, drought, rate spike)",OXC-012,2024-08-01,120087.0,95358.0,0.206,23392.0,1337.0,97846.0,41.3,30.4,42.5
"Stressed / Crisis (FX shock, drought, rate spike)",OXC-012,2024-09-01,103144.0,78431.0,0.24,14700.0,10012.0,100754.0,38.5,37.5,38.4
"Stressed / Crisis (FX shock, drought, rate spike)",OXC-012,2024-10-01,107501.0,93917.0,0.126,15785.0,-2201.0,93557.0,38.6,46.1,27.0
"Stressed / Crisis (FX shock, drought, rate spike)",OXC-012,2024-11-01,123562.0,91925.0,0.256,19572.0,12065.0,94956.0,35.9,28.0,40.1
"Stressed / Crisis (FX shock, drought, rate spike)",OXC-012,2024-12-01,99573.0,85110.0,0.145,19914.0,-5450.0,90101.0,37.2,34.3,41.8
"Stressed / Crisis (FX shock, drought, rate spike)",OXC-012,2025-01-01,113099.0,77136.0,0.318,15080.0,20883.0,105895.0,35.0,48.2,31.0
"Stressed / Crisis (FX shock, drought, rate spike)",OXC-012,2025-02-01,120322.0,100532.0,0.164,24657.0,-4868.0,105551.0,35.4,33.4,28.0
"Stressed / Crisis (FX shock, drought, rate spike)",OXC-012,2025-03-01,156370.0,124778.0,0.202,26242.0,5350.0,101676.0,34.5,48.0,41.8
"Stressed / Crisis (FX shock, drought, rate spike)",OXC-012,2025-04-01,81387.0,61703.0,0.242,17587.0,2097.0,102473.0,33.4,44.4,27.1
"Stressed / Crisis (FX shock, drought, rate spike)",OXC-012,2025-05-01,98714.0,76622.0,0.224,13475.0,8617.0,106412.0,35.0,36.8,34.4
"Stressed / Crisis (FX shock, drought, rate spike)",OXC-012,2025-06-01,113010.0,93580.0,0.172,22274.0,-2844.0,104918.0,34.1,26.0,41.1
"Stressed / Crisis (FX shock, drought, rate spike)",OXC-012,2025-07-01,138619.0,112846.0,0.186,26531.0,-759.0,98903.0,32.5,41.6,31.1
"Stressed / Crisis (FX shock, drought, rate spike)",OXC-012,2025-08-01,132386.0,81684.0,0.383,17137.0,33565.0,115827.0,31.5,40.9,26.3
"Stressed / Crisis (FX shock, drought, rate spike)",OXC-012,2025-09-01,181550.0,146654.0,0.192,22368.0,12528.0,118041.0,32.6,47.3,31.6
"Stressed / Crisis (FX shock, drought, rate spike)",OXC-012,2025-10-01,139442.0,119621.0,0.142,18671.0,1150.0,115141.0,28.9,45.2,29.6
"Stressed / Crisis (FX shock, drought, rate spike)",OXC-012,2025-11-01,145107.0,112535.0,0.224,29720.0,2852.0,112322.0,29.8,40.9,28.0
"Stressed / Crisis (FX shock, drought, rate spike)",OXC-012,2025-12-01,96630.0,76977.0,0.203,15319.0,4333.0,118249.0,27.2,30.0,39.8
"Stressed / Crisis (FX shock, drought, rate spike)",OXC-012,2026-01-01,158921.0,128830.0,0.189,25298.0,4793.0,114224.0,23.8,37.7,20.8
"Stressed / Crisis (FX shock, drought, rate spike)",OXC-012,2026-02-01,122656.0,96308.0,0.215,24974.0,1375.0,105731.0,25.9,42.7,23.4
"Stressed / Crisis (FX shock, drought, rate spike)",OXC-012,2026-03-01,165451.0,140042.0,0.154,27432.0,-2023.0,102557.0,25.8,31.7,45.0
"Stressed / Crisis (FX shock, drought, rate spike)",OXC-012,2026-04-01,137290.0,109687.0,0.201,29176.0,-1573.0,98543.0,27.2,45.3,29.5
"Stressed / Crisis (FX shock, drought, rate spike)",OXC-012,2026-05-01,118091.0,99548.0,0.157,14405.0,4138.0,104625.0,27.5,45.6,30.1
"Stressed / Crisis (FX shock, drought, rate spike)",OXC-012,2026-06-01,148315.0,104371.0,0.296,26652.0,17292.0,115785.0,26.0,25.1,31.7
"Stressed / Crisis (FX shock, drought, rate spike)",OXC-012,2026-07-01,154616.0,139771.0,0.096,22205.0,-7360.0,110583.0,27.9,40.7,43.8
"Stressed / Crisis (FX shock, drought, rate spike)",OXC-013,2024-08-01,221785.0,148212.0,0.332,36597.0,36976.0,152124.0,47.6,44.7,22.9
"Stressed / Crisis (FX shock, drought, rate spike)",OXC-013,2024-09-01,232421.0,170396.0,0.267,49554.0,12472.0,142162.0,45.0,46.5,21.0
"Stressed / Crisis (FX shock, drought, rate spike)",OXC-013,2024-10-01,213325.0,159943.0,0.25,36154.0,17228.0,137607.0,45.0,45.9,36.6
"Stressed / Crisis (FX shock, drought, rate spike)",OXC-013,2024-11-01,225263.0,153331.0,0.319,35483.0,36450.0,153012.0,46.4,49.7,26.8
"Stressed / Crisis (FX shock, drought, rate spike)",OXC-013,2024-12-01,230294.0,172480.0,0.251,47257.0,10557.0,150885.0,44.9,36.6,39.5
"Stressed / Crisis (FX shock, drought, rate spike)",OXC-013,2025-01-01,235573.0,181301.0,0.23,45449.0,8822.0,156772.0,44.3,46.6,43.2
"Stressed / Crisis (FX shock, drought, rate spike)",OXC-013,2025-02-01,207799.0,158115.0,0.239,29631.0,20053.0,163272.0,42.6,38.7,31.7
"Stressed / Crisis (FX shock, drought, rate spike)",OXC-013,2025-03-01,201682.0,122436.0,0.393,29758.0,49488.0,200575.0,42.2,33.6,28.6
"Stressed / Crisis (FX shock, drought, rate spike)",OXC-013,2025-04-01,152789.0,115284.0,0.245,21184.0,16322.0,207889.0,40.4,26.1,31.4
"Stressed / Crisis (FX shock, drought, rate spike)",OXC-013,2025-05-01,226527.0,164849.0,0.272,39673.0,22005.0,215372.0,38.5,35.4,40.4
"Stressed / Crisis (FX shock, drought, rate spike)",OXC-013,2025-06-01,252201.0,190265.0,0.246,51563.0,10373.0,217270.0,35.4,26.0,22.0
"Stressed / Crisis (FX shock, drought, rate spike)",OXC-013,2025-07-01,311812.0,214867.0,0.311,66392.0,30552.0,224881.0,33.5,38.8,25.6
"Stressed / Crisis (FX shock, drought, rate spike)",OXC-013,2025-08-01,305225.0,221389.0,0.275,59738.0,24098.0,226551.0,31.7,45.5,43.7
"Stressed / Crisis (FX shock, drought, rate spike)",OXC-013,2025-09-01,291460.0,205866.0,0.294,58727.0,26867.0,232275.0,30.2,31.6,33.5
"Stressed / Crisis (FX shock, drought, rate spike)",OXC-013,2025-10-01,363899.0,243277.0,0.331,59426.0,61196.0,257362.0,33.1,49.6,37.1
"Stressed / Crisis (FX shock, drought, rate spike)",OXC-013,2025-11-01,428135.0,305192.0,0.287,81618.0,41326.0,266103.0,34.4,46.0,26.9
"Stressed / Crisis (FX shock, drought, rate spike)",OXC-013,2025-12-01,525906.0,366961.0,0.302,94711.0,64235.0,288987.0,32.7,48.4,26.7
"Stressed / Crisis (FX shock, drought, rate spike)",OXC-013,2026-01-01,407783.0,291028.0,0.286,75597.0,41158.0,307059.0,31.8,31.2,40.8
"Stressed / Crisis (FX shock, drought, rate spike)",OXC-013,2026-02-01,388075.0,255509.0,0.342,77376.0,55190.0,338439.0,35.6,36.8,29.9
"Stressed / Crisis (FX shock, drought, rate spike)",OXC-013,2026-03-01,340502.0,230793.0,0.322,70917.0,38792.0,339890.0,37.6,34.2,36.4
"Stressed / Crisis (FX shock, drought, rate spike)",OXC-013,2026-04-01,621355.0,433213.0,0.303,81116.0,107027.0,388807.0,36.4,28.1,20.2
"Stressed / Crisis (FX shock, drought, rate spike)",OXC-013,2026-05-01,415292.0,307822.0,0.259,76238.0,31232.0,391042.0,37.4,42.2,44.6
"Stressed / Crisis (FX shock, drought, rate spike)",OXC-013,2026-06-01,472627.0,317380.0,0.328,63510.0,91736.0,445203.0,40.0,40.6,22.1
"Stressed / Crisis (FX shock, drought, rate spike)",OXC-013,2026-07-01,369839.0,290830.0,0.214,65278.0,13731.0,443916.0,42.1,44.0,44.7
"Stressed / Crisis (FX shock, drought, rate spike)",OXC-014,2024-08-01,68556.0,50777.0,0.259,13120.0,4658.0,210706.0,37.4,42.2,22.5
"Stressed / Crisis (FX shock, drought, rate spike)",OXC-014,2024-09-01,72793.0,55299.0,0.24,12425.0,5069.0,217192.0,39.5,40.0,29.0
"Stressed / Crisis (FX shock, drought, rate spike)",OXC-014,2024-10-01,85491.0,62387.0,0.27,17049.0,6056.0,222670.0,39.9,48.5,28.0
"Stressed / Crisis (FX shock, drought, rate spike)",OXC-014,2024-11-01,98397.0,63121.0,0.359,20372.0,14904.0,230177.0,40.7,49.1,44.9
"Stressed / Crisis (FX shock, drought, rate spike)",OXC-014,2024-12-01,92501.0,65149.0,0.296,13094.0,14257.0,237691.0,42.5,45.0,22.3
"Stressed / Crisis (FX shock, drought, rate spike)",OXC-014,2025-01-01,91083.0,62817.0,0.31,11614.0,16652.0,242693.0,42.2,37.0,38.9
"Stressed / Crisis (FX shock, drought, rate spike)",OXC-014,2025-02-01,88694.0,75926.0,0.144,13995.0,-1227.0,241781.0,43.3,31.0,41.8
"Stressed / Crisis (FX shock, drought, rate spike)",OXC-014,2025-03-01,99030.0,77311.0,0.219,12363.0,9356.0,240530.0,44.5,41.0,42.7
"Stressed / Crisis (FX shock, drought, rate spike)",OXC-014,2025-04-01,92197.0,73052.0,0.208,11595.0,7549.0,241460.0,45.5,41.1,23.6
"Stressed / Crisis (FX shock, drought, rate spike)",OXC-014,2025-05-01,72519.0,61194.0,0.156,10319.0,1005.0,240322.0,47.9,36.2,41.3
"Stressed / Crisis (FX shock, drought, rate spike)",OXC-014,2025-06-01,84437.0,75672.0,0.104,17194.0,-8429.0,223513.0,46.4,27.4,34.4
"Stressed / Crisis (FX shock, drought, rate spike)",OXC-014,2025-07-01,59597.0,48586.0,0.185,10543.0,468.0,219453.0,45.8,40.3,39.3
"Stressed / Crisis (FX shock, drought, rate spike)",OXC-014,2025-08-01,47638.0,38327.0,0.195,6824.0,2488.0,221967.0,45.0,30.2,40.8
"Stressed / Crisis (FX shock, drought, rate spike)",OXC-014,2025-09-01,52597.0,37251.0,0.292,7403.0,7943.0,219885.0,44.7,38.3,30.1
"Stressed / Crisis (FX shock, drought, rate spike)",OXC-014,2025-10-01,53577.0,44610.0,0.167,8303.0,665.0,215321.0,47.1,30.8,29.7
"Stressed / Crisis (FX shock, drought, rate spike)",OXC-014,2025-11-01,46746.0,38954.0,0.167,10139.0,-2347.0,209545.0,44.6,44.0,43.2
"Stressed / Crisis (FX shock, drought, rate spike)",OXC-014,2025-12-01,34255.0,26139.0,0.237,6709.0,1408.0,217518.0,47.8,48.3,42.7
"Stressed / Crisis (FX shock, drought, rate spike)",OXC-014,2026-01-01,65181.0,47803.0,0.267,9307.0,8071.0,228366.0,46.4,28.7,32.4
"Stressed / Crisis (FX shock, drought, rate spike)",OXC-014,2026-02-01,48682.0,38828.0,0.202,7610.0,2244.0,232540.0,48.6,32.9,38.7
"Stressed / Crisis (FX shock, drought, rate spike)",OXC-014,2026-03-01,46258.0,32301.0,0.302,5793.0,8164.0,231892.0,48.7,47.6,30.8
"Stressed / Crisis (FX shock, drought, rate spike)",OXC-014,2026-04-01,41983.0,39707.0,0.054,8043.0,-5767.0,223507.0,50.9,44.7,44.4
"Stressed / Crisis (FX shock, drought, rate spike)",OXC-014,2026-05-01,37844.0,29638.0,0.217,5018.0,3189.0,225304.0,53.7,28.6,27.9
"Stressed / Crisis (FX shock, drought, rate spike)",OXC-014,2026-06-01,33330.0,26243.0,0.213,6357.0,730.0,226214.0,54.1,44.0,32.0
"Stressed / Crisis (FX shock, drought, rate spike)",OXC-014,2026-07-01,36645.0,26611.0,0.274,7400.0,2635.0,223294.0,55.6,27.1,35.7
"Stressed / Crisis (FX shock, drought, rate spike)",OXC-015,2024-08-01,69677.0,58810.0,0.156,9513.0,1354.0,122142.0,47.3,33.9,33.8
"Stressed / Crisis (FX shock, drought, rate spike)",OXC-015,2024-09-01,56709.0,30662.0,0.459,12465.0,13582.0,128031.0,48.9,30.8,37.7
"Stressed / Crisis (FX shock, drought, rate spike)",OXC-015,2024-10-01,45386.0,32884.0,0.275,8844.0,3658.0,130097.0,47.8,45.4,43.2
"Stressed / Crisis (FX shock, drought, rate spike)",OXC-015,2024-11-01,63268.0,49453.0,0.218,11201.0,2615.0,121987.0,46.4,42.2,26.1
"Stressed / Crisis (FX shock, drought, rate spike)",OXC-015,2024-12-01,78586.0,65198.0,0.17,16016.0,-2628.0,120777.0,42.4,37.1,22.3
"Stressed / Crisis (FX shock, drought, rate spike)",OXC-015,2025-01-01,91404.0,70468.0,0.229,15458.0,5478.0,119442.0,40.6,28.5,21.3
"Stressed / Crisis (FX shock, drought, rate spike)",OXC-015,2025-02-01,68958.0,63094.0,0.085,13531.0,-7667.0,110703.0,39.6,45.2,35.5
"Stressed / Crisis (FX shock, drought, rate spike)",OXC-015,2025-03-01,77460.0,52640.0,0.32,15944.0,8876.0,107178.0,40.1,47.8,27.1
"Stressed / Crisis (FX shock, drought, rate spike)",OXC-015,2025-04-01,50396.0,38917.0,0.228,10603.0,876.0,111063.0,39.0,36.1,50.4
"Stressed / Crisis (FX shock, drought, rate spike)",OXC-015,2025-05-01,37987.0,31952.0,0.159,4876.0,1160.0,118306.0,40.8,49.7,35.8
"Stressed / Crisis (FX shock, drought, rate spike)",OXC-015,2025-06-01,43877.0,42459.0,0.032,7935.0,-6517.0,114926.0,40.9,45.3,40.9
"Stressed / Crisis (FX shock, drought, rate spike)",OXC-015,2025-07-01,41159.0,38361.0,0.068,7663.0,-4864.0,114161.0,37.7,52.6,43.1
"Stressed / Crisis (FX shock, drought, rate spike)",OXC-015,2025-08-01,33370.0,30073.0,0.099,6975.0,-3679.0,109635.0,38.3,55.7,26.1
"Stressed / Crisis (FX shock, drought, rate spike)",OXC-015,2025-09-01,34123.0,33548.0,0.017,7050.0,-6475.0,105154.0,39.3,43.5,30.3
"Stressed / Crisis (FX shock, drought, rate spike)",OXC-015,2025-10-01,34789.0,29334.0,0.157,6258.0,-802.0,109071.0,42.4,53.8,38.8
"Stressed / Crisis (FX shock, drought, rate spike)",OXC-015,2025-11-01,21575.0,18921.0,0.123,3484.0,-830.0,102212.0,43.6,41.2,37.5
"Stressed / Crisis (FX shock, drought, rate spike)",OXC-015,2025-12-01,22428.0,21514.0,0.041,4933.0,-4020.0,97449.0,45.7,40.2,38.1
"Stressed / Crisis (FX shock, drought, rate spike)",OXC-015,2026-01-01,17448.0,16315.0,0.065,2313.0,-1180.0,94527.0,46.6,55.1,38.9
"Stressed / Crisis (FX shock, drought, rate spike)",OXC-015,2026-02-01,8190.0,8108.0,0.01,1219.0,-1137.0,90181.0,48.4,43.6,27.6
"Stressed / Crisis (FX shock, drought, rate spike)",OXC-015,2026-03-01,4927.0,4570.0,0.073,904.0,-547.0,100390.0,48.4,47.1,48.0
"Stressed / Crisis (FX shock, drought, rate spike)",OXC-015,2026-04-01,4392.0,4348.0,0.01,950.0,-906.0,96054.0,51.2,41.4,30.0
"Stressed / Crisis (FX shock, drought, rate spike)",OXC-015,2026-05-01,3908.0,3849.0,0.015,653.0,-594.0,96505.0,52.4,43.3,45.2
"Stressed / Crisis (FX shock, drought, rate spike)",OXC-015,2026-06-01,3000.0,2970.0,0.01,374.0,-344.0,105273.0,53.0,57.3,34.5
"Stressed / Crisis (FX shock, drought, rate spike)",OXC-015,2026-07-01,3000.0,2970.0,0.01,548.0,-518.0,105714.0,50.6,43.4,46.6
