environment,company_id,month,revenue_usd,cogs_usd,gross_margin_pct,opex_usd,ebitda_usd,cash_balance_usd,accounts_receivable_days,accounts_payable_days,inventory_turnover_days,transaction_count,transaction_volume_usd,top5_customer_concentration_pct,anomaly_flag,monthly_report_submitted_on_time,days_late_reporting,leadership_turnover_event,auditor_changed_event,amount_due_usd,amount_paid_usd,days_late,payment_status,revenue_3m_pct_change,ebitda_margin,cash_runway_months,amount_paid_ratio,receivable_payable_gap,label_distress_next_3m,distress_risk_score,risk_tier
Stable Market,OXC-001,2024-11-01,183430.0,120514.0,0.343,32014.0,30901.0,235194.0,36.5,25.4,39.6,659,186502.0,0.22,0,1,0,0,0,20115.0,20115.0,0.0,On Time,-0.1610946975587001,0.1684620836286322,7.346598363216093,1.0,11.100000000000001,0,0.0,Low
Stable Market,OXC-001,2024-12-01,211042.0,134444.0,0.363,35331.0,41266.0,255561.0,36.8,46.0,28.8,532,200591.0,0.45,0,0,17,0,0,20115.0,20115.0,0.0,On Time,0.07157291846495983,0.1955345381488045,7.233336163708924,1.0,-9.200000000000003,0,0.0,Low
Stable Market,OXC-001,2025-01-01,205302.0,132782.0,0.353,30888.0,41632.0,278655.0,37.5,46.3,38.6,1246,201207.0,0.34,0,1,0,0,0,20115.0,20115.0,0.0,On Time,-0.10243036580087528,0.20278419109409554,9.021464646464647,1.0,-8.799999999999997,0,0.0,Low
Stable Market,OXC-001,2025-02-01,220015.0,150673.0,0.315,45557.0,23785.0,287906.0,35.9,38.1,29.4,629,227608.0,0.22,0,1,0,0,0,20115.0,20115.0,0.0,On Time,0.1994493812353486,0.10810626548189896,6.319687424545076,1.0,-2.200000000000003,0,0.0,Low
Stable Market,OXC-001,2025-03-01,200549.0,135717.0,0.323,25172.0,39660.0,305827.0,36.8,42.8,24.1,591,191789.0,0.44,0,1,0,0,0,20115.0,20115.0,0.0,On Time,-0.04971996095563913,0.19775715660511894,12.149491498490386,1.0,-6.0,0,0.0,Low
Stable Market,OXC-001,2025-04-01,211251.0,137595.0,0.349,30534.0,43123.0,324353.0,37.7,39.7,33.6,1033,210710.0,0.29,0,1,0,0,0,20115.0,20115.0,0.0,On Time,0.02897682438553928,0.20413157807537005,10.622682910853475,1.0,-2.0,0,0.0,Low
Stable Market,OXC-001,2025-05-01,222848.0,148592.0,0.333,45161.0,29095.0,334613.0,37.1,37.2,32.6,1458,224253.0,0.3,0,1,0,0,0,20115.0,20115.0,0.0,On Time,0.012876394791264234,0.1305598434807582,7.409335488585284,1.0,-0.10000000000000142,0,0.0,Low
Stable Market,OXC-001,2025-06-01,238489.0,153274.0,0.357,47933.0,37282.0,361605.0,31.7,26.9,22.4,1254,247033.0,0.39,0,0,4,0,0,20115.0,20115.0,0.0,On Time,0.1891806989812963,0.15632586827904013,7.543967621471637,1.0,4.800000000000001,0,0.0,Low
Stable Market,OXC-001,2025-07-01,250035.0,170577.0,0.318,48513.0,30944.0,373801.0,30.9,25.8,26.4,1303,266105.0,0.18,0,1,0,0,0,20115.0,20115.0,0.0,On Time,0.1835920303335843,0.12375867378567,7.70517180961804,1.0,5.099999999999998,0,0.0,Low
Stable Market,OXC-001,2025-08-01,228512.0,149055.0,0.348,42827.0,36630.0,388262.0,33.2,41.8,26.3,1302,229161.0,0.31,0,1,0,0,0,20115.0,20115.0,0.0,On Time,0.025416427340608783,0.16029792746113988,9.065822962150046,1.0,-8.599999999999994,0,0.0,Low
Stable Market,OXC-001,2025-09-01,253681.0,170627.0,0.327,48881.0,34173.0,390307.0,35.4,47.2,30.1,689,284036.0,0.39,0,1,0,0,0,20115.0,20115.0,0.0,On Time,0.06370105120152303,0.13470855129079434,7.984840735664164,1.0,-11.800000000000004,0,0.0,Low
Stable Market,OXC-001,2025-10-01,259881.0,176344.0,0.321,54498.0,29040.0,395747.0,35.5,29.0,37.6,654,255277.0,0.28,0,1,0,0,0,20115.0,20115.0,0.0,On Time,0.03937848701181834,0.11174345181063641,7.26167932768175,1.0,6.5,0,0.0,Low
Stable Market,OXC-001,2025-11-01,270255.0,174769.0,0.353,45311.0,50175.0,412645.0,33.6,31.5,21.2,656,265006.0,0.37,0,1,0,0,0,20115.0,20115.0,0.0,On Time,0.18267312001120284,0.18565798967641672,9.10694974730198,1.0,2.1000000000000014,0,0.0,Low
Stable Market,OXC-001,2025-12-01,233388.0,160687.0,0.312,33537.0,39164.0,421470.0,30.9,33.9,21.9,639,238347.0,0.27,0,1,0,0,0,20115.0,20115.0,0.0,On Time,-0.07999416590126973,0.1678063996435121,12.567313713212274,1.0,-3.0,0,0.0,Low
Stable Market,OXC-001,2026-01-01,253890.0,159413.0,0.372,53775.0,40702.0,433408.0,33.8,46.3,44.7,674,255151.0,0.4,0,1,0,0,0,20115.0,20115.0,0.0,On Time,-0.023052858808454646,0.16031352160384418,8.059655973965597,1.0,-12.5,0,0.0,Low
Stable Market,OXC-001,2026-02-01,233040.0,149119.0,0.36,44235.0,39686.0,452447.0,32.7,45.6,31.6,614,216044.0,0.34,0,1,0,0,0,20115.0,20115.0,0.0,On Time,-0.1377032802353333,0.17029694473051837,10.22825816661015,1.0,-12.899999999999999,0,0.0,Low
Stable Market,OXC-001,2026-03-01,237041.0,148253.0,0.375,32982.0,55806.0,483444.0,31.6,40.9,25.9,688,251508.0,0.25,1,1,0,0,0,20115.0,20115.0,0.0,On Time,0.01565204723464797,0.23542762644437037,14.657813352737858,1.0,-9.299999999999997,0,0.0,Low
Stable Market,OXC-001,2026-04-01,247825.0,154648.0,0.376,39964.0,53214.0,507903.0,32.1,38.4,44.8,1486,244595.0,0.18,0,1,0,0,0,20115.0,20115.0,0.0,On Time,-0.02388829808184645,0.2147240996671038,12.70901311180062,1.0,-6.299999999999997,0,0.0,Low
Stable Market,OXC-001,2026-05-01,240352.0,162301.0,0.325,37298.0,40753.0,522330.0,33.6,36.7,43.3,619,228024.0,0.31,0,0,10,0,0,20115.0,20115.0,0.0,On Time,0.0313765877102643,0.1695554852882439,14.004236152072497,1.0,-3.1000000000000014,0,0.0,Low
Stable Market,OXC-001,2026-06-01,237635.0,141604.0,0.404,47949.0,48083.0,547881.0,31.7,34.3,35.0,1299,214477.0,0.35,0,1,0,0,0,20115.0,20115.0,0.0,On Time,0.0025058956045578284,0.20233972268394806,11.426327973471814,1.0,-2.599999999999998,0,0.0,Low
Stable Market,OXC-001,2026-07-01,239383.0,163402.0,0.317,28921.0,47061.0,568365.0,32.0,45.3,22.1,1515,231636.0,0.39,0,1,0,0,0,20115.0,20115.0,0.0,On Time,-0.03406435993140322,0.19659290759995487,19.65232875765015,1.0,-13.299999999999997,0,0.0,Low
Stable Market,OXC-002,2024-11-01,103140.0,68764.0,0.333,18801.0,15575.0,259523.0,59.7,29.5,43.0,253,101862.0,0.22,0,1,0,0,0,14715.0,14715.0,0.0,On Time,-0.14920645395453191,0.15100833818111306,13.803680655284293,1.0,30.200000000000003,0,0.0,Low
Stable Market,OXC-002,2024-12-01,110483.0,72264.0,0.346,23501.0,14718.0,265751.0,57.4,36.2,35.7,267,113326.0,0.31,0,1,0,0,0,14715.0,14715.0,0.0,On Time,-0.034011523698775026,0.13321506476109446,11.3080719969363,1.0,21.199999999999996,0,0.0,Low
Stable Market,OXC-002,2025-01-01,106443.0,72585.0,0.318,19521.0,14337.0,268916.0,57.4,29.9,36.5,314,110138.0,0.36,1,1,0,0,0,14715.0,14715.0,0.0,On Time,-0.01142347663759713,0.13469180688255686,13.77572870242303,1.0,27.5,0,0.0,Low
Stable Market,OXC-002,2025-02-01,112635.0,71706.0,0.363,23791.0,17138.0,274748.0,57.6,49.7,39.8,513,112909.0,0.22,0,0,2,0,0,14715.0,14715.0,0.0,On Time,0.0920593368237348,0.15215519154792026,11.548400655710143,1.0,7.899999999999999,0,0.0,Low
Stable Market,OXC-002,2025-03-01,105028.0,68733.0,0.346,13367.0,22929.0,277552.0,58.4,42.6,42.9,423,106834.0,0.26,0,1,0,0,0,14715.0,14715.0,0.0,On Time,-0.0493741118543124,0.21831321171497126,20.763970973292437,1.0,15.799999999999997,0,0.0,Low
Stable Market,OXC-002,2025-04-01,107935.0,75912.0,0.297,16617.0,15406.0,285123.0,61.0,27.2,22.9,317,106665.0,0.27,0,1,0,0,0,14715.0,14715.0,0.0,On Time,0.014016891669719866,0.14273405290220967,17.158512366853223,1.0,33.8,0,0.0,Low
Stable Market,OXC-002,2025-05-01,124010.0,77739.0,0.373,15053.0,31218.0,306732.0,63.7,39.5,41.3,692,124827.0,0.24,0,1,0,0,0,14715.0,14715.0,3.0,Late,0.10098992320326716,0.2517377630836223,20.37680196638544,1.0,24.200000000000003,0,0.0,Low
Stable Market,OXC-002,2025-06-01,121904.0,76606.0,0.372,26278.0,19020.0,312046.0,65.2,41.6,44.9,523,119382.0,0.25,0,1,0,0,0,14715.0,14715.0,2.0,Late,0.16068096126747156,0.15602441265257908,11.87480021310602,1.0,23.6,0,0.0,Low
Stable Market,OXC-002,2025-07-01,127331.0,83547.0,0.344,24540.0,19243.0,321558.0,67.5,31.5,29.7,432,126350.0,0.42,0,0,14,0,0,14715.0,14715.0,0.0,On Time,0.179700745819243,0.15112580597026648,13.103422982885085,1.0,36.0,0,0.0,Low
Stable Market,OXC-002,2025-08-01,117868.0,75659.0,0.358,17200.0,25008.0,329806.0,61.8,40.5,33.9,400,117127.0,0.18,0,1,0,0,0,14715.0,14715.0,0.0,On Time,-0.04952826384968956,0.21216954559337564,19.174767441860464,1.0,21.299999999999997,0,0.0,Low
Stable Market,OXC-002,2025-09-01,119384.0,75083.0,0.371,22782.0,21519.0,341939.0,60.4,37.5,20.9,650,124361.0,0.43,0,1,0,0,0,14715.0,14715.0,0.0,On Time,-0.02067200420002624,0.18025028479528246,15.009173909226583,1.0,22.9,0,0.0,Low
Stable Market,OXC-002,2025-10-01,120433.0,83203.0,0.309,17923.0,19307.0,353238.0,59.7,33.9,26.2,360,116059.0,0.33,0,1,0,0,0,14715.0,14715.0,0.0,On Time,-0.05417376758212844,0.1603132031918162,19.708642526362773,1.0,25.800000000000004,0,0.0,Low
Stable Market,OXC-002,2025-11-01,116554.0,78527.0,0.326,19875.0,18152.0,356382.0,57.2,26.5,35.3,818,122453.0,0.4,0,1,0,0,0,14715.0,14715.0,0.0,On Time,-0.011148063935928376,0.15573897077749368,17.931169811320753,1.0,30.700000000000003,0,0.0,Low
Stable Market,OXC-002,2025-12-01,111978.0,76009.0,0.321,16527.0,19442.0,366316.0,57.9,41.6,33.4,317,112237.0,0.39,0,1,0,0,0,14715.0,14715.0,0.0,On Time,-0.06203511358305969,0.17362339030881066,22.164700187571853,1.0,16.299999999999997,0,0.0,Low
Stable Market,OXC-002,2026-01-01,117288.0,79635.0,0.321,20923.0,16730.0,370862.0,60.5,37.5,22.0,542,112662.0,0.3,0,1,0,0,0,14715.0,14715.0,0.0,On Time,-0.02611410493801536,0.14264033831252984,17.725087224585383,1.0,23.0,0,0.0,Low
Stable Market,OXC-002,2026-02-01,113949.0,77349.0,0.321,24814.0,11786.0,377902.0,61.8,42.2,27.2,281,118485.0,0.42,0,1,0,0,0,14715.0,14715.0,0.0,On Time,-0.02235015529282569,0.10343223722893576,15.229386636576127,1.0,19.599999999999994,0,0.0,Low
Stable Market,OXC-002,2026-03-01,123055.0,80562.0,0.345,19846.0,22647.0,395213.0,60.2,36.3,40.4,818,125589.0,0.3,0,1,0,0,0,14715.0,14715.0,0.0,On Time,0.09892121666755971,0.1840396570639145,19.91398770533105,1.0,23.900000000000006,0,0.0,Low
Stable Market,OXC-002,2026-04-01,130507.0,80148.0,0.386,20648.0,29710.0,406318.0,55.0,25.9,33.9,429,130473.0,0.47,0,1,0,0,0,14715.0,14715.0,3.0,Late,0.11270547711615841,0.22765062410445416,19.678322355676094,1.0,29.1,0,0.0,Low
Stable Market,OXC-002,2026-05-01,139961.0,93493.0,0.332,17238.0,29229.0,423944.0,54.6,26.9,32.3,911,128702.0,0.31,0,1,0,0,0,14715.0,14715.0,0.0,On Time,0.228277562769309,0.20883674737962718,24.593572340178675,1.0,27.700000000000003,0,0.0,Low
Stable Market,OXC-002,2026-06-01,136426.0,88960.0,0.348,24667.0,22799.0,436209.0,54.5,32.7,38.5,595,141135.0,0.29,0,1,0,0,0,14715.0,14715.0,0.0,On Time,0.10865872983625202,0.1671162388401038,17.68390967689626,1.0,21.799999999999997,0,0.0,Low
Stable Market,OXC-002,2026-07-01,131817.0,89850.0,0.318,24397.0,17570.0,436837.0,54.8,40.9,44.6,846,122775.0,0.42,0,1,0,0,0,14715.0,14715.0,0.0,On Time,0.010037775751492228,0.13329085019382933,17.905357216051154,1.0,13.899999999999999,0,0.0,Low
Stable Market,OXC-003,2024-11-01,175288.0,130233.0,0.257,35387.0,9668.0,239596.0,33.4,47.8,24.4,699,177026.0,0.41,0,0,2,0,0,17730.0,17730.0,0.0,On Time,-0.01252316757834726,0.055154945004792115,6.770735015683726,1.0,-14.399999999999999,0,0.0,Low
Stable Market,OXC-003,2024-12-01,167189.0,125298.0,0.251,20517.0,21374.0,249093.0,35.3,34.7,39.3,732,160309.0,0.24,0,1,0,0,0,17730.0,17730.0,0.0,On Time,0.07967659233714985,0.1278433389756503,12.140810059950285,1.0,0.5999999999999943,0,0.0,Low
Stable Market,OXC-003,2025-01-01,147021.0,114105.0,0.224,18154.0,14762.0,255541.0,36.3,46.4,23.7,384,156495.0,0.31,0,0,10,0,0,17730.0,17730.0,0.0,On Time,-0.10198085721091887,0.1004074247896559,14.076291726341303,1.0,-10.100000000000001,0,0.0,Low
Stable Market,OXC-003,2025-02-01,174376.0,132824.0,0.238,28713.0,12839.0,259725.0,37.7,28.2,43.9,788,184210.0,0.31,0,1,0,0,0,17730.0,17730.0,0.0,On Time,-0.0052028661402948595,0.0736282515942561,9.045554278549785,1.0,9.500000000000004,0,0.0,Low
Stable Market,OXC-003,2025-03-01,173202.0,129998.0,0.249,30800.0,12404.0,262632.0,38.4,27.0,36.4,637,167589.0,0.39,0,1,0,0,0,17730.0,17730.0,0.0,On Time,0.03596528479744476,0.07161580120321936,8.527012987012988,1.0,11.399999999999999,0,0.0,Low
Stable Market,OXC-003,2025-04-01,162220.0,125449.0,0.227,31482.0,5289.0,267190.0,41.4,32.0,39.2,421,155101.0,0.3,0,1,0,0,0,17730.0,17730.0,0.0,On Time,0.10337978928180336,0.032603871285908026,8.487071977638015,1.0,9.399999999999999,0,0.0,Low
Stable Market,OXC-003,2025-05-01,175142.0,136750.0,0.219,23525.0,14867.0,276344.0,42.6,31.3,42.3,641,170646.0,0.5,0,1,0,0,0,17730.0,17730.0,0.0,On Time,0.004392806349497569,0.08488540726952987,11.746822529224229,1.0,11.3,0,0.0,Low
Stable Market,OXC-003,2025-06-01,170305.0,129180.0,0.241,31371.0,9754.0,283708.0,38.7,40.8,24.1,901,165729.0,0.2,0,1,0,0,0,17730.0,17730.0,0.0,On Time,-0.01672613480213858,0.05727371480578961,9.04363902967709,1.0,-2.0999999999999943,0,0.0,Low
Stable Market,OXC-003,2025-07-01,181424.0,136874.0,0.246,25896.0,18654.0,289645.0,39.6,27.7,34.6,494,181291.0,0.23,0,0,5,0,0,17730.0,17730.0,0.0,On Time,0.11838244359511774,0.10281991357262545,11.18493203583565,1.0,11.900000000000002,0,0.0,Low
Stable Market,OXC-003,2025-08-01,176860.0,132764.0,0.249,38464.0,5632.0,294128.0,39.4,39.9,30.3,902,174385.0,0.26,0,1,0,0,0,17730.0,17730.0,0.0,On Time,0.009809183405465216,0.031844396697953185,7.646838602329451,1.0,-0.5,0,0.0,Low
Stable Market,OXC-003,2025-09-01,155918.0,117300.0,0.248,29907.0,8710.0,294123.0,41.3,28.6,27.4,909,154208.0,0.29,0,1,0,0,0,17730.0,17730.0,0.0,On Time,-0.08447784856580842,0.055862697058710345,9.834587220383188,1.0,12.699999999999996,0,0.0,Low
Stable Market,OXC-003,2025-10-01,149428.0,115790.0,0.225,22401.0,11237.0,291868.0,43.1,49.5,24.2,557,136805.0,0.27,0,1,0,0,0,17730.0,17730.0,0.0,On Time,-0.17636034923714616,0.07520009636748133,13.029239766081872,1.0,-6.399999999999999,0,0.0,Low
Stable Market,OXC-003,2025-11-01,144692.0,108290.0,0.252,20912.0,15490.0,296177.0,43.1,38.7,38.3,428,142348.0,0.36,0,1,0,0,0,17730.0,17730.0,0.0,On Time,-0.1818839760262354,0.1070549857628618,14.163016449885234,1.0,4.399999999999999,0,0.0,Low
Stable Market,OXC-003,2025-12-01,148104.0,111786.0,0.245,18792.0,17527.0,294818.0,41.9,28.0,37.3,732,144409.0,0.3,0,1,0,0,0,17730.0,17730.0,0.0,On Time,-0.05011608666093714,0.1183425160697888,15.688484461472967,1.0,13.899999999999999,0,0.0,Low
Stable Market,OXC-003,2026-01-01,150359.0,112165.0,0.254,30858.0,7336.0,297179.0,41.6,34.5,36.7,489,155767.0,0.18,0,1,0,0,0,17730.0,17730.0,0.0,On Time,0.006230425355355118,0.04878989618180488,9.630533411108951,1.0,7.100000000000001,0,0.0,Low
Stable Market,OXC-003,2026-02-01,151501.0,115265.0,0.239,23404.0,12832.0,307342.0,43.6,29.2,35.6,557,148891.0,0.32,0,1,0,0,0,17730.0,17730.0,0.0,On Time,0.047058579603571626,0.08469911089695778,13.132028713040507,1.0,14.400000000000002,0,0.0,Low
Stable Market,OXC-003,2026-03-01,161930.0,116811.0,0.279,20150.0,24969.0,315262.0,44.4,32.5,43.0,786,164978.0,0.3,0,1,0,0,0,17730.0,17730.0,0.0,On Time,0.09335331928914825,0.15419625764219108,15.64575682382134,1.0,11.899999999999999,0,0.0,Low
Stable Market,OXC-003,2026-04-01,180193.0,139668.0,0.225,35111.0,5415.0,318579.0,46.0,40.3,36.8,778,169989.0,0.35,0,1,0,0,0,17730.0,17730.0,0.0,On Time,0.19841845183859963,0.03005111186339092,9.073481245193815,1.0,5.700000000000003,0,0.0,Low
Stable Market,OXC-003,2026-05-01,192221.0,149743.0,0.221,40603.0,1875.0,315477.0,44.4,46.0,28.1,1228,188262.0,0.32,0,1,0,0,0,17730.0,17730.0,2.0,Late,0.2687771037814932,0.009754397282294859,7.76979533532005,1.0,-1.6000000000000014,0,0.0,Low
Stable Market,OXC-003,2026-06-01,205481.0,160262.0,0.22,27600.0,17619.0,324343.0,43.4,38.1,40.2,1110,201628.0,0.43,1,1,0,0,0,17730.0,17730.0,0.0,On Time,0.26894954610016675,0.0857451540531728,11.751557971014492,1.0,5.299999999999997,0,0.0,Low
Stable Market,OXC-003,2026-07-01,211711.0,155102.0,0.267,40852.0,15758.0,328240.0,41.9,37.2,39.9,562,216060.0,0.28,0,1,0,0,0,17730.0,17730.0,0.0,On Time,0.17491245497882835,0.07443165447237035,8.034857534514835,1.0,4.699999999999996,0,0.0,Low
Stable Market,OXC-004,2024-11-01,233764.0,173905.0,0.256,35920.0,23940.0,169955.0,32.8,25.0,39.1,1040,219491.0,0.23,0,1,0,0,0,16380.0,16380.0,0.0,On Time,0.2604278997541303,0.10241097859379546,4.731486636971047,1.0,7.799999999999997,0,0.0,Low
Stable Market,OXC-004,2024-12-01,203696.0,146534.0,0.281,41566.0,15596.0,176009.0,31.4,39.0,30.7,1194,193123.0,0.33,0,1,0,0,0,16380.0,16380.0,0.0,On Time,-0.02765300326031439,0.07656507737019873,4.234446422556897,1.0,-7.600000000000001,0,0.0,Low
Stable Market,OXC-004,2025-01-01,216629.0,158973.0,0.266,41169.0,16487.0,179762.0,33.3,31.2,41.6,536,230966.0,0.38,0,1,0,0,0,16380.0,16380.0,0.0,On Time,-0.009600921688482145,0.07610707707647638,4.366440768539435,1.0,2.099999999999998,0,0.0,Low
Stable Market,OXC-004,2025-02-01,213202.0,153627.0,0.279,37611.0,21964.0,190809.0,30.9,47.7,30.8,1208,223859.0,0.4,0,1,0,0,0,16380.0,16380.0,0.0,On Time,-0.08796050717817971,0.10301967148525812,5.073223259152908,1.0,-16.800000000000004,0,0.0,Low
Stable Market,OXC-004,2025-03-01,233959.0,168598.0,0.279,36452.0,28910.0,205623.0,31.1,45.3,22.6,1616,233982.0,0.34,0,1,0,0,0,16380.0,16380.0,0.0,On Time,0.1485694368077921,0.12356865946597481,5.6409250521233405,1.0,-14.199999999999996,0,0.0,Low
Stable Market,OXC-004,2025-04-01,211240.0,156692.0,0.258,41162.0,13386.0,208421.0,30.8,28.7,38.7,567,203304.0,0.37,0,1,0,0,0,16380.0,16380.0,0.0,On Time,-0.024876632399170928,0.06336868017420944,5.063432291919732,1.0,2.1000000000000014,0,0.0,Low
Stable Market,OXC-004,2025-05-01,181676.0,134096.0,0.262,39537.0,8043.0,213585.0,33.3,39.2,27.3,795,179439.0,0.24,0,1,0,0,0,16380.0,16380.0,0.0,On Time,-0.14786915694974723,0.0442711200158524,5.402154943470673,1.0,-5.900000000000006,0,0.0,Low
Stable Market,OXC-004,2025-06-01,170309.0,128144.0,0.248,21831.0,20334.0,219142.0,36.8,55.2,28.3,617,175751.0,0.5,0,1,0,0,1,16380.0,16380.0,0.0,On Time,-0.27205621497783805,0.11939474719480474,10.03811094315423,1.0,-18.400000000000006,0,0.0,Low
Stable Market,OXC-004,2025-07-01,146065.0,118490.0,0.189,21078.0,6497.0,213023.0,32.9,43.3,48.2,761,146904.0,0.74,1,0,9,0,0,16380.0,16380.0,0.0,On Time,-0.3085353152811967,0.0444801971724917,10.10641427080368,1.0,-10.399999999999999,0,0.0,Low
Stable Market,OXC-004,2025-08-01,128195.0,105533.0,0.177,18322.0,4339.0,210676.0,31.9,49.4,32.1,317,128370.0,0.95,0,1,0,1,0,16380.0,16380.0,10.0,Late,-0.2943757017988067,0.03384687390303834,11.498526361750901,1.0,-17.5,1,99.8,High
Stable Market,OXC-004,2025-09-01,101019.0,90714.0,0.102,13053.0,-2747.0,204826.0,31.8,54.6,27.1,354,96826.0,0.96,1,1,0,1,0,16380.0,16380.0,15.0,Late,-0.4068487279004632,-0.02719290430513072,15.691871600398375,1.0,-22.8,1,100.0,High
Stable Market,OXC-004,2025-10-01,89405.0,81809.0,0.085,17924.0,-10328.0,196321.0,32.8,47.7,48.6,300,91596.0,0.96,1,0,7,0,0,16380.0,16380.0,15.0,Late,-0.3879094923492965,-0.11551926626027627,10.952968087480473,1.0,-14.900000000000006,1,100.0,High
Stable Market,OXC-004,2025-11-01,63095.0,60084.0,0.048,12334.0,-9323.0,183598.0,35.5,56.6,29.0,197,62316.0,0.96,0,1,0,0,0,16380.0,16380.0,14.0,Late,-0.5078201177893054,-0.1477613123068389,14.88551970163775,1.0,-21.1,0,0.0,Low
Stable Market,OXC-004,2025-12-01,44603.0,44157.0,0.01,8283.0,-7837.0,178516.0,34.1,43.4,45.8,246,43726.0,0.96,0,0,2,0,0,16380.0,16380.0,26.0,Late,-0.5584691988635802,-0.1757056700221958,21.552094651696244,1.0,-9.299999999999997,0,0.0,Low
Stable Market,OXC-004,2026-01-01,30275.0,29973.0,0.01,6329.0,-6026.0,172930.0,33.6,53.3,34.3,166,28091.0,0.96,0,1,0,0,0,16380.0,16380.0,19.0,Late,-0.6613724064649629,-0.19904211395540874,27.323431821772793,1.0,-19.699999999999996,0,0.0,Low
Stable Market,OXC-004,2026-02-01,16993.0,16823.0,0.01,2967.0,-2797.0,165513.0,32.5,55.6,50.3,47,17082.0,0.96,1,0,2,0,0,16380.0,16380.0,27.0,Late,-0.7306759648149616,-0.16459718707703172,55.78463094034378,1.0,-23.1,0,0.0,Low
Stable Market,OXC-004,2026-03-01,9935.0,9836.0,0.01,1366.0,-1267.0,157488.0,33.1,49.6,50.1,27,9994.0,0.96,1,1,0,0,0,16380.0,16380.0,28.0,Late,-0.7772571351702801,-0.12752893809763463,115.2913616398243,1.0,-16.5,0,0.0,Low
Stable Market,OXC-004,2026-04-01,5655.0,5598.0,0.01,1209.0,-1153.0,149908.0,32.4,42.8,43.6,13,5510.0,0.96,0,1,0,0,0,16380.0,16380.0,0.0,On Time,-0.8132122213047068,-0.20389036251105216,123.9933829611249,1.0,-10.399999999999999,0,0.0,Low
Stable Market,OXC-004,2026-05-01,3000.0,2970.0,0.01,384.0,-354.0,152326.0,31.6,36.2,42.1,12,2911.0,0.96,0,0,1,0,0,16380.0,16380.0,0.0,On Time,-0.8234567174719002,-0.118,396.6822916666667,1.0,-4.600000000000001,0,0.0,Low
Stable Market,OXC-004,2026-06-01,3000.0,2970.0,0.01,520.0,-490.0,148011.0,33.8,37.0,42.0,15,2865.0,0.96,1,0,10,0,0,16380.0,10502.0,50.0,Partial/Default Risk,-0.6980372420734776,-0.16333333333333333,284.63653846153846,0.6411477411477412,-3.200000000000003,0,0.0,Low
Stable Market,OXC-004,2026-07-01,3000.0,2970.0,0.01,622.0,-592.0,155080.0,32.8,48.3,49.6,8,2833.0,0.96,0,0,12,0,0,16380.0,11722.0,39.0,Partial/Default Risk,-0.4694960212201591,-0.19733333333333333,249.32475884244374,0.7156288156288156,-15.5,0,0.0,Low
Stable Market,OXC-005,2024-11-01,215646.0,172355.0,0.201,33278.0,10013.0,207320.0,53.0,49.6,22.0,654,214276.0,0.37,0,1,0,0,0,,,0.0,,0.0016303211872081835,0.04643257931981117,6.229941703227357,1.0,3.3999999999999986,0,0.0,Low
Stable Market,OXC-005,2024-12-01,237719.0,184050.0,0.226,35509.0,18160.0,215836.0,49.2,49.1,44.8,703,231758.0,0.29,0,1,0,0,0,,,0.0,,0.28473145475966577,0.0763927157694589,6.07834633473204,1.0,0.10000000000000142,0,0.0,Low
Stable Market,OXC-005,2025-01-01,215779.0,167465.0,0.224,35764.0,12550.0,215572.0,49.7,48.1,35.2,1418,214598.0,0.51,0,0,16,0,0,,,0.0,,0.0170434995734412,0.05816135953915812,6.027625545241024,1.0,1.6000000000000014,0,0.0,Low
Stable Market,OXC-005,2025-02-01,194667.0,144228.0,0.259,27615.0,22824.0,226035.0,46.7,26.9,27.5,856,196732.0,0.37,1,0,6,0,0,,,0.0,,-0.09728443838513123,0.11724637457812573,8.185225420966866,1.0,19.800000000000004,0,0.0,Low
Stable Market,OXC-005,2025-03-01,190868.0,148854.0,0.22,25890.0,16124.0,228325.0,46.2,49.6,38.7,462,200566.0,0.42,0,1,0,0,0,,,0.0,,-0.19708563471998453,0.08447723033719638,8.819042101197374,1.0,-3.3999999999999986,0,0.0,Low
Stable Market,OXC-005,2025-04-01,200930.0,150653.0,0.25,25268.0,25009.0,240945.0,47.8,27.4,24.4,625,189063.0,0.21,0,1,0,0,0,,,0.0,,-0.06881577910732739,0.12446623202110188,9.535578597435492,1.0,20.4,0,0.0,Low
Stable Market,OXC-005,2025-05-01,185360.0,139805.0,0.246,27406.0,18149.0,251203.0,46.7,44.4,28.1,446,186971.0,0.2,0,1,0,0,0,,,0.0,,-0.04780984964066848,0.09791217091066033,9.165985550609356,1.0,2.3000000000000043,0,0.0,Low
Stable Market,OXC-005,2025-06-01,197480.0,160216.0,0.189,31999.0,5264.0,248644.0,46.4,42.8,32.0,777,197286.0,0.59,0,1,0,0,0,,,0.0,,0.03464174193683589,0.026655863884950375,7.7703678239944995,1.0,3.6000000000000014,0,0.0,Low
Stable Market,OXC-005,2025-07-01,166699.0,142168.0,0.147,33157.0,-8626.0,238879.0,48.6,38.0,47.8,930,168513.0,0.66,1,1,0,0,0,,,0.0,,-0.1703628129199224,-0.051745961283511,7.204481708236571,1.0,10.600000000000001,0,0.0,Low
Stable Market,OXC-005,2025-08-01,156804.0,146632.0,0.065,30800.0,-20629.0,224008.0,50.1,54.0,42.9,547,162793.0,0.9,0,0,14,1,0,,,0.0,,-0.15405697022011222,-0.13155914389939033,7.272987012987013,1.0,-3.8999999999999986,1,100.0,High
Stable Market,OXC-005,2025-09-01,131339.0,124832.0,0.05,27329.0,-20822.0,202743.0,47.4,39.0,50.5,740,132521.0,0.96,1,1,0,0,0,,,0.0,,-0.3349250557018433,-0.15853630680909708,7.418602949248052,1.0,8.399999999999999,1,0.0,Low
Stable Market,OXC-005,2025-10-01,103096.0,100454.0,0.026,13333.0,-10691.0,184229.0,49.4,41.1,38.6,648,107948.0,0.96,0,1,0,0,0,,,0.0,,-0.38154398046778926,-0.1036994645767052,13.81752043801095,1.0,8.299999999999997,1,100.0,High
Stable Market,OXC-005,2025-11-01,77052.0,76282.0,0.01,10685.0,-9914.0,173980.0,52.6,45.1,28.9,474,76818.0,0.96,0,1,0,0,0,,,0.0,,-0.508609474248106,-0.12866635518870373,16.282639213851194,1.0,7.5,0,0.0,Low
Stable Market,OXC-005,2025-12-01,55176.0,54624.0,0.01,11816.0,-11264.0,164845.0,54.9,34.5,47.1,194,55633.0,0.96,1,0,6,0,0,,,0.0,,-0.5798962988906571,-0.20414673046251994,13.950998645903859,1.0,20.4,0,0.0,Low
Stable Market,OXC-005,2026-01-01,37308.0,36935.0,0.01,4990.0,-4616.0,165620.0,55.8,35.5,29.4,131,39795.0,0.96,1,1,0,0,0,,,0.0,,-0.6381236905408552,-0.12372681462420929,33.190380761523045,1.0,20.299999999999997,0,0.0,Low
Stable Market,OXC-005,2026-02-01,18128.0,17946.0,0.01,2988.0,-2807.0,166813.0,56.8,48.1,48.5,66,19318.0,0.96,0,0,1,0,0,,,0.0,,-0.7647303119970928,-0.1548433362753751,55.82764390896921,1.0,8.699999999999996,0,0.0,Low
Stable Market,OXC-005,2026-03-01,10146.0,10044.0,0.01,1418.0,-1316.0,173763.0,56.1,57.0,43.0,64,10177.0,0.96,0,1,0,0,0,,,0.0,,-0.8161157024793388,-0.12970628819239108,122.54090267983075,1.0,-0.8999999999999986,0,0.0,Low
Stable Market,OXC-005,2026-04-01,4470.0,4425.0,0.01,669.0,-624.0,171423.0,55.8,52.1,27.8,24,4268.0,0.96,1,1,0,0,0,,,0.0,,-0.8801865551624316,-0.1395973154362416,256.23766816143495,1.0,3.6999999999999957,0,0.0,Low
Stable Market,OXC-005,2026-05-01,3000.0,2970.0,0.01,605.0,-575.0,180632.0,56.9,38.2,34.7,11,2980.0,0.96,1,0,3,0,0,,,0.0,,-0.8345101500441306,-0.19166666666666668,298.56528925619835,1.0,18.699999999999996,0,0.0,Low
Stable Market,OXC-005,2026-06-01,3000.0,2970.0,0.01,565.0,-535.0,179452.0,59.7,44.9,45.9,7,3067.0,0.96,1,1,0,0,0,,,0.0,,-0.7043169722057954,-0.17833333333333334,317.6141592920354,1.0,14.800000000000004,0,0.0,Low
Stable Market,OXC-005,2026-07-01,3000.0,2970.0,0.01,494.0,-464.0,176255.0,60.9,55.7,32.4,12,3133.0,0.96,1,0,1,0,0,,,0.0,,-0.32885906040268453,-0.15466666666666667,356.7914979757085,1.0,5.199999999999996,0,0.0,Low
Stable Market,OXC-006,2024-11-01,130440.0,93227.0,0.285,28397.0,8816.0,93925.0,38.2,37.4,34.0,470,132262.0,0.34,0,0,10,0,0,22950.0,22950.0,0.0,On Time,-0.00019162227417313105,0.06758662986813861,3.307567700813466,1.0,0.8000000000000043,0,0.0,Low
Stable Market,OXC-006,2024-12-01,136629.0,96964.0,0.29,22698.0,16967.0,104800.0,38.5,27.9,29.9,719,136368.0,0.43,0,1,0,0,0,22950.0,22950.0,0.0,On Time,-0.0014981656605814742,0.12418300653594772,4.617146885188122,1.0,10.600000000000001,0,0.0,Low
Stable Market,OXC-006,2025-01-01,131523.0,89173.0,0.322,22070.0,20281.0,110112.0,38.1,42.9,21.8,375,140559.0,0.38,0,1,0,0,0,22950.0,22950.0,0.0,On Time,0.0405053677523477,0.15420116633592604,4.989216130493883,1.0,-4.799999999999997,0,0.0,Low
Stable Market,OXC-006,2025-02-01,138451.0,91714.0,0.338,21744.0,24993.0,123627.0,36.7,45.3,33.8,371,144704.0,0.47,0,1,0,0,0,22950.0,22950.0,0.0,On Time,0.061415210058264336,0.18051873948183833,5.685568432671082,1.0,-8.599999999999994,0,0.0,Low
Stable Market,OXC-006,2025-03-01,130144.0,88019.0,0.324,17010.0,25114.0,131656.0,36.3,43.7,23.2,728,133416.0,0.33,0,1,0,0,0,22950.0,22950.0,0.0,On Time,-0.047464301136654785,0.19297086304401279,7.739917695473251,1.0,-7.400000000000006,0,0.0,Low
Stable Market,OXC-006,2025-04-01,136270.0,92326.0,0.322,17429.0,26515.0,148610.0,38.2,48.7,34.6,605,140327.0,0.46,0,1,0,0,0,22950.0,22950.0,0.0,On Time,0.0360925465507933,0.1945769428340794,8.526593608353894,1.0,-10.5,0,0.0,Low
Stable Market,OXC-006,2025-05-01,142793.0,99006.0,0.307,20267.0,23520.0,157328.0,37.1,28.9,34.2,394,143664.0,0.3,0,1,0,0,0,22950.0,22950.0,0.0,On Time,0.03136127583043824,0.16471395656649837,7.762767059752306,1.0,8.200000000000003,0,0.0,Low
Stable Market,OXC-006,2025-06-01,132764.0,92111.0,0.306,24598.0,16055.0,160974.0,34.0,42.2,22.2,365,130026.0,0.25,0,1,0,0,0,22950.0,22950.0,0.0,On Time,0.020131546594541527,0.12092886625892561,6.544190584600374,1.0,-8.200000000000003,0,0.0,Low
Stable Market,OXC-006,2025-07-01,114512.0,80413.0,0.298,20621.0,13477.0,162944.0,31.9,37.9,35.8,782,117196.0,0.2,0,0,12,0,0,22950.0,22950.0,0.0,On Time,-0.1596683055698246,0.11769072236970798,7.90184763105572,1.0,-6.0,0,0.0,Low
Stable Market,OXC-006,2025-08-01,107123.0,72023.0,0.328,13541.0,21559.0,173218.0,32.7,35.2,33.3,526,103310.0,0.41,0,1,0,0,0,22950.0,22950.0,5.0,Late,-0.24980216117036547,0.20125463252522802,12.7921128424784,1.0,-2.5,0,0.0,Low
Stable Market,OXC-006,2025-09-01,116629.0,80201.0,0.312,23086.0,13342.0,174271.0,35.5,42.7,21.8,316,113474.0,0.39,0,1,0,0,0,22950.0,22950.0,3.0,Late,-0.12153143924557863,0.11439693386721998,7.5487741488347915,1.0,-7.200000000000003,0,0.0,Low
Stable Market,OXC-006,2025-10-01,112305.0,76158.0,0.322,15352.0,20795.0,183051.0,34.9,26.9,42.4,354,108220.0,0.22,0,1,0,0,0,22950.0,22950.0,0.0,On Time,-0.019273089283219247,0.1851653978006322,11.923593017196456,1.0,8.0,0,0.0,Low
Stable Market,OXC-006,2025-11-01,130509.0,90995.0,0.303,22884.0,16630.0,182055.0,34.1,31.5,43.8,606,122108.0,0.4,0,1,0,0,0,22950.0,22950.0,0.0,On Time,0.2183097934150462,0.12742416231830755,7.955558468799161,1.0,2.6000000000000014,0,0.0,Low
Stable Market,OXC-006,2025-12-01,124201.0,91041.0,0.267,21436.0,11724.0,187095.0,33.9,44.9,25.8,405,119403.0,0.25,0,1,0,0,0,22950.0,22950.0,0.0,On Time,0.06492381826132432,0.09439537523852465,8.728074267587237,1.0,-11.0,0,0.0,Low
Stable Market,OXC-006,2026-01-01,121923.0,85682.0,0.297,17272.0,18968.0,194557.0,36.0,42.9,39.9,619,122084.0,0.23,0,1,0,0,0,22950.0,22950.0,0.0,On Time,0.08564177908374515,0.15557359973097776,11.264300602130616,1.0,-6.899999999999999,0,0.0,Low
Stable Market,OXC-006,2026-02-01,118230.0,80656.0,0.318,21073.0,16502.0,195876.0,36.5,42.7,28.7,572,119220.0,0.41,0,1,0,0,0,22950.0,22950.0,12.0,Late,-0.09408546537020435,0.1395754038738053,9.295116974327339,1.0,-6.200000000000003,0,0.0,Low
Stable Market,OXC-006,2026-03-01,124909.0,83857.0,0.329,22933.0,18118.0,209736.0,34.6,30.0,31.6,454,131054.0,0.28,0,1,0,0,0,22950.0,22950.0,0.0,On Time,0.005700437194547492,0.14504959610596516,9.145598046483233,1.0,4.600000000000001,0,0.0,Low
Stable Market,OXC-006,2026-04-01,120646.0,76994.0,0.362,24025.0,19627.0,222782.0,31.2,34.1,40.5,293,119873.0,0.37,0,1,0,0,0,22950.0,22950.0,0.0,On Time,-0.010473823642790925,0.16268255889130182,9.272924037460978,1.0,-2.900000000000002,0,0.0,Low
Stable Market,OXC-006,2026-05-01,124211.0,85800.0,0.309,22536.0,15875.0,233520.0,29.6,46.5,29.4,305,131064.0,0.28,0,1,0,0,0,22950.0,22950.0,0.0,On Time,0.050587837266345304,0.12780671599133733,10.362087326943557,1.0,-16.9,0,0.0,Low
Stable Market,OXC-006,2026-06-01,118199.0,79066.0,0.331,22318.0,16816.0,236062.0,30.9,27.7,29.7,329,116933.0,0.34,0,1,0,0,0,22950.0,22950.0,0.0,On Time,-0.05371910751026743,0.1422685471112277,10.577202258266869,1.0,3.1999999999999993,0,0.0,Low
Stable Market,OXC-006,2026-07-01,132536.0,92697.0,0.301,21559.0,18281.0,238984.0,32.6,48.2,33.5,711,133861.0,0.26,0,1,0,0,0,22950.0,22950.0,0.0,On Time,0.09855279080947565,0.1379323353654856,11.085115265086507,1.0,-15.600000000000001,0,0.0,Low
Stable Market,OXC-007,2024-11-01,68274.0,49673.0,0.272,10878.0,7722.0,274035.0,46.6,47.7,37.9,216,65076.0,0.45,0,0,12,0,0,13860.0,13860.0,0.0,On Time,-0.01676315562084163,0.11310308462958081,25.191671263099835,1.0,-1.1000000000000014,0,0.0,Low
Stable Market,OXC-007,2024-12-01,70097.0,53901.0,0.231,9301.0,6895.0,275212.0,47.4,33.9,29.4,364,70232.0,0.24,0,1,0,0,0,13860.0,13860.0,0.0,On Time,0.04927774867150658,0.09836369602122773,29.589506504676915,1.0,13.5,0,0.0,Low
Stable Market,OXC-007,2025-01-01,67515.0,51767.0,0.233,10030.0,5717.0,279186.0,43.5,25.1,22.8,223,69587.0,0.28,0,1,0,0,0,13860.0,13860.0,0.0,On Time,0.08503149910002561,0.08467747907872325,27.835094715852442,1.0,18.4,0,0.0,Low
Stable Market,OXC-007,2025-02-01,67092.0,48101.0,0.283,14388.0,4602.0,280640.0,42.1,34.1,27.5,160,68735.0,0.26,0,1,0,0,0,13860.0,13860.0,0.0,On Time,-0.017312593373758678,0.06859238061169737,19.505143174867946,1.0,8.0,0,0.0,Low
Stable Market,OXC-007,2025-03-01,73943.0,58644.0,0.207,9913.0,5386.0,283375.0,43.6,40.2,36.3,198,72038.0,0.42,0,1,0,0,0,13860.0,13860.0,0.0,On Time,0.054866827396322204,0.07283989018568357,28.586199939473417,1.0,3.3999999999999986,0,0.0,Low
Stable Market,OXC-007,2025-04-01,67670.0,52032.0,0.231,11008.0,4629.0,288215.0,44.0,40.4,33.9,255,66069.0,0.38,1,0,1,0,0,13860.0,13860.0,0.0,On Time,0.0022957861216026387,0.06840549726614452,26.182321947674417,1.0,3.6000000000000014,0,0.0,Low
Stable Market,OXC-007,2025-05-01,77089.0,59427.0,0.229,10673.0,6989.0,288408.0,45.2,34.2,30.2,464,76982.0,0.41,0,1,0,0,0,13860.0,13860.0,0.0,On Time,0.1490043522327551,0.09066144326687335,27.022205565445518,1.0,11.0,0,0.0,Low
Stable Market,OXC-007,2025-06-01,75120.0,56582.0,0.247,11591.0,6947.0,289808.0,48.2,36.6,30.4,302,72614.0,0.21,0,1,0,0,0,13860.0,13860.0,0.0,On Time,0.015917666310536482,0.0924787007454739,25.002847036493833,1.0,11.600000000000001,0,0.0,Low
Stable Market,OXC-007,2025-07-01,75151.0,54725.0,0.272,13705.0,6721.0,288578.0,48.9,36.5,44.3,240,73145.0,0.35,0,1,0,0,0,13860.0,13860.0,0.0,On Time,0.11055120437416877,0.08943327434099346,21.05640277271069,1.0,12.399999999999999,0,0.0,Low
Stable Market,OXC-007,2025-08-01,79386.0,58030.0,0.269,13784.0,7571.0,292118.0,45.1,28.4,29.7,217,83164.0,0.26,0,1,0,0,0,13860.0,13860.0,0.0,On Time,0.02979672845671888,0.09536946061018316,21.19254207777133,1.0,16.700000000000003,0,0.0,Low
Stable Market,OXC-007,2025-09-01,76693.0,57710.0,0.248,11394.0,7589.0,294818.0,39.0,40.5,38.4,349,73979.0,0.31,0,1,0,0,0,13860.0,13860.0,0.0,On Time,0.020939829605963745,0.09895296832826986,25.874846410391434,1.0,-1.5,0,0.0,Low
Stable Market,OXC-007,2025-10-01,85261.0,60342.0,0.292,10564.0,14355.0,305807.0,40.1,49.8,38.7,578,83919.0,0.41,0,1,0,0,0,13860.0,13860.0,0.0,On Time,0.13452914798206272,0.16836537221003742,28.948031048845134,1.0,-9.699999999999996,0,0.0,Low
Stable Market,OXC-007,2025-11-01,78976.0,59082.0,0.252,11825.0,8070.0,307075.0,36.6,38.5,33.8,224,78513.0,0.25,0,0,4,0,0,13860.0,13860.0,0.0,On Time,-0.005164638601264704,0.10218294165316046,25.968287526427062,1.0,-1.8999999999999986,0,0.0,Low
Stable Market,OXC-007,2025-12-01,86929.0,64092.0,0.263,12549.0,10288.0,314169.0,36.8,27.1,25.2,502,91421.0,0.35,0,1,0,0,0,13860.0,13860.0,0.0,On Time,0.1334672003963855,0.11834945760333146,25.03538130528329,1.0,9.699999999999996,0,0.0,Low
Stable Market,OXC-007,2026-01-01,77599.0,55655.0,0.283,16792.0,5152.0,314397.0,35.8,39.4,44.9,480,79217.0,0.3,0,1,0,0,0,13860.0,13860.0,0.0,On Time,-0.08986523733008056,0.06639260815216691,18.723022868032395,1.0,-3.6000000000000014,0,0.0,Low
Stable Market,OXC-007,2026-02-01,79151.0,59507.0,0.248,12224.0,7419.0,314176.0,36.4,41.6,26.3,397,84213.0,0.3,0,1,0,0,0,13860.0,13860.0,0.0,On Time,0.0022158630470017204,0.09373223332617402,25.701570680628272,1.0,-5.200000000000003,0,0.0,Low
Stable Market,OXC-007,2026-03-01,76487.0,57101.0,0.253,12253.0,7133.0,318532.0,34.4,36.0,44.5,451,78091.0,0.26,0,0,9,0,0,13860.0,13860.0,0.0,On Time,-0.12012101830229271,0.09325767777530822,25.996245817350854,1.0,-1.6000000000000014,0,0.0,Low
Stable Market,OXC-007,2026-04-01,80248.0,60462.0,0.247,10575.0,9211.0,314591.0,40.3,31.8,26.6,313,84186.0,0.35,0,1,0,0,0,13860.0,13860.0,0.0,On Time,0.03413703784842581,0.11478167680191406,29.74855791962175,1.0,8.499999999999996,0,0.0,Low
Stable Market,OXC-007,2026-05-01,75152.0,57589.0,0.234,15587.0,1976.0,316863.0,39.9,41.2,36.3,320,78225.0,0.32,0,1,0,1,0,13860.0,13860.0,0.0,On Time,-0.05052368258139506,0.026293378752395145,20.32867132867133,1.0,-1.3000000000000043,0,0.0,Low
Stable Market,OXC-007,2026-06-01,79730.0,58617.0,0.265,9869.0,11244.0,327574.0,39.0,34.7,20.8,519,81227.0,0.28,0,0,6,0,0,13860.0,13860.0,0.0,On Time,0.04239936198308203,0.1410259626238555,33.19221805654068,1.0,4.299999999999997,0,0.0,Low
Stable Market,OXC-007,2026-07-01,74449.0,56619.0,0.239,12474.0,5356.0,330112.0,39.4,32.2,35.7,190,76631.0,0.49,0,1,0,0,0,13860.0,13860.0,0.0,On Time,-0.07226348320207354,0.07194186624400596,26.464005130671797,1.0,7.199999999999996,0,0.0,Low
Stable Market,OXC-008,2024-11-01,195927.0,144441.0,0.263,39507.0,11979.0,67800.0,28.2,31.3,31.4,818,195597.0,0.37,0,1,0,0,0,15885.0,15885.0,0.0,On Time,-0.04118565353351966,0.061140118513528,1.7161515680765433,1.0,-3.1000000000000014,0,0.0,Low
Stable Market,OXC-008,2024-12-01,194481.0,152364.0,0.217,25466.0,16652.0,74525.0,29.8,41.7,29.4,546,211395.0,0.41,0,1,0,0,0,15885.0,15885.0,0.0,On Time,-0.03130510146140286,0.08562276006396512,2.926450954213461,1.0,-11.900000000000002,0,0.0,Low
Stable Market,OXC-008,2025-01-01,205620.0,151693.0,0.262,43374.0,10552.0,76108.0,32.6,41.5,39.3,801,188149.0,0.41,0,1,0,0,0,15885.0,15885.0,0.0,On Time,-0.0068585780525501905,0.05131796517848458,1.7546917508184627,1.0,-8.899999999999999,0,0.0,Low
Stable Market,OXC-008,2025-02-01,209410.0,152039.0,0.274,36983.0,20388.0,77453.0,34.0,49.1,31.3,645,204654.0,0.39,0,1,0,0,0,15885.0,15885.0,0.0,On Time,0.0688164469419732,0.09735924740938828,2.0942865640970174,1.0,-15.100000000000001,0,0.0,Low
Stable Market,OXC-008,2025-03-01,216506.0,164624.0,0.24,32679.0,19202.0,85019.0,33.3,28.5,21.4,632,214649.0,0.37,0,1,0,0,0,15885.0,15885.0,0.0,On Time,0.1132501375455699,0.0886903827145668,2.6016401970684537,1.0,4.799999999999997,0,0.0,Low
Stable Market,OXC-008,2025-04-01,211159.0,152335.0,0.279,32762.0,26062.0,94384.0,32.7,35.5,37.1,712,211234.0,0.21,0,1,0,0,0,15885.0,15885.0,0.0,On Time,0.0269380410465907,0.12342358128235122,2.8808986020389478,1.0,-2.799999999999997,0,0.0,Low
Stable Market,OXC-008,2025-05-01,204605.0,155083.0,0.242,28907.0,20615.0,103348.0,32.2,35.6,38.4,689,215747.0,0.25,0,1,0,0,0,15885.0,15885.0,0.0,On Time,-0.022945418079365787,0.10075511351140001,3.5751894004912304,1.0,-3.3999999999999986,0,0.0,Low
Stable Market,OXC-008,2025-06-01,205077.0,156865.0,0.235,40212.0,8000.0,102658.0,32.1,36.8,35.4,645,178577.0,0.36,0,0,17,0,0,15885.0,15885.0,0.0,On Time,-0.05278837537989711,0.03900973780579977,2.5529195265094997,1.0,-4.699999999999996,0,0.0,Low
Stable Market,OXC-008,2025-07-01,218382.0,159461.0,0.27,33551.0,25370.0,112715.0,32.8,31.4,42.3,1412,211299.0,0.29,0,1,0,0,0,15885.0,15885.0,0.0,On Time,0.03420645106294318,0.11617257832605252,3.3595123841316203,1.0,1.3999999999999986,0,0.0,Low
Stable Market,OXC-008,2025-08-01,233079.0,173089.0,0.257,50636.0,9353.0,110796.0,33.6,25.5,27.3,1268,239096.0,0.39,0,1,0,0,0,15885.0,15885.0,0.0,On Time,0.13916570953788998,0.0401280252618211,2.1880875266608735,1.0,8.100000000000001,0,0.0,Low
Stable Market,OXC-008,2025-09-01,217226.0,165533.0,0.238,40808.0,10885.0,116998.0,34.1,35.4,36.9,711,224292.0,0.27,0,1,0,0,0,15885.0,15885.0,0.0,On Time,0.05924116307533267,0.05010910296189222,2.867035875318565,1.0,-1.2999999999999972,0,0.0,Low
Stable Market,OXC-008,2025-10-01,239946.0,178930.0,0.254,47362.0,13654.0,119127.0,33.4,40.9,21.6,780,237905.0,0.18,0,1,0,0,0,15885.0,15885.0,0.0,On Time,0.09874440201115475,0.05690447017245547,2.515244288670242,1.0,-7.5,0,0.0,Low
Stable Market,OXC-008,2025-11-01,236590.0,177918.0,0.248,47014.0,11659.0,120154.0,33.4,28.6,41.6,875,243240.0,0.36,0,1,0,0,0,15885.0,15885.0,0.0,On Time,0.015063562139875364,0.04927934401284923,2.5557068107372274,1.0,4.799999999999997,0,0.0,Low
Stable Market,OXC-008,2025-12-01,246314.0,183490.0,0.255,32542.0,30282.0,128416.0,33.4,43.9,30.1,1155,254871.0,0.35,0,1,0,0,0,15885.0,15885.0,0.0,On Time,0.13390662259582187,0.12294063674821569,3.9461618831049106,1.0,-10.5,0,0.0,Low
Stable Market,OXC-008,2026-01-01,251898.0,185090.0,0.265,35068.0,31739.0,135382.0,33.1,36.1,32.2,738,250445.0,0.26,0,1,0,0,0,15885.0,15885.0,0.0,On Time,0.049811207521692324,0.12599941246059912,3.8605566328276493,1.0,-3.0,0,0.0,Low
Stable Market,OXC-008,2026-02-01,280175.0,216737.0,0.226,55664.0,7774.0,134210.0,33.3,29.9,32.0,668,278871.0,0.26,0,1,0,0,0,15885.0,15885.0,5.0,Late,0.18422164926666396,0.027746943874364237,2.4110735843633226,1.0,3.3999999999999986,0,0.0,Low
Stable Market,OXC-008,2026-03-01,268786.0,192784.0,0.283,49761.0,26241.0,144044.0,34.5,29.6,40.8,845,252511.0,0.33,0,1,0,0,0,15885.0,15885.0,0.0,On Time,0.0912331414373524,0.09762785264113458,2.8947167460461003,1.0,4.899999999999999,0,0.0,Low
Stable Market,OXC-008,2026-04-01,275671.0,202129.0,0.267,54806.0,18736.0,157498.0,32.5,42.3,26.5,925,271944.0,0.45,0,1,0,0,0,15885.0,15885.0,0.0,On Time,0.0943755011949281,0.06796507430959368,2.873736452213261,1.0,-9.799999999999997,0,0.0,Low
Stable Market,OXC-008,2026-05-01,254963.0,194290.0,0.238,53338.0,7335.0,151003.0,32.1,35.8,39.1,1317,273422.0,0.29,0,1,0,0,0,15885.0,15885.0,0.0,On Time,-0.08998661550816456,0.028768880190459006,2.831058532378417,1.0,-3.6999999999999957,0,0.0,Low
Stable Market,OXC-008,2026-06-01,252563.0,195732.0,0.225,31847.0,24984.0,165195.0,32.9,32.1,22.3,674,256064.0,0.25,0,1,0,0,0,15885.0,15885.0,0.0,On Time,-0.06035656619020335,0.09892185316138943,5.187144786008101,1.0,0.7999999999999972,0,0.0,Low
Stable Market,OXC-008,2026-07-01,260859.0,190297.0,0.27,51655.0,18907.0,171071.0,33.5,33.0,42.8,829,271482.0,0.28,0,1,0,0,0,15885.0,15885.0,0.0,On Time,-0.05373071523664075,0.07247976876396828,3.3117994385829057,1.0,0.5,0,0.0,Low
Stable Market,OXC-009,2024-11-01,188745.0,145774.0,0.228,27247.0,15723.0,97656.0,52.1,54.9,38.7,731,182105.0,0.25,0,1,0,0,0,18675.0,18675.0,0.0,On Time,0.24235642586802708,0.08330286895017086,3.5841010019451685,1.0,-2.799999999999997,0,0.0,Low
Stable Market,OXC-009,2024-12-01,177590.0,145591.0,0.18,29846.0,2153.0,97886.0,54.9,56.9,44.6,551,175803.0,0.7,1,1,0,0,1,18675.0,18675.0,4.0,Late,0.026146245630254583,0.012123430373331832,3.2797024726931583,1.0,-2.0,0,0.0,Low
Stable Market,OXC-009,2025-01-01,162106.0,134759.0,0.169,29547.0,-2200.0,91962.0,58.9,46.1,44.9,880,162488.0,0.63,1,1,0,0,1,18675.0,18675.0,0.0,On Time,-0.09925097795163584,-0.013571366883397284,3.112397197685044,1.0,12.799999999999997,0,0.0,Low
Stable Market,OXC-009,2025-02-01,135929.0,125178.0,0.079,28667.0,-17917.0,79454.0,63.7,34.7,34.1,378,132186.0,0.96,0,0,7,1,0,18675.0,18675.0,0.0,On Time,-0.27982728019285275,-0.1318114603947649,2.7716189346635502,1.0,29.0,1,99.6,High
Stable Market,OXC-009,2025-03-01,111229.0,108507.0,0.024,15640.0,-12918.0,73065.0,63.5,43.5,43.4,400,117254.0,0.96,1,1,0,1,0,18675.0,18675.0,0.0,On Time,-0.3736753195562813,-0.11613877675785991,4.671675191815857,1.0,20.0,1,100.0,High
Stable Market,OXC-009,2025-04-01,84564.0,80228.0,0.051,12643.0,-8307.0,70712.0,60.0,41.8,41.1,447,83644.0,0.96,1,0,7,0,0,18675.0,18675.0,18.0,Late,-0.47834133221472375,-0.09823329076202639,5.592976350549711,1.0,18.200000000000003,1,100.0,High
Stable Market,OXC-009,2025-05-01,68618.0,67932.0,0.01,11953.0,-11267.0,60257.0,58.5,49.1,40.9,195,64402.0,0.96,0,0,2,0,0,18675.0,18675.0,16.0,Late,-0.4951923430614512,-0.16419889824827305,5.0411612147578015,1.0,9.399999999999999,0,0.0,Low
Stable Market,OXC-009,2025-06-01,43024.0,42594.0,0.01,7279.0,-6849.0,51355.0,58.5,57.8,29.1,240,42251.0,0.96,1,1,0,0,0,18675.0,18675.0,0.0,On Time,-0.613194400740814,-0.15919021941242098,7.055227366396483,1.0,0.7000000000000028,0,0.0,Low
Stable Market,OXC-009,2025-07-01,27937.0,27658.0,0.01,4399.0,-4120.0,45897.0,58.6,46.3,46.3,85,26962.0,0.96,1,0,7,0,0,18675.0,18675.0,0.0,On Time,-0.6696348327893666,-0.14747467516197157,10.433507615367128,1.0,12.300000000000004,0,0.0,Low
Stable Market,OXC-009,2025-08-01,18369.0,18186.0,0.01,3060.0,-2877.0,49699.0,58.0,50.8,34.5,49,18307.0,0.96,1,0,7,0,0,18675.0,18675.0,0.0,On Time,-0.732300562534612,-0.1566225706353095,16.241503267973854,1.0,7.200000000000003,0,0.0,Low
Stable Market,OXC-009,2025-09-01,9765.0,9667.0,0.01,1486.0,-1388.0,49552.0,55.1,39.6,49.0,29,9871.0,0.96,1,0,10,0,0,18675.0,18675.0,27.0,Late,-0.7730336556340647,-0.14214029697900665,33.34589502018842,1.0,15.5,0,0.0,Low
Stable Market,OXC-009,2025-10-01,4872.0,4823.0,0.01,846.0,-798.0,40802.0,56.5,37.1,48.1,14,5113.0,0.96,1,1,0,0,0,18675.0,11702.0,38.0,Partial/Default Risk,-0.8256076171385618,-0.16379310344827586,48.22931442080378,0.6266131191432396,19.4,0,0.0,Low
Stable Market,OXC-009,2025-11-01,3000.0,2970.0,0.01,608.0,-578.0,43318.0,56.0,55.4,31.9,8,3152.0,0.96,1,0,13,0,0,18675.0,18675.0,28.0,Late,-0.8366813653437857,-0.19266666666666668,71.2467105263158,1.0,0.6000000000000014,0,0.0,Low
Stable Market,OXC-009,2025-12-01,3000.0,2970.0,0.01,643.0,-613.0,46993.0,54.7,38.9,41.1,13,2968.0,0.96,0,0,15,0,0,18675.0,13958.0,40.0,Partial/Default Risk,-0.6927803379416282,-0.20433333333333334,73.08398133748057,0.7474163319946453,15.800000000000004,0,0.0,Low
Stable Market,OXC-009,2026-01-01,3000.0,2970.0,0.01,616.0,-586.0,53216.0,58.0,51.0,38.0,8,3057.0,0.96,1,0,5,0,0,18675.0,16652.0,42.0,Partial/Default Risk,-0.3842364532019704,-0.19533333333333333,86.3896103896104,0.8916733601070951,7.0,0,0.0,Low
Stable Market,OXC-009,2026-02-01,3000.0,2970.0,0.01,390.0,-360.0,56215.0,58.0,43.6,44.1,17,3099.0,0.96,0,0,17,0,0,18675.0,7015.0,49.0,Partial/Default Risk,0.0,-0.12,144.14102564102564,0.3756358768406961,14.399999999999999,0,0.0,Low
Stable Market,OXC-009,2026-03-01,3000.0,2970.0,0.01,579.0,-549.0,50682.0,58.1,40.4,44.5,21,3015.0,0.96,1,1,0,0,0,18675.0,7426.0,54.0,Partial/Default Risk,0.0,-0.183,87.53367875647669,0.39764390896921015,17.700000000000003,0,0.0,Low
Stable Market,OXC-009,2026-04-01,3000.0,2970.0,0.01,590.0,-560.0,50257.0,57.9,50.8,43.4,7,2960.0,0.96,1,0,12,0,0,18675.0,18675.0,0.0,On Time,0.0,-0.18666666666666668,85.18135593220339,1.0,7.100000000000001,0,0.0,Low
Stable Market,OXC-009,2026-05-01,3000.0,2970.0,0.01,566.0,-536.0,57712.0,59.4,50.0,46.3,16,2734.0,0.96,1,1,0,0,0,18675.0,13244.0,49.0,Partial/Default Risk,0.0,-0.17866666666666667,101.96466431095406,0.7091834002677376,9.399999999999999,0,0.0,Low
Stable Market,OXC-009,2026-06-01,3000.0,2970.0,0.01,391.0,-361.0,57833.0,58.7,52.1,46.2,7,2952.0,0.96,1,1,0,0,0,18675.0,15081.0,47.0,Partial/Default Risk,0.0,-0.12033333333333333,147.91048593350385,0.8075502008032128,6.600000000000001,0,0.0,Low
Stable Market,OXC-009,2026-07-01,3000.0,2970.0,0.01,364.0,-334.0,58648.0,58.8,53.8,41.9,7,3004.0,0.96,1,0,4,0,0,18675.0,14829.0,61.0,Partial/Default Risk,0.0,-0.11133333333333334,161.12087912087912,0.7940562248995984,5.0,0,0.0,Low
Stable Market,OXC-010,2024-11-01,135162.0,97892.0,0.276,25011.0,12259.0,260941.0,30.6,34.3,28.2,337,138803.0,0.4,0,1,0,0,0,,,0.0,,0.07362601574352823,0.09069856912445806,10.433049458238376,1.0,-3.6999999999999957,0,0.0,Low
Stable Market,OXC-010,2024-12-01,122073.0,84775.0,0.306,17313.0,19985.0,266311.0,30.7,34.4,25.9,778,123277.0,0.34,1,1,0,0,0,,,0.0,,0.08240895911472879,0.16371351568323872,15.382140587997458,1.0,-3.6999999999999993,0,0.0,Low
Stable Market,OXC-010,2025-01-01,124421.0,90527.0,0.272,27257.0,6638.0,260929.0,28.7,29.0,41.7,639,119638.0,0.34,0,1,0,0,0,,,0.0,,-0.12359210238999208,0.05335112239895195,9.572917048831492,1.0,-0.3000000000000007,0,0.0,Low
Stable Market,OXC-010,2025-02-01,128377.0,96112.0,0.251,17328.0,14937.0,271830.0,26.1,33.1,41.6,850,127154.0,0.4,0,1,0,0,0,,,0.0,,-0.05019902043473756,0.11635261768073721,15.687326869806094,1.0,-7.0,0,0.0,Low
Stable Market,OXC-010,2025-03-01,113437.0,86873.0,0.234,15915.0,10649.0,269159.0,25.7,36.2,33.9,301,107128.0,0.41,0,1,0,0,0,,,0.0,,-0.07074455448788841,0.09387589587171734,16.912284008796732,1.0,-10.500000000000004,0,0.0,Low
Stable Market,OXC-010,2025-04-01,107761.0,76334.0,0.292,19037.0,12389.0,274461.0,27.8,38.5,41.7,403,104906.0,0.3,0,1,0,0,0,,,0.0,,-0.13390022584611927,0.11496738152021603,14.417240111362084,1.0,-10.7,0,0.0,Low
Stable Market,OXC-010,2025-05-01,111797.0,73944.0,0.339,18848.0,19005.0,284627.0,27.8,33.1,27.0,549,111486.0,0.4,0,1,0,0,0,,,0.0,,-0.12915086035660595,0.16999561705591384,15.101177843803056,1.0,-5.300000000000001,0,0.0,Low
Stable Market,OXC-010,2025-06-01,112992.0,81197.0,0.281,21912.0,9884.0,286152.0,25.4,43.5,38.5,733,111287.0,0.22,0,1,0,0,0,,,0.0,,-0.0039228823047153805,0.08747521948456528,13.059145673603505,1.0,-18.1,0,0.0,Low
Stable Market,OXC-010,2025-07-01,116979.0,84351.0,0.279,22712.0,9915.0,294570.0,23.6,34.5,28.7,295,110051.0,0.33,0,1,0,0,0,,,0.0,,0.0855411512513804,0.08475880286205216,12.969795702712222,1.0,-10.899999999999999,0,0.0,Low
Stable Market,OXC-010,2025-08-01,128775.0,94925.0,0.263,16187.0,17663.0,307329.0,23.2,39.2,33.7,343,124429.0,0.25,0,1,0,0,0,,,0.0,,0.15186454019338624,0.13716171617161715,18.986161734725396,1.0,-16.000000000000004,0,0.0,Low
Stable Market,OXC-010,2025-09-01,124524.0,90282.0,0.275,21891.0,12351.0,308120.0,22.7,46.8,24.6,389,121449.0,0.27,0,0,7,0,0,,,0.0,,0.10206032285471545,0.09918569914233401,14.075190717646521,1.0,-24.099999999999998,0,0.0,Low
Stable Market,OXC-010,2025-10-01,117286.0,85594.0,0.27,24984.0,6708.0,305744.0,21.6,44.6,39.5,415,113283.0,0.32,0,1,0,0,0,,,0.0,,0.0026244026705648515,0.05719352693416094,12.237592058917707,1.0,-23.0,0,0.0,Low
Stable Market,OXC-010,2025-11-01,116562.0,83983.0,0.279,23220.0,9358.0,298081.0,21.8,47.8,37.1,811,116088.0,0.18,0,1,0,0,0,,,0.0,,-0.09483983692486897,0.08028345429899968,12.837252368647718,1.0,-25.999999999999996,0,0.0,Low
Stable Market,OXC-010,2025-12-01,128671.0,94146.0,0.268,17259.0,17266.0,309738.0,20.0,30.8,40.6,438,130444.0,0.16,0,1,0,0,0,,,0.0,,0.03330281712762195,0.13418719058684553,17.946462715105163,1.0,-10.8,0,0.0,Low
Stable Market,OXC-010,2026-01-01,128275.0,96602.0,0.247,17158.0,14515.0,316185.0,17.8,48.6,41.2,899,125998.0,0.31,0,1,0,0,0,,,0.0,,0.09369404703033601,0.113155330344962,18.427847068422892,1.0,-30.8,0,0.0,Low
Stable Market,OXC-010,2026-02-01,124456.0,85606.0,0.312,24597.0,14254.0,327671.0,15.0,38.7,35.2,470,106337.0,0.43,0,0,2,0,0,,,0.0,,0.06772361490022472,0.11453043645947163,13.321583932999959,1.0,-23.700000000000003,0,0.0,Low
Stable Market,OXC-010,2026-03-01,126620.0,92643.0,0.268,18384.0,15593.0,337461.0,15.0,29.1,30.9,461,114858.0,0.27,1,1,0,0,0,,,0.0,,-0.01593987767251359,0.12314800189543516,18.35623368146214,1.0,-14.100000000000001,0,0.0,Low
Stable Market,OXC-010,2026-04-01,131773.0,96161.0,0.27,23963.0,11649.0,341284.0,16.5,29.9,32.0,512,137904.0,0.43,0,1,0,0,0,,,0.0,,0.027269538101734492,0.08840202469398131,14.242123273379795,1.0,-13.399999999999999,0,0.0,Low
Stable Market,OXC-010,2026-05-01,123717.0,88904.0,0.281,15532.0,19280.0,347612.0,19.2,34.6,34.4,802,122332.0,0.28,0,1,0,0,0,,,0.0,,-0.0059378414861477324,0.15583953700784856,22.380375997939737,1.0,-15.400000000000002,0,0.0,Low
Stable Market,OXC-010,2026-06-01,115769.0,83783.0,0.276,22575.0,9411.0,353374.0,19.7,37.5,29.9,281,111086.0,0.42,0,1,0,0,0,,,0.0,,-0.0856973621860686,0.0812911919425753,15.653333333333334,1.0,-17.8,0,0.0,Low
Stable Market,OXC-010,2026-07-01,122370.0,86664.0,0.292,14854.0,20852.0,371389.0,19.5,35.1,27.9,356,126835.0,0.44,1,1,0,0,0,,,0.0,,-0.07135756186775744,0.1704012421345101,25.002625555405952,1.0,-15.600000000000001,0,0.0,Low
Stable Market,OXC-011,2024-11-01,116005.0,84392.0,0.273,15816.0,15797.0,210682.0,26.4,39.1,28.1,314,119603.0,0.42,1,1,0,0,0,26775.0,26775.0,4.0,Late,-0.2649071668462074,0.13617516486358347,13.320814365199798,1.0,-12.700000000000003,0,0.0,Low
Stable Market,OXC-011,2024-12-01,119458.0,80350.0,0.327,18465.0,20642.0,229686.0,27.4,27.9,30.4,777,111649.0,0.26,0,1,0,0,0,26775.0,26775.0,0.0,On Time,-0.16677361754366382,0.1727971337206382,12.438992688870837,1.0,-0.5,0,0.0,Low
Stable Market,OXC-011,2025-01-01,111581.0,77307.0,0.307,23050.0,11223.0,232001.0,24.8,43.0,41.6,664,110082.0,0.43,1,1,0,0,0,26775.0,26775.0,0.0,On Time,-0.12267362776471702,0.10058164024341061,10.065119305856832,1.0,-18.2,0,0.0,Low
Stable Market,OXC-011,2025-02-01,123128.0,84789.0,0.311,18564.0,19775.0,243888.0,25.7,45.2,38.1,867,121338.0,0.35,0,0,15,0,0,26775.0,26775.0,0.0,On Time,0.061402525753200266,0.16060522383210968,13.137685843568196,1.0,-19.500000000000004,0,0.0,Low
Stable Market,OXC-011,2025-03-01,117920.0,81607.0,0.308,17569.0,18745.0,260358.0,24.7,45.8,41.4,327,119831.0,0.31,0,1,0,0,0,26775.0,26775.0,0.0,On Time,-0.012874817927639892,0.1589637042062415,14.81917012920485,1.0,-21.099999999999998,0,0.0,Low
Stable Market,OXC-011,2025-04-01,130386.0,88892.0,0.318,17254.0,24240.0,278860.0,27.9,28.8,40.6,923,135486.0,0.39,0,1,0,0,0,26775.0,26775.0,0.0,On Time,0.1685322770005646,0.18590953016428144,16.162049379853947,1.0,-0.9000000000000021,0,0.0,Low
Stable Market,OXC-011,2025-05-01,130597.0,89913.0,0.312,25307.0,15376.0,268037.0,28.1,28.1,29.7,756,136707.0,0.27,0,1,0,0,0,26775.0,26775.0,0.0,On Time,0.0606604509128712,0.11773624202699909,10.591417394396807,1.0,0.0,0,0.0,Low
Stable Market,OXC-011,2025-06-01,118020.0,80639.0,0.317,23032.0,14349.0,280281.0,26.2,39.3,23.9,789,115154.0,0.3,0,1,0,0,0,26775.0,26775.0,0.0,On Time,0.0008480325644504294,0.12158108795119471,12.169199374782911,1.0,-13.099999999999998,0,0.0,Low
Stable Market,OXC-011,2025-07-01,120945.0,88403.0,0.269,23438.0,9104.0,280419.0,27.9,32.0,44.9,497,124187.0,0.23,0,1,0,0,0,26775.0,26775.0,0.0,On Time,-0.07240808062215265,0.07527388482368018,11.964288761839747,1.0,-4.100000000000001,0,0.0,Low
Stable Market,OXC-011,2025-08-01,127852.0,90747.0,0.29,19581.0,17524.0,287166.0,28.5,40.4,25.7,571,125541.0,0.39,0,1,0,0,0,26775.0,26775.0,0.0,On Time,-0.02101885954501248,0.13706473109532896,14.665543128542975,1.0,-11.899999999999999,0,0.0,Low
Stable Market,OXC-011,2025-09-01,131949.0,89367.0,0.323,21025.0,21557.0,295818.0,26.5,33.8,24.4,507,128969.0,0.25,1,1,0,0,0,26775.0,26775.0,2.0,Late,0.11802236908998465,0.16337372772813738,14.069821640903687,1.0,-7.299999999999997,0,0.0,Low
Stable Market,OXC-011,2025-10-01,130022.0,89141.0,0.314,26529.0,14352.0,305325.0,23.8,43.9,29.2,445,128200.0,0.36,0,1,0,0,0,26775.0,26775.0,0.0,On Time,0.07505064285418994,0.11038132008429342,11.50910324550492,1.0,-20.099999999999998,0,0.0,Low
Stable Market,OXC-011,2025-11-01,142961.0,99500.0,0.304,23284.0,20177.0,311011.0,26.4,42.8,43.4,429,146441.0,0.37,0,1,0,0,0,26775.0,26775.0,0.0,On Time,0.11817570315677495,0.1411363938416771,13.357283971826147,1.0,-16.4,0,0.0,Low
Stable Market,OXC-011,2025-12-01,150188.0,103213.0,0.313,24134.0,22841.0,321479.0,24.2,32.8,43.0,605,140183.0,0.39,0,1,0,0,0,26775.0,26775.0,0.0,On Time,0.1382276485611864,0.1520827229871894,13.320585066710864,1.0,-8.599999999999998,0,0.0,Low
Stable Market,OXC-011,2026-01-01,143357.0,101378.0,0.293,22250.0,19729.0,330482.0,23.6,29.4,21.8,679,144958.0,0.43,0,1,0,0,0,26775.0,26775.0,0.0,On Time,0.10255956684253431,0.13762146250270305,14.853123595505618,1.0,-5.799999999999997,0,0.0,Low
Stable Market,OXC-011,2026-02-01,141391.0,96415.0,0.318,27861.0,17115.0,337835.0,23.1,30.6,21.6,408,135066.0,0.13,0,1,0,0,0,26775.0,26775.0,8.0,Late,-0.010982016074313927,0.12104730852741688,12.125731308998242,1.0,-7.5,0,0.0,Low
Stable Market,OXC-011,2026-03-01,150091.0,99676.0,0.336,24439.0,25976.0,353563.0,20.5,36.4,31.9,921,148061.0,0.36,0,1,0,0,0,26775.0,26775.0,0.0,On Time,-0.0006458571923189105,0.17306833854128495,14.467163140881379,1.0,-15.899999999999999,0,0.0,Low
Stable Market,OXC-011,2026-04-01,134482.0,95031.0,0.293,21587.0,17863.0,356820.0,22.2,50.0,22.0,629,123964.0,0.38,0,1,0,0,0,26775.0,26775.0,0.0,On Time,-0.061908382569389686,0.13282818518463438,16.529392690044933,1.0,-27.8,0,0.0,Low
Stable Market,OXC-011,2026-05-01,147765.0,103709.0,0.298,20970.0,23086.0,375750.0,25.8,44.8,42.4,356,145403.0,0.19,0,1,0,0,0,26775.0,26775.0,0.0,On Time,0.04508066284275514,0.15623456163502858,17.918454935622318,1.0,-18.999999999999996,0,0.0,Low
Stable Market,OXC-011,2026-06-01,151233.0,101217.0,0.331,27980.0,22036.0,381828.0,27.0,40.0,27.0,489,141264.0,0.26,0,1,0,0,0,26775.0,26775.0,0.0,On Time,0.007608717378123853,0.1457089391865532,13.646461758398857,1.0,-13.0,0,0.0,Low
Stable Market,OXC-011,2026-07-01,139717.0,94897.0,0.321,25506.0,19314.0,389144.0,28.6,28.0,27.4,353,137181.0,0.33,0,1,0,0,0,26775.0,26775.0,0.0,On Time,0.038927142665933,0.1382365782259854,15.256959146867404,1.0,0.6000000000000014,0,0.0,Low
Stable Market,OXC-012,2024-11-01,176898.0,138775.0,0.216,33099.0,5024.0,95458.0,40.9,30.6,23.5,445,174507.0,0.26,0,1,0,0,0,21645.0,21645.0,0.0,On Time,0.13595674453848416,0.028400547207995567,2.8840146227982717,1.0,10.299999999999997,0,0.0,Low
Stable Market,OXC-012,2024-12-01,157487.0,125711.0,0.202,21810.0,9965.0,95981.0,44.3,38.7,25.0,456,158902.0,0.35,0,1,0,0,0,21645.0,21645.0,0.0,On Time,0.08748972841586289,0.06327506397353433,4.400779458963778,1.0,5.599999999999994,0,0.0,Low
Stable Market,OXC-012,2025-01-01,151646.0,123941.0,0.183,33037.0,-5333.0,82704.0,43.8,45.0,25.1,617,157735.0,0.4,0,1,0,0,0,21645.0,21645.0,0.0,On Time,-0.060136722260441644,-0.03516742940796328,2.5033750037836366,1.0,-1.2000000000000028,0,0.0,Low
Stable Market,OXC-012,2025-02-01,158838.0,130059.0,0.181,25098.0,3681.0,73247.0,42.8,29.6,44.2,944,158332.0,0.23,0,1,0,0,0,21645.0,21645.0,0.0,On Time,-0.10209273140453823,0.023174555207192235,2.9184397163120566,1.0,13.199999999999996,0,0.0,Low
Stable Market,OXC-012,2025-03-01,183887.0,142503.0,0.225,23766.0,17618.0,83857.0,40.8,49.5,42.3,685,184621.0,0.2,0,1,0,0,0,21645.0,21645.0,0.0,On Time,0.16763288398407483,0.09580883912402725,3.528443995624001,1.0,-8.700000000000003,0,0.0,Low
Stable Market,OXC-012,2025-04-01,162382.0,129975.0,0.2,30093.0,2314.0,85028.0,37.4,49.2,44.2,402,165267.0,0.42,0,0,1,0,0,21645.0,21645.0,0.0,On Time,0.07079646017699126,0.01425034794496927,2.82550759312797,1.0,-11.800000000000004,0,0.0,Low
Stable Market,OXC-012,2025-05-01,157616.0,122356.0,0.224,21706.0,13554.0,88317.0,36.2,33.6,21.3,769,164308.0,0.28,0,1,0,0,0,21645.0,21645.0,0.0,On Time,-0.007693373122300673,0.0859938077352553,4.068782825025338,1.0,2.6000000000000014,0,0.0,Low
Stable Market,OXC-012,2025-06-01,172484.0,133148.0,0.228,24762.0,14574.0,92616.0,34.2,49.1,44.6,433,189524.0,0.28,0,1,0,0,0,21645.0,21645.0,0.0,On Time,-0.06201090887338423,0.08449479371999721,3.7402471528955656,1.0,-14.899999999999999,0,0.0,Low
Stable Market,OXC-012,2025-07-01,174293.0,136409.0,0.217,33839.0,4044.0,84663.0,36.9,32.2,42.4,762,168717.0,0.37,0,1,0,0,0,21645.0,21645.0,4.0,Late,0.07335172617654662,0.023202308755945446,2.5019356363958747,1.0,4.699999999999996,0,0.0,Low
Stable Market,OXC-012,2025-08-01,164602.0,128791.0,0.218,35111.0,700.0,82152.0,34.9,25.9,40.6,446,160545.0,0.25,0,1,0,0,0,21645.0,21645.0,0.0,On Time,0.04432291137955535,0.004252682227433445,2.3397795562644186,1.0,9.0,0,0.0,Low
Stable Market,OXC-012,2025-09-01,165275.0,133454.0,0.193,31022.0,799.0,79528.0,32.4,25.4,27.1,468,165631.0,0.37,0,1,0,0,0,21645.0,21645.0,0.0,On Time,-0.041795181002295845,0.004834366964150658,2.5636000257881504,1.0,7.0,0,0.0,Low
Stable Market,OXC-012,2025-10-01,179895.0,144607.0,0.196,29151.0,6137.0,76950.0,33.0,43.1,30.2,954,184492.0,0.39,0,1,0,0,0,21645.0,21645.0,0.0,On Time,0.032141279339962026,0.0341143444787237,2.6397036122259956,1.0,-10.100000000000001,0,0.0,Low
Stable Market,OXC-012,2025-11-01,158865.0,127726.0,0.196,27349.0,3790.0,75956.0,36.1,46.1,24.6,503,169964.0,0.31,0,1,0,0,0,21645.0,21645.0,0.0,On Time,-0.034853768483979586,0.02385673370471784,2.777286189623021,1.0,-10.0,0,0.0,Low
Stable Market,OXC-012,2025-12-01,157230.0,126370.0,0.196,29236.0,1623.0,67420.0,38.0,37.3,30.5,603,149148.0,0.26,0,1,0,0,0,21645.0,21645.0,0.0,On Time,-0.04867644834366969,0.010322457546269795,2.306061020659461,1.0,0.7000000000000028,0,0.0,Low
Stable Market,OXC-012,2026-01-01,152299.0,120983.0,0.206,32987.0,-1671.0,57565.0,40.5,30.5,22.4,650,141258.0,0.24,0,1,0,0,0,21645.0,21645.0,0.0,On Time,-0.1534005947914061,-0.010971838291781298,1.745081395701337,1.0,10.0,0,0.0,Low
Stable Market,OXC-012,2026-02-01,168459.0,129482.0,0.231,23174.0,15803.0,58348.0,40.9,41.3,27.7,500,170011.0,0.34,0,1,0,0,0,21645.0,21645.0,0.0,On Time,0.06039089793220653,0.09380917612000546,2.5178216967290927,1.0,-0.3999999999999986,0,0.0,Low
Stable Market,OXC-012,2026-03-01,162924.0,125931.0,0.227,29290.0,7702.0,56713.0,39.3,33.1,25.1,440,155930.0,0.44,0,1,0,0,0,21645.0,21645.0,0.0,On Time,0.036214462888761734,0.04727357540939334,1.9362581085694777,1.0,6.199999999999996,0,0.0,Low
Stable Market,OXC-012,2026-04-01,174100.0,139167.0,0.201,30884.0,4049.0,54897.0,36.5,45.7,24.2,518,166092.0,0.37,1,1,0,0,0,21645.0,21645.0,0.0,On Time,0.14314604823406585,0.023256748994830555,1.7775223416655874,1.0,-9.200000000000003,0,0.0,Low
Stable Market,OXC-012,2026-05-01,171045.0,136501.0,0.202,35563.0,-1019.0,47737.0,38.0,32.0,41.7,883,168447.0,0.43,0,1,0,0,0,21645.0,21645.0,0.0,On Time,0.015350916246683166,-0.005957496565231372,1.3423220763152715,1.0,6.0,0,0.0,Low
Stable Market,OXC-012,2026-06-01,184519.0,148645.0,0.194,39441.0,-3568.0,36985.0,37.6,33.8,32.9,637,176902.0,0.46,0,1,0,0,0,21645.0,21645.0,0.0,On Time,0.1325464633816995,-0.01933676206786293,0.9377297735858624,1.0,3.8000000000000043,0,0.0,Low
Stable Market,OXC-012,2026-07-01,166330.0,127100.0,0.236,22660.0,16569.0,44050.0,37.3,45.6,35.9,439,173138.0,0.3,0,1,0,0,0,21645.0,21645.0,0.0,On Time,-0.04462952326249281,0.09961522274995491,1.9439541041482788,1.0,-8.300000000000004,0,0.0,Low
Stable Market,OXC-013,2024-11-01,150924.0,120365.0,0.202,21559.0,8999.0,150291.0,48.9,33.7,35.0,452,153298.0,0.45,0,1,0,0,0,17820.0,17820.0,0.0,On Time,0.10137778037246781,0.05962603694574753,6.971148940117816,1.0,15.199999999999996,0,0.0,Low
Stable Market,OXC-013,2024-12-01,142947.0,112906.0,0.21,26343.0,3698.0,147052.0,49.4,27.7,24.2,735,136769.0,0.36,0,1,0,0,0,17820.0,17820.0,0.0,On Time,-0.041723927573053765,0.02586972794112503,5.582204001062901,1.0,21.7,0,0.0,Low
Stable Market,OXC-013,2025-01-01,150116.0,117661.0,0.216,27386.0,5070.0,146604.0,51.9,49.8,35.6,607,150073.0,0.43,0,1,0,0,0,17820.0,17820.0,0.0,On Time,-0.012602609976847035,0.03377388153161555,5.353246184181699,1.0,2.1000000000000014,0,0.0,Low
Stable Market,OXC-013,2025-02-01,151584.0,115044.0,0.241,30401.0,6138.0,147939.0,52.1,48.4,22.8,435,156681.0,0.4,0,1,0,0,0,17820.0,17820.0,0.0,On Time,0.004373061938458989,0.04049240025332489,4.866254399526332,1.0,3.700000000000003,0,0.0,Low
Stable Market,OXC-013,2025-03-01,151967.0,115087.0,0.243,28492.0,8387.0,154189.0,51.8,36.8,39.4,372,150341.0,0.41,0,1,0,0,0,17820.0,17820.0,0.0,On Time,0.06310030990506976,0.05518961353451736,5.411659413168609,1.0,15.0,0,0.0,Low
Stable Market,OXC-013,2025-04-01,168542.0,131204.0,0.222,20404.0,16933.0,169782.0,52.7,48.8,20.2,589,166947.0,0.37,0,1,0,0,0,17820.0,17820.0,0.0,On Time,0.12274507714034488,0.10046753924837726,8.32101548715938,1.0,3.9000000000000057,0,0.0,Low
Stable Market,OXC-013,2025-05-01,162670.0,126860.0,0.22,34130.0,1681.0,158815.0,52.2,49.8,30.1,405,157269.0,0.36,0,1,0,0,0,17820.0,17820.0,0.0,On Time,0.0731343677432974,0.010333804635150918,4.653237620861412,1.0,2.4000000000000057,0,0.0,Low
Stable Market,OXC-013,2025-06-01,162242.0,125546.0,0.226,22378.0,14318.0,164585.0,50.5,43.3,24.1,563,170223.0,0.22,0,1,0,0,0,17820.0,17820.0,0.0,On Time,0.06761336342758617,0.08825088448120709,7.354768075788721,1.0,7.200000000000003,0,0.0,Low
Stable Market,OXC-013,2025-07-01,150610.0,116406.0,0.227,30258.0,3946.0,160617.0,52.0,34.2,34.1,573,153555.0,0.49,0,1,0,0,0,17820.0,17820.0,0.0,On Time,-0.10639484520178943,0.026200119513976494,5.308249058100337,1.0,17.799999999999997,0,0.0,Low
Stable Market,OXC-013,2025-08-01,141917.0,106616.0,0.249,19650.0,15652.0,160564.0,53.8,41.5,36.6,433,137160.0,0.3,1,1,0,0,0,17820.0,17820.0,0.0,On Time,-0.12757730374377574,0.1102898172875695,8.17119592875318,1.0,12.299999999999997,0,0.0,Low
Stable Market,OXC-013,2025-09-01,152011.0,121133.0,0.203,21230.0,9648.0,160200.0,56.2,25.1,35.9,402,163926.0,0.4,1,1,0,0,0,17820.0,17820.0,0.0,On Time,-0.06306012006755346,0.06346909105262119,7.5459255770136595,1.0,31.1,0,0.0,Low
Stable Market,OXC-013,2025-10-01,156416.0,128001.0,0.182,20922.0,7493.0,164424.0,54.1,35.7,20.8,1052,158579.0,0.3,0,1,0,0,0,17820.0,17820.0,0.0,On Time,0.03854989708518697,0.04790430646481179,7.858904502437626,1.0,18.4,0,0.0,Low
Stable Market,OXC-013,2025-11-01,147934.0,115265.0,0.221,30617.0,2052.0,156769.0,53.7,47.9,39.9,504,165563.0,0.27,1,1,0,0,0,17820.0,17820.0,0.0,On Time,0.042398021378693196,0.013871050603647572,5.120325309468596,1.0,5.800000000000004,0,0.0,Low
Stable Market,OXC-013,2025-12-01,168899.0,133055.0,0.212,34980.0,865.0,153076.0,54.4,37.3,42.4,695,169139.0,0.35,0,1,0,0,0,17820.0,17820.0,0.0,On Time,0.11109722322726645,0.005121403915949769,4.376100628930818,1.0,17.1,0,0.0,Low
Stable Market,OXC-013,2026-01-01,149894.0,121470.0,0.19,30488.0,-2064.0,138838.0,52.4,37.0,22.4,377,133685.0,0.32,0,1,0,0,0,17820.0,17820.0,0.0,On Time,-0.041696501636661165,-0.013769730609630805,4.553857255313566,1.0,15.399999999999999,0,0.0,Low
Stable Market,OXC-013,2026-02-01,147687.0,109061.0,0.262,29415.0,9210.0,134760.0,50.3,38.7,38.8,379,144837.0,0.25,0,1,0,0,0,17820.0,17820.0,0.0,On Time,-0.001669663498587215,0.06236161612057933,4.581336053034166,1.0,11.599999999999994,0,0.0,Low
Stable Market,OXC-013,2026-03-01,142908.0,106832.0,0.252,28977.0,7100.0,129603.0,47.9,31.0,31.9,675,144225.0,0.42,0,1,0,1,0,17820.0,17820.0,0.0,On Time,-0.1538848661034109,0.04968231309653763,4.472616212858474,1.0,16.9,0,0.0,Low
Stable Market,OXC-013,2026-04-01,152391.0,118013.0,0.226,28385.0,5993.0,123788.0,46.9,31.3,23.1,364,160259.0,0.29,0,1,0,0,0,17820.0,17820.0,0.0,On Time,0.016658438629965078,0.039326469410923215,4.361035758323058,1.0,15.599999999999998,0,0.0,Low
Stable Market,OXC-013,2026-05-01,141812.0,114666.0,0.191,23553.0,3593.0,116800.0,47.7,26.2,21.2,406,142861.0,0.38,0,1,0,0,0,17820.0,17820.0,0.0,On Time,-0.039780075429794115,0.025336360815727866,4.95902857385471,1.0,21.500000000000004,0,0.0,Low
Stable Market,OXC-013,2026-06-01,143583.0,111946.0,0.22,17698.0,13940.0,115667.0,47.6,39.0,39.2,561,134901.0,0.43,0,1,0,0,0,17820.0,17820.0,0.0,On Time,0.004723318498614404,0.09708670246477646,6.535597242626285,1.0,8.600000000000001,0,0.0,Low
Stable Market,OXC-013,2026-07-01,125039.0,96506.0,0.228,21665.0,6868.0,116508.0,50.0,40.8,23.8,352,123527.0,0.33,0,1,0,0,0,17820.0,17820.0,0.0,On Time,-0.17948566516395326,0.054926862818800534,5.377705977382876,1.0,9.200000000000003,0,0.0,Low
Stable Market,OXC-014,2024-11-01,147812.0,105886.0,0.284,26652.0,15273.0,204637.0,54.6,47.8,21.0,454,149196.0,0.31,0,1,0,0,0,,,0.0,,-0.05402136278983438,0.1033271994154737,7.678110460753414,1.0,6.800000000000004,0,0.0,Low
Stable Market,OXC-014,2024-12-01,142532.0,99921.0,0.299,28488.0,14124.0,209824.0,52.7,44.4,27.2,970,140396.0,0.22,0,1,0,0,0,,,0.0,,-0.1099037662913489,0.09909353688996156,7.365346812693064,1.0,8.300000000000004,0,0.0,Low
Stable Market,OXC-014,2025-01-01,150015.0,111892.0,0.254,32676.0,5447.0,208332.0,54.1,46.0,20.3,916,154152.0,0.3,0,1,0,0,0,,,0.0,,0.04121407303039337,0.036309702363097024,6.375688578773412,1.0,8.100000000000001,0,0.0,Low
Stable Market,OXC-014,2025-02-01,148195.0,110403.0,0.255,26094.0,11698.0,209684.0,54.3,47.5,40.3,356,138029.0,0.31,0,1,0,0,0,,,0.0,,0.0025911292723188595,0.07893653632038868,8.035717023070438,1.0,6.799999999999997,0,0.0,Low
Stable Market,OXC-014,2025-03-01,155572.0,111628.0,0.282,20783.0,23161.0,223970.0,59.9,28.6,35.0,961,155019.0,0.31,0,1,0,0,0,,,0.0,,0.09148822720511895,0.14887640449438203,10.77659625655584,1.0,31.299999999999997,0,0.0,Low
Stable Market,OXC-014,2025-04-01,143733.0,100407.0,0.301,29590.0,13736.0,220133.0,57.6,41.4,41.6,752,139035.0,0.48,0,1,0,0,0,,,0.0,,-0.04187581241875815,0.09556608433693028,7.439438999662048,1.0,16.200000000000003,0,0.0,Low
Stable Market,OXC-014,2025-05-01,149041.0,106557.0,0.285,24043.0,18440.0,225407.0,56.3,39.5,34.0,445,147229.0,0.23,0,1,0,0,0,,,0.0,,0.0057086946253246396,0.12372434430794212,9.375161169571186,1.0,16.799999999999997,0,0.0,Low
Stable Market,OXC-014,2025-06-01,131556.0,94145.0,0.284,25201.0,12210.0,229407.0,55.5,46.5,42.1,681,130823.0,0.32,0,0,4,0,0,,,0.0,,-0.15437225207620908,0.09281218644531607,9.1030911471767,1.0,9.0,0,0.0,Low
Stable Market,OXC-014,2025-07-01,153179.0,108129.0,0.294,23716.0,21335.0,232507.0,58.5,41.9,27.2,389,161304.0,0.25,0,1,0,0,0,,,0.0,,0.06571907634294138,0.13928149419959654,9.803803339517625,1.0,16.6,0,0.0,Low
Stable Market,OXC-014,2025-08-01,143272.0,102916.0,0.282,31037.0,9319.0,233197.0,60.2,45.6,42.3,943,132245.0,0.24,0,1,0,0,0,,,0.0,,-0.038707469756644186,0.06504411189904517,7.513516125914231,1.0,14.600000000000001,0,0.0,Low
Stable Market,OXC-014,2025-09-01,164448.0,117340.0,0.286,34152.0,12956.0,240219.0,63.1,42.6,21.2,950,152900.0,0.27,0,0,5,0,0,,,0.0,,0.2500228039770136,0.07878478303171824,7.0338193956430075,1.0,20.5,0,0.0,Low
Stable Market,OXC-014,2025-10-01,160135.0,116444.0,0.273,34988.0,8704.0,242073.0,66.4,34.1,33.7,484,166391.0,0.3,0,1,0,0,0,,,0.0,,0.04541092447398132,0.054354138695475694,6.918743569223734,1.0,32.300000000000004,0,0.0,Low
Stable Market,OXC-014,2025-11-01,173426.0,123176.0,0.29,31001.0,19249.0,250738.0,66.1,38.1,43.1,666,176707.0,0.35,0,1,0,0,0,,,0.0,,0.2104668044000224,0.1109925847335463,8.088061675429826,1.0,27.999999999999993,0,0.0,Low
Stable Market,OXC-014,2025-12-01,176563.0,121939.0,0.309,23279.0,31345.0,262319.0,67.7,26.9,25.7,944,169251.0,0.2,0,1,0,0,0,,,0.0,,0.0736707044172018,0.17752870080367913,11.268482323123845,1.0,40.800000000000004,0,0.0,Low
Stable Market,OXC-014,2026-01-01,186916.0,139411.0,0.254,40751.0,6753.0,261488.0,67.4,29.6,42.6,843,191921.0,0.29,0,1,0,0,0,,,0.0,,0.16724014113092078,0.036128528322883005,6.4167259699148484,1.0,37.800000000000004,0,0.0,Low
Stable Market,OXC-014,2026-02-01,195324.0,142230.0,0.272,30910.0,22184.0,269346.0,67.2,34.8,30.0,689,197681.0,0.3,0,1,0,0,0,,,0.0,,0.12626711104447996,0.11357539268087895,8.713879003558718,1.0,32.400000000000006,0,0.0,Low
Stable Market,OXC-014,2026-03-01,201513.0,146775.0,0.272,40590.0,14148.0,264541.0,70.0,26.4,31.7,1230,208768.0,0.45,0,1,0,0,0,,,0.0,,0.14130933434524784,0.07020886989921246,6.517393446661739,1.0,43.6,0,0.0,Low
Stable Market,OXC-014,2026-04-01,191695.0,139198.0,0.274,34119.0,18378.0,274155.0,69.5,30.8,36.2,474,177436.0,0.44,0,1,0,0,0,,,0.0,,0.025567634659419136,0.09587104514984741,8.035258946627978,1.0,38.7,0,0.0,Low
Stable Market,OXC-014,2026-05-01,173483.0,124464.0,0.283,25781.0,23238.0,283250.0,69.7,29.2,28.0,481,182257.0,0.36,0,1,0,0,0,,,0.0,,-0.11181933607749173,0.13394972418046724,10.986773205073504,1.0,40.5,0,0.0,Low
Stable Market,OXC-014,2026-06-01,190856.0,148004.0,0.225,27858.0,14994.0,282387.0,72.3,31.7,24.2,522,186864.0,0.46,0,1,0,0,0,,,0.0,,-0.05288492553830271,0.07856184767573458,10.136657333620503,1.0,40.599999999999994,0,0.0,Low
Stable Market,OXC-014,2026-07-01,199038.0,134535.0,0.324,34873.0,29631.0,295351.0,73.1,36.6,42.4,508,178752.0,0.28,0,1,0,0,0,,,0.0,,0.03830564177469409,0.14887106984595908,8.469331574570585,1.0,36.49999999999999,0,0.0,Low
Stable Market,OXC-015,2024-11-01,91417.0,70809.0,0.225,17038.0,3571.0,156272.0,25.4,39.6,43.7,427,87641.0,0.38,0,0,4,0,0,23400.0,23400.0,0.0,On Time,0.04747118271191875,0.039062756380104355,9.171968540908557,1.0,-14.200000000000003,0,0.0,Low
Stable Market,OXC-015,2024-12-01,87808.0,72031.0,0.18,17420.0,-1643.0,151484.0,27.2,39.9,45.0,384,89406.0,0.22,1,1,0,0,0,23400.0,23400.0,0.0,On Time,-0.016079692524903932,-0.01871127915451895,8.695981630309989,1.0,-12.7,0,0.0,Low
Stable Market,OXC-015,2025-01-01,89095.0,65736.0,0.262,16218.0,7142.0,146922.0,24.9,33.9,26.8,413,93085.0,0.33,0,1,0,0,0,23400.0,23400.0,0.0,On Time,0.005325931191677125,0.08016162523149448,9.059193488716241,1.0,-9.0,0,0.0,Low
Stable Market,OXC-015,2025-02-01,88028.0,69693.0,0.208,15905.0,2430.0,149422.0,22.9,26.9,36.2,342,89108.0,0.37,0,1,0,0,0,23400.0,23400.0,0.0,On Time,-0.037071879409737774,0.027604853001317764,9.394655768626219,1.0,-4.0,0,0.0,Low
Stable Market,OXC-015,2025-03-01,89916.0,69651.0,0.225,15749.0,4516.0,153981.0,19.5,36.4,34.5,465,85009.0,0.33,0,1,0,0,0,23400.0,23400.0,0.0,On Time,0.02400692419825079,0.05022465412162463,9.777192202679535,1.0,-16.9,0,0.0,Low
Stable Market,OXC-015,2025-04-01,88062.0,70055.0,0.204,18651.0,-644.0,145672.0,21.6,25.1,27.5,439,92447.0,0.25,0,1,0,0,0,23400.0,23400.0,0.0,On Time,-0.011594365564846498,-0.007313029456519271,7.810412310331886,1.0,-3.5,0,0.0,Low
Stable Market,OXC-015,2025-05-01,81455.0,62608.0,0.231,12468.0,6378.0,147106.0,20.5,33.3,28.7,232,79821.0,0.28,0,1,0,0,0,23400.0,23400.0,0.0,On Time,-0.07466942336529281,0.07830090233871463,11.798684632659608,1.0,-12.799999999999997,0,0.0,Low
Stable Market,OXC-015,2025-06-01,71072.0,55323.0,0.222,12870.0,2879.0,146395.0,17.0,38.2,28.5,263,69094.0,0.19,0,1,0,0,0,23400.0,23400.0,0.0,On Time,-0.20957337959873656,0.04050821701936065,11.374902874902874,1.0,-21.200000000000003,0,0.0,Low
Stable Market,OXC-015,2025-07-01,79318.0,60540.0,0.237,17122.0,1656.0,153037.0,15.2,39.0,43.5,363,77390.0,0.35,0,1,0,0,0,23400.0,23400.0,0.0,On Time,-0.09929367945311263,0.020877984820595576,8.938032940077093,1.0,-23.8,0,0.0,Low
Stable Market,OXC-015,2025-08-01,80749.0,64275.0,0.204,11595.0,4879.0,147324.0,17.2,48.7,24.6,432,83951.0,0.4,0,1,0,0,0,23400.0,23400.0,0.0,On Time,-0.00866736234730836,0.0604218008891751,12.70582147477361,1.0,-31.500000000000004,0,0.0,Low
Stable Market,OXC-015,2025-09-01,76249.0,59860.0,0.215,14964.0,1425.0,148732.0,19.1,37.7,30.3,230,74177.0,0.22,1,1,0,0,0,23400.0,23400.0,0.0,On Time,0.07284162539396677,0.018688769688782803,9.93932103715584,1.0,-18.6,0,0.0,Low
Stable Market,OXC-015,2025-10-01,80263.0,64327.0,0.199,12166.0,3771.0,153208.0,18.6,45.6,23.0,212,79182.0,0.41,0,1,0,0,0,23400.0,23400.0,0.0,On Time,0.011914067424796393,0.04698304324533097,12.593128390596744,1.0,-27.0,0,0.0,Low
Stable Market,OXC-015,2025-11-01,79063.0,60671.0,0.233,10464.0,7927.0,159293.0,20.6,48.2,25.2,358,80114.0,0.47,1,1,0,0,0,23400.0,23400.0,0.0,On Time,-0.020879515535796145,0.10026181652606149,15.22295489296636,1.0,-27.6,0,0.0,Low
Stable Market,OXC-015,2025-12-01,79104.0,64676.0,0.182,12228.0,2199.0,160551.0,22.1,40.1,33.5,393,74772.0,0.38,0,1,0,0,0,23400.0,23400.0,0.0,On Time,0.03744311400805267,0.02779884708737864,13.129784102060844,1.0,-18.0,0,0.0,Low
Stable Market,OXC-015,2026-01-01,71699.0,59916.0,0.164,13365.0,-1582.0,157988.0,20.1,27.3,33.8,190,65694.0,0.61,0,0,5,0,0,23400.0,23400.0,0.0,On Time,-0.10669922629355988,-0.022064463939524957,11.82102506546951,1.0,-7.199999999999999,0,0.0,Low
Stable Market,OXC-015,2026-02-01,64988.0,55643.0,0.144,13606.0,-4261.0,149371.0,18.7,30.5,33.4,159,62681.0,0.7,1,1,0,0,0,23400.0,23400.0,15.0,Late,-0.17802258958046113,-0.06556595063704068,10.978318388946054,1.0,-11.8,0,0.0,Low
Stable Market,OXC-015,2026-03-01,54562.0,47238.0,0.134,11791.0,-4466.0,145488.0,22.6,37.8,30.4,372,53137.0,0.67,1,1,0,0,0,23400.0,23400.0,0.0,On Time,-0.3102497977346278,-0.08185183827572302,12.338902552794504,1.0,-15.199999999999996,0,0.0,Low
Stable Market,OXC-015,2026-04-01,65401.0,52527.0,0.197,13628.0,-754.0,146482.0,26.1,29.6,32.4,166,66499.0,0.47,0,1,0,0,0,23400.0,23400.0,0.0,On Time,-0.08783943988061205,-0.011528875705264445,10.748605811564426,1.0,-3.5,0,0.0,Low
Stable Market,OXC-015,2026-05-01,60939.0,46279.0,0.241,13377.0,1283.0,144639.0,25.7,43.8,43.0,158,62162.0,0.3,0,1,0,0,0,23400.0,23400.0,0.0,On Time,-0.06230380993414164,0.021053840725971874,10.81251401659565,1.0,-18.099999999999998,0,0.0,Low
Stable Market,OXC-015,2026-06-01,62156.0,45202.0,0.273,8655.0,8299.0,151353.0,24.6,46.4,20.5,159,60047.0,0.21,0,1,0,0,0,23400.0,23400.0,0.0,On Time,0.13918111506176456,0.13351888795932815,17.48734835355286,1.0,-21.799999999999997,0,0.0,Low
Stable Market,OXC-015,2026-07-01,62455.0,49909.0,0.201,9594.0,2952.0,150731.0,23.5,41.3,34.5,235,64358.0,0.38,0,1,0,0,0,23400.0,23400.0,0.0,On Time,-0.045045182795370065,0.04726603154271075,15.710965186574942,1.0,-17.799999999999997,0,0.0,Low
Realistic Baseline,OXC-001,2024-11-01,135590.0,97739.0,0.279,24736.0,13114.0,119677.0,53.6,31.4,28.4,746,134902.0,0.23,1,0,6,0,0,,,0.0,,-0.09129292550197032,0.09671804705361753,4.838171086675291,1.0,22.200000000000003,0,0.0,Low
Realistic Baseline,OXC-001,2024-12-01,137527.0,100892.0,0.266,26854.0,9781.0,113093.0,53.8,40.3,22.8,538,142679.0,0.24,0,1,0,0,0,,,0.0,,0.1967402843766859,0.07112057995884445,4.211402398152975,1.0,13.5,0,0.0,Low
Realistic Baseline,OXC-001,2025-01-01,98646.0,69419.0,0.296,12031.0,17196.0,119514.0,53.6,43.2,29.0,455,92715.0,0.28,0,1,0,0,0,,,0.0,,-0.21512058114462573,0.1743202968189283,9.933837586235558,1.0,10.399999999999999,0,0.0,Low
Realistic Baseline,OXC-001,2025-02-01,112408.0,76107.0,0.323,17610.0,18691.0,128118.0,53.1,34.0,36.1,432,123108.0,0.3,0,1,0,0,0,,,0.0,,-0.17097131056862602,0.16627820083979789,7.275298126064736,1.0,19.1,0,0.0,Low
Realistic Baseline,OXC-001,2025-03-01,128136.0,86586.0,0.324,23781.0,17768.0,132935.0,54.9,54.8,32.2,662,131253.0,0.57,0,0,1,0,0,,,0.0,,-0.06828477317181358,0.1386651682587251,5.5899667802026825,1.0,0.10000000000000142,0,0.0,Low
Realistic Baseline,OXC-001,2025-04-01,107535.0,88158.0,0.18,20131.0,-754.0,130512.0,53.4,50.9,42.3,321,121194.0,0.73,0,1,0,0,1,,,0.0,,0.09011009062709086,-0.007011670618868275,6.483135462719189,1.0,2.5,0,0.0,Low
Realistic Baseline,OXC-001,2025-05-01,89327.0,69974.0,0.217,15511.0,3842.0,132354.0,54.9,48.2,36.0,273,87055.0,0.96,0,1,0,0,0,,,0.0,,-0.2053323606860722,0.04301051193927928,8.532912126877699,1.0,6.699999999999996,1,99.8,High
Realistic Baseline,OXC-001,2025-06-01,95150.0,76149.0,0.2,15712.0,3289.0,130664.0,56.5,51.8,47.2,231,105516.0,0.96,1,1,0,1,0,,,0.0,,-0.2574296060435787,0.0345664739884393,8.316191446028514,1.0,4.700000000000003,1,100.0,High
Realistic Baseline,OXC-001,2025-07-01,96507.0,76822.0,0.204,15327.0,4357.0,129483.0,55.7,38.6,26.7,278,94455.0,0.96,0,1,0,0,0,,,0.0,,-0.10255265727437579,0.04514698415658968,8.448032883147388,1.0,17.1,1,99.8,High
Realistic Baseline,OXC-001,2025-08-01,51816.0,44749.0,0.136,10447.0,-3381.0,131406.0,54.0,48.9,42.2,174,54030.0,0.96,0,1,0,0,0,,,0.0,,-0.4199290248189237,-0.06525011579434924,12.57834785105772,1.0,5.100000000000001,0,0.0,Low
Realistic Baseline,OXC-001,2025-09-01,38388.0,36024.0,0.062,5617.0,-3253.0,124261.0,53.6,39.1,41.0,113,39113.0,0.96,0,1,0,0,0,,,0.0,,-0.5965528113504992,-0.08474002292383036,22.122307281466977,1.0,14.5,0,0.0,Low
Realistic Baseline,OXC-001,2025-10-01,23741.0,22871.0,0.037,4814.0,-3944.0,118678.0,52.3,53.6,36.6,149,20766.0,0.96,1,0,10,0,0,,,0.0,,-0.7539971193799413,-0.16612611094730634,24.65267968425426,1.0,-1.3000000000000043,0,0.0,Low
Realistic Baseline,OXC-001,2025-11-01,20913.0,20703.0,0.01,4136.0,-3927.0,119994.0,53.6,43.3,47.2,135,20469.0,0.96,0,0,1,0,0,,,0.0,,-0.596398795738768,-0.18777793716826854,29.012088974854933,1.0,10.300000000000004,0,90.6,High
Realistic Baseline,OXC-001,2025-12-01,10321.0,9721.0,0.058,1316.0,-716.0,119051.0,53.8,36.4,47.4,44,11368.0,0.96,0,0,7,0,0,,,0.0,,-0.7311399395644472,-0.06937312275942253,90.46428571428571,1.0,17.4,0,0.0,Low
Realistic Baseline,OXC-001,2026-01-01,7889.0,7810.0,0.01,1668.0,-1590.0,111632.0,54.5,43.4,33.1,47,7122.0,0.96,1,0,15,0,0,,,0.0,,-0.6677056568805021,-0.20154645709215363,66.92565947242207,1.0,11.100000000000001,0,0.0,Low
Realistic Baseline,OXC-001,2026-02-01,5612.0,5556.0,0.01,1057.0,-1001.0,112258.0,48.7,57.2,33.5,25,5849.0,0.96,1,0,17,0,0,,,0.0,,-0.7316501697508726,-0.17836778332145403,106.20435193945127,1.0,-8.5,0,0.0,Low
Realistic Baseline,OXC-001,2026-03-01,3000.0,2970.0,0.01,523.0,-493.0,114497.0,50.1,42.7,28.2,8,3182.0,0.96,1,1,0,0,0,,,0.0,,-0.7093304912314697,-0.16433333333333333,218.92351816443593,1.0,7.399999999999999,0,0.0,Low
Realistic Baseline,OXC-001,2026-04-01,3000.0,2970.0,0.01,608.0,-578.0,121712.0,51.6,47.0,29.5,16,3222.0,0.96,1,0,14,0,0,,,0.0,,-0.6197236658638611,-0.19266666666666668,200.18421052631578,1.0,4.600000000000001,0,0.0,Low
Realistic Baseline,OXC-001,2026-05-01,3000.0,2970.0,0.01,518.0,-488.0,130764.0,50.0,43.1,42.6,10,2884.0,0.96,0,0,6,0,0,,,0.0,,-0.46543121881682115,-0.16266666666666665,252.44015444015443,1.0,6.899999999999999,0,0.0,Low
Realistic Baseline,OXC-001,2026-06-01,3000.0,2970.0,0.01,443.0,-413.0,131302.0,51.6,45.0,26.3,10,3179.0,0.96,0,1,0,0,0,,,0.0,,0.0,-0.13766666666666666,296.392776523702,1.0,6.600000000000001,0,0.0,Low
Realistic Baseline,OXC-001,2026-07-01,3000.0,2970.0,0.01,421.0,-391.0,130012.0,55.2,40.5,40.0,14,2907.0,0.96,0,1,0,0,0,,,0.0,,0.0,-0.13033333333333333,308.8171021377672,1.0,14.700000000000003,0,0.0,Low
Realistic Baseline,OXC-002,2024-11-01,203326.0,142851.0,0.297,36149.0,24326.0,193057.0,51.0,44.4,27.2,1419,188424.0,0.38,0,1,0,0,0,13950.0,13950.0,0.0,On Time,-0.08250530210730567,0.11964038047273837,5.340590334449086,1.0,6.600000000000001,0,0.0,Low
Realistic Baseline,OXC-002,2024-12-01,184687.0,133548.0,0.277,35835.0,15304.0,203374.0,51.7,39.4,41.8,442,154828.0,0.4,0,1,0,0,0,13950.0,13950.0,0.0,On Time,-0.08898217298225186,0.08286452213745418,5.675289521417609,1.0,12.300000000000004,0,0.0,Low
Realistic Baseline,OXC-002,2025-01-01,223716.0,169180.0,0.244,45984.0,8552.0,203173.0,51.8,42.7,28.9,874,226930.0,0.32,0,1,0,0,0,13950.0,13950.0,0.0,On Time,0.16605596876840556,0.0382270378515618,4.418341162143355,1.0,9.099999999999994,0,0.0,Low
Realistic Baseline,OXC-002,2025-02-01,205913.0,152770.0,0.258,27423.0,25719.0,216655.0,55.1,47.4,29.4,507,193063.0,0.4,0,1,0,0,0,13950.0,13950.0,0.0,On Time,0.012723409696743238,0.12490226454862005,7.90048499434781,1.0,7.700000000000003,0,0.0,Low
Realistic Baseline,OXC-002,2025-03-01,174837.0,139245.0,0.204,28922.0,6669.0,216923.0,56.4,39.2,36.7,711,183316.0,0.2,0,1,0,0,0,13950.0,13950.0,0.0,On Time,-0.05333347772176711,0.03814409993308052,7.500276606043842,1.0,17.199999999999996,0,0.0,Low
Realistic Baseline,OXC-002,2025-04-01,209600.0,155060.0,0.26,42553.0,11987.0,215076.0,59.8,39.6,24.7,574,223094.0,0.29,0,1,0,0,0,13950.0,13950.0,0.0,On Time,-0.06309785621055264,0.05718988549618321,5.05430874438935,1.0,20.199999999999996,0,0.0,Low
Realistic Baseline,OXC-002,2025-05-01,196846.0,140548.0,0.286,29465.0,26833.0,234112.0,58.6,45.3,41.1,517,209674.0,0.43,0,0,1,0,0,13950.0,13950.0,0.0,On Time,-0.044033159635380015,0.13631468254371437,7.945426777532666,1.0,13.300000000000004,0,0.0,Low
Realistic Baseline,OXC-002,2025-06-01,196787.0,144767.0,0.264,35713.0,16307.0,235275.0,59.5,39.5,30.5,1288,211166.0,0.22,0,0,1,0,0,13950.0,13950.0,0.0,On Time,0.12554550810183196,0.08286624624594104,6.587937165737967,1.0,20.0,0,0.0,Low
Realistic Baseline,OXC-002,2025-07-01,227070.0,176333.0,0.223,37904.0,12833.0,240002.0,58.9,33.7,42.5,1360,256154.0,0.33,0,1,0,0,0,13950.0,13950.0,0.0,On Time,0.0833492366412214,0.056515611925837844,6.331838328408611,1.0,25.199999999999996,0,0.0,Low
Realistic Baseline,OXC-002,2025-08-01,167489.0,125911.0,0.248,27289.0,14289.0,246987.0,59.5,46.8,41.2,398,173982.0,0.41,0,0,14,0,0,13950.0,13950.0,0.0,On Time,-0.14913688873535658,0.08531306533563399,9.050789695481695,1.0,12.700000000000003,0,0.0,Low
Realistic Baseline,OXC-002,2025-09-01,188785.0,149783.0,0.207,30522.0,8480.0,247681.0,62.5,32.9,44.6,608,169624.0,0.37,0,1,0,0,0,13950.0,13950.0,0.0,On Time,-0.04066325519470293,0.04491882299970866,8.114835200838739,1.0,29.6,0,0.0,Low
Realistic Baseline,OXC-002,2025-10-01,165953.0,121963.0,0.265,36016.0,7974.0,250265.0,66.7,47.2,28.7,469,166476.0,0.4,0,0,6,0,0,13950.0,13950.0,0.0,On Time,-0.2691548861584533,0.048049749025326445,6.948717236783652,1.0,19.5,0,0.0,Low
Realistic Baseline,OXC-002,2025-11-01,184395.0,148586.0,0.194,35439.0,371.0,247132.0,65.1,34.6,29.4,439,190952.0,0.34,0,0,9,0,0,13950.0,13950.0,0.0,On Time,0.10093797204592536,0.0020119851405949185,6.973447332035328,1.0,30.499999999999993,0,0.0,Low
Realistic Baseline,OXC-002,2025-12-01,174105.0,139511.0,0.199,32124.0,2469.0,237795.0,67.0,48.9,42.3,683,187595.0,0.39,0,1,0,0,0,13950.0,13950.0,0.0,On Time,-0.07776041528723154,0.01418109761350909,7.4024094135226,1.0,18.1,0,0.0,Low
Realistic Baseline,OXC-002,2026-01-01,158822.0,117533.0,0.26,27240.0,14049.0,242724.0,68.8,37.7,36.8,631,128129.0,0.27,0,1,0,0,0,13950.0,13950.0,0.0,On Time,-0.04296999752942099,0.08845751847980758,8.91057268722467,1.0,31.099999999999994,0,0.0,Low
Realistic Baseline,OXC-002,2026-02-01,140239.0,107978.0,0.23,20318.0,11942.0,248910.0,71.9,35.2,32.2,540,116889.0,0.24,0,1,0,0,0,13950.0,13950.0,0.0,On Time,-0.23946419371458016,0.0851546288835488,12.250713652918595,1.0,36.7,0,0.0,Low
Realistic Baseline,OXC-002,2026-03-01,132120.0,102686.0,0.223,17780.0,11653.0,253274.0,69.4,36.0,37.8,455,141774.0,0.2,0,1,0,0,0,13950.0,13950.0,0.0,On Time,-0.24114758335487207,0.08820012110202846,14.24488188976378,1.0,33.400000000000006,0,0.0,Low
Realistic Baseline,OXC-002,2026-04-01,129446.0,99802.0,0.229,26386.0,3258.0,246722.0,70.3,37.4,37.6,313,118317.0,0.22,0,1,0,0,0,13950.0,13950.0,0.0,On Time,-0.18496178111344774,0.025168796254808955,9.35048889562647,1.0,32.9,0,0.0,Low
Realistic Baseline,OXC-002,2026-05-01,121067.0,93208.0,0.23,26506.0,1353.0,243589.0,73.4,32.4,28.1,292,120935.0,0.46,0,1,0,0,0,13950.0,13950.0,0.0,On Time,-0.13670947453989257,0.01117563002304509,9.189956990869991,1.0,41.00000000000001,0,0.0,Low
Realistic Baseline,OXC-002,2026-06-01,113765.0,87791.0,0.228,24721.0,1253.0,244806.0,72.8,46.7,37.4,318,107006.0,0.29,0,1,0,0,0,13950.0,13950.0,0.0,On Time,-0.13892673327278227,0.011013932228717093,9.902754742931112,1.0,26.099999999999994,0,0.0,Low
Realistic Baseline,OXC-002,2026-07-01,105779.0,80635.0,0.238,17419.0,7725.0,246080.0,72.4,27.6,43.8,274,95419.0,0.48,0,1,0,0,0,13950.0,13950.0,0.0,On Time,-0.18283299599833136,0.0730296183552501,14.127102589126816,1.0,44.800000000000004,0,0.0,Low
Realistic Baseline,OXC-003,2024-11-01,167634.0,110329.0,0.342,21264.0,36041.0,153526.0,44.4,30.2,39.7,491,175160.0,0.37,0,1,0,0,0,26820.0,26820.0,0.0,On Time,-0.10550355911763765,0.21499815073314482,7.219996237772762,1.0,14.2,0,0.0,Low
Realistic Baseline,OXC-003,2024-12-01,204799.0,141721.0,0.308,35542.0,27536.0,164039.0,42.6,34.1,34.7,920,222608.0,0.31,0,0,3,0,0,26820.0,26820.0,0.0,On Time,-0.03435870354478843,0.13445378151260504,4.615356479657869,1.0,8.5,0,0.0,Low
Realistic Baseline,OXC-003,2025-01-01,211499.0,153613.0,0.274,33354.0,24531.0,166781.0,42.1,39.4,39.7,1113,199592.0,0.31,0,1,0,0,0,26820.0,26820.0,0.0,On Time,0.14049448623581107,0.11598636400172105,5.000329795526773,1.0,2.700000000000003,0,0.0,Low
Realistic Baseline,OXC-003,2025-02-01,164524.0,116058.0,0.295,21858.0,26608.0,171128.0,42.8,45.5,22.8,410,183670.0,0.48,0,1,0,0,0,26820.0,26820.0,0.0,On Time,-0.018552322321247483,0.16172716442585885,7.829078598224906,1.0,-2.700000000000003,0,0.0,Low
Realistic Baseline,OXC-003,2025-03-01,156336.0,122763.0,0.215,33601.0,-28.0,171842.0,44.3,35.0,27.4,392,178166.0,0.75,1,0,11,0,1,26820.0,26820.0,0.0,On Time,-0.23663689764110174,-0.00017910142257701362,5.114193029969346,1.0,9.299999999999997,0,91.2,High
Realistic Baseline,OXC-003,2025-04-01,121402.0,93140.0,0.233,22419.0,5842.0,175498.0,48.0,45.6,47.2,516,107425.0,0.78,0,1,0,0,0,26820.0,26820.0,0.0,On Time,-0.42599255788443446,0.048121118268232815,7.828092243186583,1.0,2.3999999999999986,1,100.0,High
Realistic Baseline,OXC-003,2025-05-01,99675.0,78163.0,0.216,20766.0,746.0,172551.0,46.4,34.0,42.8,308,111846.0,0.96,0,1,0,0,0,26820.0,26820.0,0.0,On Time,-0.394161338163429,0.007484324053172811,8.309303669459693,1.0,12.399999999999999,1,99.9,High
Realistic Baseline,OXC-003,2025-06-01,97226.0,84363.0,0.132,16278.0,-3415.0,170647.0,48.1,33.1,46.3,240,109053.0,0.94,0,0,10,0,0,26820.0,26820.0,0.0,On Time,-0.3780958960188312,-0.03512434945384979,10.483290330507433,1.0,15.0,1,100.0,High
Realistic Baseline,OXC-003,2025-07-01,79042.0,68793.0,0.13,12257.0,-2008.0,162390.0,48.6,33.4,45.3,221,82045.0,0.96,0,0,6,0,0,26820.0,26820.0,0.0,On Time,-0.348923411475923,-0.02540421548037752,13.248755813004813,1.0,15.200000000000003,0,0.0,Low
Realistic Baseline,OXC-003,2025-08-01,50675.0,45425.0,0.104,6213.0,-963.0,159167.0,46.1,45.5,43.9,259,49003.0,0.96,0,0,6,0,0,26820.0,26820.0,0.0,On Time,-0.491597692500627,-0.019003453379378393,25.618380814421375,1.0,0.6000000000000014,0,0.0,Low
Realistic Baseline,OXC-003,2025-09-01,47702.0,45383.0,0.049,7679.0,-5360.0,153772.0,46.3,42.6,48.1,167,46620.0,0.96,1,1,0,0,0,26820.0,26820.0,10.0,Late,-0.5093699216259026,-0.1123642614565427,20.025003255632242,1.0,3.6999999999999957,0,90.5,High
Realistic Baseline,OXC-003,2025-10-01,37557.0,32943.0,0.123,7286.0,-2672.0,153790.0,45.9,48.7,38.5,197,39359.0,0.96,1,0,3,0,0,26820.0,26820.0,0.0,On Time,-0.5248475494041143,-0.07114519264051974,21.10760362338732,1.0,-2.8000000000000043,0,0.0,Low
Realistic Baseline,OXC-003,2025-11-01,21672.0,21455.0,0.01,4475.0,-4258.0,148294.0,44.0,39.1,40.1,54,24559.0,0.96,1,0,6,0,0,26820.0,26820.0,18.0,Late,-0.5723334977799703,-0.1964747139165744,33.13832402234637,1.0,4.899999999999999,0,0.0,Low
Realistic Baseline,OXC-003,2025-12-01,17145.0,16974.0,0.01,3133.0,-2962.0,139735.0,41.3,43.1,39.1,42,18793.0,0.96,1,0,2,0,0,26820.0,26820.0,0.0,On Time,-0.6405811077103685,-0.17276173811606882,44.60102138525375,1.0,-1.8000000000000043,0,0.0,Low
Realistic Baseline,OXC-003,2026-01-01,9527.0,9432.0,0.01,1827.0,-1732.0,138461.0,42.8,36.8,30.9,33,8592.0,0.96,0,1,0,0,0,26820.0,26820.0,16.0,Late,-0.7463322416593445,-0.1817990973024037,75.78598795840175,1.0,6.0,0,0.0,Low
Realistic Baseline,OXC-003,2026-02-01,5706.0,5649.0,0.01,1011.0,-954.0,128518.0,41.4,56.7,29.5,27,5977.0,0.96,1,0,9,0,0,26820.0,15733.0,30.0,Partial/Default Risk,-0.7367109634551495,-0.167192429022082,127.11968348170129,0.5866144668158091,-15.300000000000004,0,0.0,Low
Realistic Baseline,OXC-003,2026-03-01,3426.0,3392.0,0.01,674.0,-640.0,136783.0,41.1,44.7,39.9,11,3861.0,0.96,0,0,12,0,0,26820.0,26820.0,29.0,Late,-0.8001749781277341,-0.18680677174547577,202.94213649851633,1.0,-3.6000000000000014,0,0.0,Low
Realistic Baseline,OXC-003,2026-04-01,3000.0,2970.0,0.01,656.0,-626.0,132763.0,45.1,38.6,43.6,8,3090.0,0.96,0,0,2,0,0,26820.0,26820.0,26.0,Late,-0.6851054896609636,-0.20866666666666667,202.3826219512195,1.0,6.5,0,0.0,Low
Realistic Baseline,OXC-003,2026-05-01,3000.0,2970.0,0.01,526.0,-496.0,132769.0,46.6,33.9,46.1,18,3038.0,0.96,1,0,7,0,0,26820.0,26820.0,26.0,Late,-0.4742376445846478,-0.16533333333333333,252.4125475285171,1.0,12.700000000000003,0,0.0,Low
Realistic Baseline,OXC-003,2026-06-01,3000.0,2970.0,0.01,539.0,-509.0,129298.0,44.1,44.7,26.5,9,3207.0,0.96,0,1,0,0,0,26820.0,14045.0,30.0,Partial/Default Risk,-0.12434325744308228,-0.16966666666666666,239.88497217068647,0.5236763609246831,-0.6000000000000014,0,0.0,Low
Realistic Baseline,OXC-003,2026-07-01,3000.0,2970.0,0.01,639.0,-609.0,128253.0,46.7,52.1,48.0,11,3087.0,0.96,1,0,10,0,0,26820.0,26820.0,0.0,On Time,0.0,-0.203,200.70892018779344,1.0,-5.399999999999999,0,0.0,Low
Realistic Baseline,OXC-004,2024-11-01,58295.0,40460.0,0.306,11344.0,6491.0,233829.0,43.2,48.8,20.7,316,62570.0,0.33,0,1,0,0,0,14805.0,14805.0,0.0,On Time,0.040461911901192193,0.11134745690024873,20.612570521861777,1.0,-5.599999999999994,0,0.0,Low
Realistic Baseline,OXC-004,2024-12-01,51690.0,36431.0,0.295,10898.0,4361.0,232741.0,43.1,25.2,29.3,245,48235.0,0.38,0,1,0,0,0,14805.0,14805.0,0.0,On Time,-0.19092787377911347,0.08436834977751984,21.356303908974123,1.0,17.900000000000002,0,0.0,Low
Realistic Baseline,OXC-004,2025-01-01,50597.0,32825.0,0.351,9952.0,7820.0,234154.0,46.7,46.1,31.3,206,51791.0,0.39,0,1,0,0,0,14805.0,14805.0,0.0,On Time,-0.058345120226308333,0.15455461786271912,23.528336012861736,1.0,0.6000000000000014,0,0.0,Low
Realistic Baseline,OXC-004,2025-02-01,43453.0,30810.0,0.291,8215.0,4429.0,242500.0,49.0,51.2,22.0,127,40560.0,0.38,0,1,0,0,0,14805.0,14805.0,0.0,On Time,-0.25460159533407667,0.10192621913331645,29.51917224589166,1.0,-2.200000000000003,0,0.0,Low
Realistic Baseline,OXC-004,2025-03-01,36808.0,27035.0,0.266,6114.0,3659.0,246313.0,50.8,40.6,29.1,202,39179.0,0.46,0,1,0,0,1,14805.0,14805.0,0.0,On Time,-0.28790868639969047,0.09940773744838079,40.28671900556101,1.0,10.199999999999996,0,0.0,Low
Realistic Baseline,OXC-004,2025-04-01,49864.0,37000.0,0.258,7225.0,5639.0,253945.0,53.2,55.6,48.5,162,44834.0,0.58,0,1,0,0,1,14805.0,14805.0,0.0,On Time,-0.014487024922426261,0.11308759826728702,35.148096885813146,1.0,-2.3999999999999986,0,0.0,Low
Realistic Baseline,OXC-004,2025-05-01,46976.0,37328.0,0.205,7770.0,1878.0,253443.0,57.4,46.6,49.7,251,43041.0,0.77,0,1,0,0,0,14805.0,14805.0,0.0,On Time,0.08107610521713116,0.03997786103542234,32.61814671814672,1.0,10.799999999999997,1,100.0,High
Realistic Baseline,OXC-004,2025-06-01,38466.0,30579.0,0.205,5979.0,1908.0,251684.0,60.2,46.2,27.2,146,31698.0,0.77,0,0,11,0,0,14805.0,14805.0,0.0,On Time,0.045044555531406294,0.049602246139447824,42.09466465964208,1.0,14.0,1,100.0,High
Realistic Baseline,OXC-004,2025-07-01,35784.0,31067.0,0.132,5242.0,-525.0,248871.0,60.3,55.3,31.8,174,38691.0,0.96,0,0,5,0,0,14805.0,14805.0,0.0,On Time,-0.2823680410717151,-0.014671361502347418,47.476344906524226,1.0,5.0,1,100.0,High
Realistic Baseline,OXC-004,2025-08-01,34550.0,30430.0,0.119,7432.0,-3312.0,243153.0,60.6,55.4,31.9,84,33960.0,0.96,0,0,4,0,0,14805.0,14805.0,14.0,Late,-0.2645180517711172,-0.09586107091172213,32.71703444564047,1.0,5.200000000000003,0,0.0,Low
Realistic Baseline,OXC-004,2025-09-01,17326.0,15947.0,0.08,3110.0,-1731.0,240799.0,60.2,53.2,29.7,89,17350.0,0.96,0,0,12,0,0,14805.0,14805.0,0.0,On Time,-0.549576249155098,-0.09990765323790834,77.42733118971061,1.0,7.0,0,0.0,Low
Realistic Baseline,OXC-004,2025-10-01,13813.0,13311.0,0.036,2342.0,-1840.0,239779.0,60.8,53.7,33.1,36,14274.0,0.96,0,0,14,0,0,14805.0,14805.0,16.0,Late,-0.6139894925106193,-0.133207847679722,102.38215200683177,1.0,7.099999999999994,0,0.0,Low
Realistic Baseline,OXC-004,2025-11-01,10092.0,9501.0,0.059,1277.0,-687.0,233769.0,62.0,57.8,40.2,34,10225.0,0.96,1,0,12,0,0,14805.0,14805.0,19.0,Late,-0.7079015918958032,-0.06807372175980975,183.0610806577917,1.0,4.200000000000003,0,0.0,Low
Realistic Baseline,OXC-004,2025-12-01,8973.0,8718.0,0.028,1703.0,-1449.0,229795.0,63.3,40.1,50.3,27,9388.0,0.96,0,0,9,0,0,14805.0,14805.0,0.0,On Time,-0.48210781484474197,-0.16148445336008024,134.93540810334704,1.0,23.199999999999996,0,0.0,Low
Realistic Baseline,OXC-004,2026-01-01,5333.0,5277.0,0.011,794.0,-737.0,228954.0,62.7,50.2,40.4,14,5311.0,0.96,1,1,0,0,0,14805.0,7505.0,30.0,Partial/Default Risk,-0.6139144284369796,-0.13819613725857866,288.3551637279597,0.5069233367105708,12.5,0,0.0,Low
Realistic Baseline,OXC-004,2026-02-01,3000.0,2970.0,0.01,524.0,-494.0,226938.0,61.2,55.0,45.1,15,3394.0,0.96,0,0,1,0,0,14805.0,14805.0,26.0,Late,-0.7027348394768134,-0.16466666666666666,433.087786259542,1.0,6.200000000000003,0,0.0,Low
Realistic Baseline,OXC-004,2026-03-01,3000.0,2970.0,0.01,649.0,-619.0,232444.0,59.3,42.9,34.0,12,3324.0,0.96,0,0,11,0,0,14805.0,14805.0,25.0,Late,-0.6656636576395853,-0.20633333333333334,358.15716486902926,1.0,16.4,0,0.0,Low
Realistic Baseline,OXC-004,2026-04-01,3000.0,2970.0,0.01,545.0,-515.0,233658.0,60.4,53.1,37.2,14,2653.0,0.96,0,0,9,0,0,14805.0,14805.0,0.0,On Time,-0.437464841552597,-0.17166666666666666,428.7302752293578,1.0,7.299999999999997,0,0.0,Low
Realistic Baseline,OXC-004,2026-05-01,3000.0,2970.0,0.01,614.0,-584.0,233699.0,62.7,41.1,30.3,9,3285.0,0.96,1,0,11,0,0,14805.0,12687.0,32.0,Partial/Default Risk,0.0,-0.19466666666666665,380.61726384364823,0.8569402228976697,21.6,0,0.0,Low
Realistic Baseline,OXC-004,2026-06-01,3000.0,2970.0,0.01,653.0,-623.0,244252.0,63.2,52.1,42.7,15,3559.0,0.96,0,0,7,0,0,14805.0,14805.0,0.0,On Time,0.0,-0.20766666666666667,374.0459418070444,1.0,11.100000000000001,0,0.0,Low
Realistic Baseline,OXC-004,2026-07-01,3000.0,2970.0,0.01,394.0,-364.0,241331.0,62.6,35.5,26.9,9,2688.0,0.96,1,0,6,0,0,14805.0,14805.0,0.0,On Time,0.0,-0.12133333333333333,612.515228426396,1.0,27.1,0,0.0,Low
Realistic Baseline,OXC-005,2024-11-01,154880.0,102143.0,0.341,27364.0,25373.0,252017.0,46.2,49.7,22.4,471,149552.0,0.35,0,1,0,0,0,,,0.0,,-0.01611642961052495,0.16382360537190083,9.209801198655168,1.0,-3.5,0,0.0,Low
Realistic Baseline,OXC-005,2024-12-01,142571.0,98080.0,0.312,27052.0,17440.0,266656.0,44.9,38.2,40.7,568,131275.0,0.26,0,1,0,0,0,,,0.0,,0.03677443751181708,0.12232501700906917,9.857163980482035,1.0,6.699999999999996,0,0.0,Low
Realistic Baseline,OXC-005,2025-01-01,173599.0,125867.0,0.275,21283.0,26449.0,280782.0,43.1,31.4,43.1,420,164266.0,0.31,0,1,0,0,0,,,0.0,,0.21450558983615275,0.15235686841514065,13.19278297232533,1.0,11.700000000000003,0,0.0,Low
Realistic Baseline,OXC-005,2025-02-01,150806.0,110629.0,0.266,29948.0,10228.0,283370.0,46.4,42.6,20.3,385,124413.0,0.29,0,1,0,0,0,,,0.0,,-0.02630423553719008,0.06782223518958132,9.46206758381194,1.0,3.799999999999997,0,0.0,Low
Realistic Baseline,OXC-005,2025-03-01,149990.0,112686.0,0.249,22550.0,14754.0,288046.0,46.2,49.8,40.8,594,158046.0,0.33,0,1,0,0,0,,,0.0,,0.05203723057283738,0.09836655777051803,12.773658536585366,1.0,-3.5999999999999943,0,0.0,Low
Realistic Baseline,OXC-005,2025-04-01,145448.0,111436.0,0.234,27740.0,6273.0,282885.0,49.5,38.1,23.8,389,132416.0,0.44,0,1,0,0,0,,,0.0,,-0.16216107235640753,0.04312881579671085,10.197728911319395,1.0,11.399999999999999,0,0.0,Low
Realistic Baseline,OXC-005,2025-05-01,139777.0,100571.0,0.28,26032.0,13174.0,291493.0,49.4,27.5,20.7,533,138119.0,0.33,0,1,0,0,0,,,0.0,,-0.07313369494582445,0.09425012698798801,11.197487707437,1.0,21.9,0,0.0,Low
Realistic Baseline,OXC-005,2025-06-01,149604.0,107219.0,0.283,28688.0,13697.0,300075.0,50.6,35.7,40.4,373,152102.0,0.11,0,1,0,0,0,,,0.0,,-0.0025735049003267063,0.09155503863533061,10.45994841048522,1.0,14.899999999999999,0,0.0,Low
Realistic Baseline,OXC-005,2025-07-01,135376.0,99159.0,0.268,22434.0,13783.0,308792.0,49.0,25.4,43.1,720,143370.0,0.36,0,1,0,0,0,,,0.0,,-0.06924811616522741,0.10181272899184493,13.764464651867701,1.0,23.6,0,0.0,Low
Realistic Baseline,OXC-005,2025-08-01,129302.0,104672.0,0.19,22141.0,2489.0,312827.0,49.5,45.2,40.7,735,133401.0,0.63,0,0,3,0,0,,,0.0,,-0.07494079855770264,0.019249508901641118,14.128855968565105,1.0,4.299999999999997,0,0.0,Low
Realistic Baseline,OXC-005,2025-09-01,105931.0,68603.0,0.352,14687.0,22640.0,320762.0,50.5,35.3,28.9,411,115312.0,0.28,0,1,0,0,0,,,0.0,,-0.29192401272693247,0.213724027904957,21.839858378157555,1.0,15.200000000000003,0,0.0,Low
Realistic Baseline,OXC-005,2025-10-01,106139.0,72897.0,0.313,19490.0,13752.0,328531.0,49.3,44.2,33.0,306,105232.0,0.24,0,1,0,0,0,,,0.0,,-0.21596885710908875,0.12956594654179895,16.85638789122627,1.0,5.099999999999994,0,0.0,Low
Realistic Baseline,OXC-005,2025-11-01,109602.0,78011.0,0.288,16536.0,15054.0,339721.0,50.3,36.0,38.1,413,107247.0,0.58,1,1,0,0,0,,,0.0,,-0.15235649873938528,0.13735150818415723,20.544327527818094,1.0,14.299999999999997,0,0.0,Low
Realistic Baseline,OXC-005,2025-12-01,89189.0,62283.0,0.302,14562.0,12344.0,351858.0,49.2,38.0,26.3,322,89497.0,0.35,0,1,0,1,0,,,0.0,,-0.1580462754056886,0.1384027178239469,24.16275236918006,1.0,11.200000000000003,0,0.0,Low
Realistic Baseline,OXC-005,2026-01-01,86029.0,58571.0,0.319,14701.0,12757.0,356734.0,46.7,47.6,38.3,400,73903.0,0.27,0,1,0,0,0,,,0.0,,-0.1894685271200972,0.1482872054772228,24.26596830147609,1.0,-0.8999999999999986,0,0.0,Low
Realistic Baseline,OXC-005,2026-02-01,100150.0,71082.0,0.29,13595.0,15473.0,361229.0,44.3,49.5,28.6,281,99518.0,0.34,0,1,0,0,0,,,0.0,,-0.08623930220251452,0.1544982526210684,26.5707245310776,1.0,-5.200000000000003,0,0.0,Low
Realistic Baseline,OXC-005,2026-03-01,108115.0,72178.0,0.332,13165.0,22772.0,381414.0,45.3,37.5,43.9,327,108357.0,0.44,0,1,0,0,0,,,0.0,,0.2122010561840586,0.2106275724922536,28.971819217622485,1.0,7.799999999999997,0,0.0,Low
Realistic Baseline,OXC-005,2026-04-01,113540.0,74801.0,0.341,15652.0,23087.0,393649.0,43.6,40.4,23.3,350,109386.0,0.4,0,1,0,0,0,,,0.0,,0.31978751351288515,0.2033380306499912,25.15007666751853,1.0,3.200000000000003,0,0.0,Low
Realistic Baseline,OXC-005,2026-05-01,127441.0,81572.0,0.36,23334.0,22535.0,403508.0,43.0,39.6,23.6,392,136402.0,0.3,0,0,8,0,0,,,0.0,,0.2725012481278082,0.17682692383142004,17.292705922687922,1.0,3.3999999999999986,0,0.0,Low
Realistic Baseline,OXC-005,2026-06-01,103623.0,74638.0,0.28,20411.0,8574.0,409396.0,44.3,29.1,29.5,664,103225.0,0.21,0,1,0,0,0,,,0.0,,-0.041548351292605146,0.08274224834254944,20.057615991377197,1.0,15.199999999999996,0,0.0,Low
Realistic Baseline,OXC-005,2026-07-01,132866.0,112124.0,0.156,16028.0,4715.0,404329.0,41.6,32.8,43.2,411,136448.0,0.26,0,1,0,0,0,,,0.0,,0.17021314074335026,0.03548688151972664,25.226416271524833,1.0,8.800000000000004,0,0.0,Low
Realistic Baseline,OXC-006,2024-11-01,114822.0,86185.0,0.249,19577.0,9060.0,141931.0,41.1,45.8,21.1,396,120945.0,0.43,1,1,0,0,0,20565.0,20565.0,0.0,On Time,0.022475912304760648,0.07890473950985002,7.249885069213874,1.0,-4.699999999999996,0,0.0,Low
Realistic Baseline,OXC-006,2024-12-01,133487.0,95143.0,0.287,25951.0,12393.0,138747.0,42.1,49.6,25.3,384,140837.0,0.28,0,1,0,0,0,20565.0,20565.0,0.0,On Time,0.3437386752566942,0.09284050132222614,5.346499171515548,1.0,-7.5,0,0.0,Low
Realistic Baseline,OXC-006,2025-01-01,158737.0,105165.0,0.337,19454.0,34118.0,156704.0,42.0,40.9,25.0,683,150997.0,0.4,0,0,2,0,0,20565.0,20565.0,0.0,On Time,0.6764215106454883,0.2149341363387238,8.055104348720057,1.0,1.1000000000000014,0,0.0,Low
Realistic Baseline,OXC-006,2025-02-01,126547.0,84485.0,0.332,17020.0,25042.0,170659.0,40.2,53.5,20.9,516,117604.0,0.25,0,1,0,0,0,20565.0,20565.0,0.0,On Time,0.10211457734580476,0.1978869510932697,10.026968272620447,1.0,-13.299999999999997,0,0.0,Low
Realistic Baseline,OXC-006,2025-03-01,122329.0,84062.0,0.313,19981.0,18286.0,181284.0,38.7,51.7,23.7,359,119670.0,0.48,0,1,0,0,0,20565.0,20565.0,0.0,On Time,-0.08358866406466547,0.14948213424453727,9.072819178219309,1.0,-13.0,0,0.0,Low
Realistic Baseline,OXC-006,2025-04-01,123619.0,101945.0,0.175,18292.0,3383.0,175743.0,40.7,54.3,43.5,393,107026.0,0.57,0,0,1,0,0,20565.0,20565.0,0.0,On Time,-0.22123386482042628,0.027366343361457383,9.607642685326919,1.0,-13.599999999999994,0,0.0,Low
Realistic Baseline,OXC-006,2025-05-01,92160.0,74560.0,0.191,17700.0,-100.0,171654.0,37.2,52.7,45.0,272,92276.0,0.75,1,1,0,1,0,20565.0,20565.0,0.0,On Time,-0.2717330319960173,-0.0010850694444444445,9.697966101694915,1.0,-15.5,1,100.0,High
Realistic Baseline,OXC-006,2025-06-01,118474.0,96171.0,0.188,15081.0,7222.0,169113.0,35.7,34.6,30.4,453,114585.0,0.96,0,0,8,0,0,20565.0,20565.0,0.0,On Time,-0.03151337785807129,0.06095852254503098,11.213646309926398,1.0,1.1000000000000014,1,99.8,High
Realistic Baseline,OXC-006,2025-07-01,71456.0,60594.0,0.152,11566.0,-704.0,170800.0,32.0,38.0,37.3,175,87971.0,0.96,1,0,14,0,0,20565.0,20565.0,12.0,Late,-0.4219658790315405,-0.009852216748768473,14.767421753415183,1.0,-6.0,1,99.6,High
Realistic Baseline,OXC-006,2025-08-01,69204.0,55970.0,0.191,14395.0,-1160.0,163776.0,36.3,41.7,30.0,202,67212.0,0.96,0,1,0,0,0,20565.0,20565.0,9.0,Late,-0.24908854166666672,-0.016762036876481128,11.377283779089963,1.0,-5.400000000000006,0,0.0,Low
Realistic Baseline,OXC-006,2025-09-01,35423.0,31342.0,0.115,4723.0,-641.0,159187.0,37.6,52.8,36.5,163,37666.0,0.96,1,0,13,0,0,20565.0,20565.0,0.0,On Time,-0.7010061279268025,-0.018095587612568107,33.70463688333686,1.0,-15.199999999999996,0,0.0,Low
Realistic Baseline,OXC-006,2025-10-01,24429.0,23208.0,0.05,4732.0,-3511.0,154511.0,36.6,48.1,28.3,102,27675.0,0.96,1,0,15,0,0,20565.0,20565.0,20.0,Late,-0.6581252798925212,-0.14372262474927341,32.65236686390533,1.0,-11.5,0,0.0,Low
Realistic Baseline,OXC-006,2025-11-01,15210.0,15058.0,0.01,3125.0,-2973.0,155950.0,34.9,54.3,47.2,55,15589.0,0.96,1,1,0,0,0,20565.0,20565.0,21.0,Late,-0.7802150164730363,-0.19546351084812624,49.904,1.0,-19.4,0,0.0,Low
Realistic Baseline,OXC-006,2025-12-01,9108.0,8564.0,0.06,1372.0,-829.0,157650.0,37.1,53.5,30.3,25,8535.0,0.96,0,0,2,0,0,20565.0,20565.0,19.0,Late,-0.7428789204753974,-0.09101888449714536,114.90524781341108,1.0,-16.4,0,0.0,Low
Realistic Baseline,OXC-006,2026-01-01,7136.0,7064.0,0.01,1419.0,-1348.0,151982.0,33.3,34.7,36.3,19,6807.0,0.96,1,0,4,0,0,20565.0,7529.0,30.0,Partial/Default Risk,-0.7078881657046953,-0.1889013452914798,107.10500352360818,0.3661074641380987,-1.4000000000000057,0,0.0,Low
Realistic Baseline,OXC-006,2026-02-01,3489.0,3454.0,0.01,672.0,-637.0,155471.0,34.5,39.4,43.1,9,3568.0,0.96,1,1,0,0,0,20565.0,20565.0,25.0,Late,-0.770611439842209,-0.1825738033820579,231.35565476190476,1.0,-4.899999999999999,0,0.0,Low
Realistic Baseline,OXC-006,2026-03-01,3000.0,2970.0,0.01,371.0,-341.0,153830.0,37.2,40.2,43.2,11,2631.0,0.96,0,0,1,0,0,20565.0,20565.0,26.0,Late,-0.6706192358366272,-0.11366666666666667,414.6361185983827,1.0,-3.0,0,0.0,Low
Realistic Baseline,OXC-006,2026-04-01,3000.0,2970.0,0.01,489.0,-459.0,149560.0,35.6,38.0,39.7,8,2580.0,0.96,1,0,13,0,0,20565.0,11405.0,43.0,Partial/Default Risk,-0.5795964125560538,-0.153,305.84867075664624,0.5545830294189157,-2.3999999999999986,0,0.0,Low
Realistic Baseline,OXC-006,2026-05-01,3000.0,2970.0,0.01,565.0,-535.0,151732.0,34.8,34.1,41.4,12,2848.0,0.96,1,1,0,0,0,20565.0,20565.0,26.0,Late,-0.14015477214101457,-0.17833333333333334,268.55221238938054,1.0,0.6999999999999957,0,0.0,Low
Realistic Baseline,OXC-006,2026-06-01,3000.0,2970.0,0.01,565.0,-535.0,152640.0,37.6,40.9,32.0,20,3054.0,0.96,0,1,0,0,0,20565.0,7849.0,34.0,Partial/Default Risk,0.0,-0.17833333333333334,270.1592920353982,0.38166788232433746,-3.299999999999997,0,0.0,Low
Realistic Baseline,OXC-006,2026-07-01,3000.0,2970.0,0.01,534.0,-504.0,147553.0,38.6,49.1,38.6,11,3183.0,0.96,1,0,3,0,0,20565.0,20565.0,0.0,On Time,0.0,-0.168,276.3164794007491,1.0,-10.5,0,0.0,Low
Realistic Baseline,OXC-007,2024-11-01,115810.0,94932.0,0.18,22339.0,-1461.0,67883.0,52.7,32.3,29.0,622,117056.0,0.36,0,1,0,0,0,16290.0,16290.0,0.0,On Time,-0.03353139499949931,-0.012615490890251274,3.038766283181879,1.0,20.400000000000006,0,0.0,Low
Realistic Baseline,OXC-007,2024-12-01,114959.0,86467.0,0.248,22571.0,5920.0,60348.0,51.2,37.7,41.7,290,106557.0,0.37,1,1,0,0,0,16290.0,16290.0,0.0,On Time,-0.08436412294605378,0.051496620534277435,2.6736963360063797,1.0,13.5,0,0.0,Low
Realistic Baseline,OXC-007,2025-01-01,131085.0,101906.0,0.223,27912.0,1267.0,60532.0,51.7,33.6,39.0,355,129888.0,0.44,0,0,18,0,0,16290.0,16290.0,0.0,On Time,-0.050645287446226095,0.009665484227791128,2.1686729721983378,1.0,18.1,0,0.0,Low
Realistic Baseline,OXC-007,2025-02-01,140236.0,119240.0,0.15,24444.0,-3448.0,51701.0,53.7,46.0,42.2,651,136927.0,0.31,0,1,0,0,0,16290.0,16290.0,0.0,On Time,0.2109144288058027,-0.02458712456145355,2.115079365079365,1.0,7.700000000000003,0,0.0,Low
Realistic Baseline,OXC-007,2025-03-01,157103.0,122289.0,0.222,22935.0,11879.0,55386.0,55.1,44.7,38.8,775,178167.0,0.2,0,1,0,0,0,16290.0,16290.0,1.0,Late,0.36660026618185615,0.07561281452295628,2.414911706998038,1.0,10.399999999999999,0,0.0,Low
Realistic Baseline,OXC-007,2025-04-01,167542.0,146707.0,0.124,25304.0,-4468.0,41940.0,52.2,37.8,39.7,542,157196.0,0.16,0,1,0,0,0,16290.0,16290.0,0.0,On Time,0.278117252164626,-0.02666793997922909,1.6574454631678786,1.0,14.400000000000006,0,0.0,Low
Realistic Baseline,OXC-007,2025-05-01,137265.0,109369.0,0.203,27506.0,389.0,35027.0,52.0,34.9,40.7,430,129566.0,0.1,0,1,0,0,0,16290.0,16290.0,0.0,On Time,-0.02118571550814341,0.002833934360543474,1.273431251363339,1.0,17.1,0,0.0,Low
Realistic Baseline,OXC-007,2025-06-01,186471.0,154755.0,0.17,28595.0,3120.0,37631.0,48.1,35.5,36.9,538,159439.0,0.34,0,1,0,0,0,16290.0,16290.0,0.0,On Time,0.18693468616130815,0.016731824251492187,1.3159993005770239,1.0,12.600000000000001,0,0.0,Low
Realistic Baseline,OXC-007,2025-07-01,157118.0,143842.0,0.084,27069.0,-13793.0,30058.0,47.2,40.9,30.2,375,153674.0,0.23,0,1,0,0,0,16290.0,16290.0,0.0,On Time,-0.062217235081352684,-0.0877875227535992,1.1104215153866046,1.0,6.300000000000004,0,0.0,Low
Realistic Baseline,OXC-007,2025-08-01,162116.0,140240.0,0.135,30421.0,-8545.0,24049.0,45.4,34.2,43.5,406,140518.0,0.29,0,1,0,0,0,16290.0,16290.0,0.0,On Time,0.1810439660510692,-0.05270917121073799,0.7905394299990138,1.0,11.199999999999996,0,0.0,Low
Realistic Baseline,OXC-007,2025-09-01,182625.0,150946.0,0.173,37974.0,-6295.0,14192.0,45.7,47.8,33.0,1266,209114.0,0.47,0,1,0,0,0,16290.0,16290.0,0.0,On Time,-0.020625191048474045,-0.03446954140999316,0.373729393795755,1.0,-2.0999999999999943,0,0.0,Low
Realistic Baseline,OXC-007,2025-10-01,169638.0,131409.0,0.225,30238.0,7992.0,10964.0,48.9,42.9,43.1,599,182293.0,0.49,0,1,0,0,0,16290.0,16290.0,0.0,On Time,0.07968533204343231,0.047112085735507375,0.3625901183940737,1.0,6.0,0,0.0,Low
Realistic Baseline,OXC-007,2025-11-01,210482.0,164039.0,0.221,35549.0,10894.0,18480.0,47.3,44.8,32.0,985,201487.0,0.39,0,1,0,0,0,16290.0,16290.0,0.0,On Time,0.2983419280021713,0.05175739493163311,0.5198458465779628,1.0,2.5,0,0.0,Low
Realistic Baseline,OXC-007,2025-12-01,223754.0,188743.0,0.156,28968.0,6043.0,25297.0,47.3,46.8,28.3,1036,221557.0,0.29,0,1,0,0,0,16290.0,16290.0,0.0,On Time,0.22521013004791235,0.02700733841629647,0.8732739574703121,1.0,0.5,0,0.0,Low
Realistic Baseline,OXC-007,2026-01-01,253223.0,201950.0,0.202,41169.0,10104.0,22958.0,45.4,36.7,42.5,962,271360.0,0.3,0,1,0,0,0,16290.0,16290.0,0.0,On Time,0.49272568646175974,0.039901588718244396,0.5576526026864874,1.0,8.699999999999996,0,0.0,Low
Realistic Baseline,OXC-007,2026-02-01,235375.0,178000.0,0.244,49219.0,8157.0,14379.0,44.6,28.3,40.1,696,230050.0,0.14,0,1,0,0,0,16290.0,16290.0,0.0,On Time,0.1182666451287997,0.03465533722782793,0.2921432780023974,1.0,16.3,0,0.0,Low
Realistic Baseline,OXC-007,2026-03-01,207661.0,156507.0,0.246,43271.0,7884.0,9424.0,43.2,37.0,40.2,607,234156.0,0.27,0,0,4,0,0,16290.0,16290.0,0.0,On Time,-0.07192273657677628,0.037965722981204944,0.2177902059115805,1.0,6.200000000000003,0,0.0,Low
Realistic Baseline,OXC-007,2026-04-01,253361.0,192703.0,0.239,37098.0,23559.0,19183.0,40.6,35.4,44.5,756,246786.0,0.24,0,1,0,0,0,16290.0,16290.0,0.0,On Time,0.0005449741927077145,0.09298589759276289,0.5170898700738584,1.0,5.200000000000003,0,0.0,Low
Realistic Baseline,OXC-007,2026-05-01,205532.0,164889.0,0.198,26550.0,14093.0,15489.0,39.1,41.8,26.0,539,207964.0,0.47,0,1,0,0,0,16290.0,16290.0,0.0,On Time,-0.12678916622411052,0.06856839810832377,0.5833898305084746,1.0,-2.6999999999999957,0,0.0,Low
Realistic Baseline,OXC-007,2026-06-01,259228.0,219933.0,0.152,52984.0,-13689.0,500.0,39.3,28.3,28.9,670,238725.0,0.36,0,1,0,0,0,16290.0,16290.0,0.0,On Time,0.2483229879467015,-0.052806795562207784,0.009436811112788766,1.0,10.999999999999996,0,0.0,Low
Realistic Baseline,OXC-007,2026-07-01,210410.0,162721.0,0.227,35558.0,12132.0,500.0,38.8,30.6,29.2,1159,183437.0,0.35,0,1,0,0,0,16290.0,16290.0,0.0,On Time,-0.16952490714829827,0.05765885651822632,0.014061533269587716,1.0,8.199999999999996,0,0.0,Low
Realistic Baseline,OXC-008,2024-11-01,163190.0,130407.0,0.201,28816.0,3967.0,243770.0,35.5,35.1,22.2,865,158844.0,0.34,0,1,0,0,0,22050.0,22050.0,0.0,On Time,0.25731940335305725,0.024309087566640113,8.459536368684065,1.0,0.3999999999999986,0,0.0,Low
Realistic Baseline,OXC-008,2024-12-01,163312.0,121308.0,0.257,25841.0,16163.0,241398.0,34.9,36.0,30.2,1038,189589.0,0.28,0,1,0,0,0,22050.0,22050.0,0.0,On Time,0.2978471466149579,0.0989700695601058,9.341666344181727,1.0,-1.1000000000000014,0,0.0,Low
Realistic Baseline,OXC-008,2025-01-01,149805.0,109984.0,0.266,24360.0,15461.0,253287.0,35.3,28.8,26.1,873,150098.0,0.42,0,1,0,0,0,22050.0,22050.0,4.0,Late,0.04872414155203186,0.10320750308734689,10.397660098522168,1.0,6.4999999999999964,0,0.0,Low
Realistic Baseline,OXC-008,2025-02-01,127114.0,98643.0,0.224,20319.0,8153.0,261096.0,32.9,46.5,41.0,598,108314.0,0.15,0,0,1,0,0,22050.0,22050.0,0.0,On Time,-0.22106746736932414,0.06413927655490348,12.849844972685665,1.0,-13.600000000000001,0,0.0,Low
Realistic Baseline,OXC-008,2025-03-01,138237.0,112633.0,0.185,20474.0,5130.0,261064.0,31.1,43.3,43.5,390,146055.0,0.33,0,1,0,0,0,22050.0,22050.0,0.0,On Time,-0.15354046242774566,0.03711018034245535,12.751001269903291,1.0,-12.199999999999996,0,0.0,Low
Realistic Baseline,OXC-008,2025-04-01,133291.0,103538.0,0.223,18925.0,10828.0,258490.0,32.9,33.6,31.4,839,119371.0,0.5,0,1,0,0,0,22050.0,22050.0,0.0,On Time,-0.11023664096658992,0.08123579236407559,13.658652575957728,1.0,-0.7000000000000028,0,0.0,Low
Realistic Baseline,OXC-008,2025-05-01,170528.0,125693.0,0.263,35939.0,8896.0,255806.0,34.4,26.9,27.0,557,173363.0,0.5,0,1,0,0,0,22050.0,22050.0,0.0,On Time,0.34153594411315824,0.052167386001125915,7.117782909930716,1.0,7.5,0,0.0,Low
Realistic Baseline,OXC-008,2025-06-01,170027.0,108859.0,0.36,28171.0,32998.0,277380.0,34.5,39.0,24.1,597,156028.0,0.43,0,1,0,0,0,22050.0,22050.0,0.0,On Time,0.2299673748706932,0.19407505866715286,9.846295836143552,1.0,-4.5,0,0.0,Low
Realistic Baseline,OXC-008,2025-07-01,198553.0,159454.0,0.197,42010.0,-2911.0,267311.0,32.6,35.5,32.5,620,188629.0,0.28,0,1,0,0,0,22050.0,22050.0,0.0,On Time,0.4896204544943019,-0.01466107286215771,6.363032611283028,1.0,-2.8999999999999986,0,0.0,Low
Realistic Baseline,OXC-008,2025-08-01,222049.0,170467.0,0.232,48679.0,2903.0,262361.0,32.1,34.3,36.2,1091,226825.0,0.25,0,1,0,0,0,22050.0,22050.0,0.0,On Time,0.30212633702383185,0.013073690942089359,5.389613591076234,1.0,-2.1999999999999957,0,0.0,Low
Realistic Baseline,OXC-008,2025-09-01,204410.0,140851.0,0.311,35037.0,28522.0,271266.0,30.6,45.3,30.6,635,192599.0,0.38,0,1,0,0,0,22050.0,22050.0,0.0,On Time,0.20222082375152173,0.13953329093488576,7.742272454833461,1.0,-14.699999999999996,0,0.0,Low
Realistic Baseline,OXC-008,2025-10-01,208153.0,156473.0,0.248,26763.0,24917.0,277830.0,28.6,37.9,26.1,803,221220.0,0.22,0,1,0,0,0,22050.0,22050.0,0.0,On Time,0.048349810881729294,0.11970521683569298,10.381123192467212,1.0,-9.299999999999997,0,0.0,Low
Realistic Baseline,OXC-008,2025-11-01,182829.0,123529.0,0.324,35499.0,23801.0,293304.0,31.5,44.2,20.1,630,193709.0,0.16,0,1,0,1,0,22050.0,22050.0,0.0,On Time,-0.1766276812775559,0.130181754535659,8.262317248373193,1.0,-12.700000000000003,0,0.0,Low
Realistic Baseline,OXC-008,2025-12-01,173589.0,132309.0,0.238,21598.0,19683.0,298861.0,31.2,39.4,21.1,421,195205.0,0.37,0,0,8,0,0,22050.0,22050.0,0.0,On Time,-0.1507802945061396,0.1133885211620552,13.837438651727012,1.0,-8.2,0,0.0,Low
Realistic Baseline,OXC-008,2026-01-01,164159.0,117025.0,0.287,21622.0,25511.0,311004.0,32.2,27.4,26.0,553,190736.0,0.51,1,1,0,0,0,22050.0,22050.0,1.0,Late,-0.21135414815063924,0.15540421177029587,14.383683285542503,1.0,4.800000000000004,0,0.0,Low
Realistic Baseline,OXC-008,2026-02-01,174300.0,125751.0,0.279,32528.0,16020.0,316106.0,33.1,36.8,32.3,415,177651.0,0.38,0,1,0,0,0,22050.0,22050.0,0.0,On Time,-0.04665014849941751,0.0919104991394148,9.717966060009838,1.0,-3.6999999999999957,0,0.0,Low
Realistic Baseline,OXC-008,2026-03-01,177752.0,129659.0,0.271,28970.0,19122.0,316886.0,35.5,44.9,32.5,481,149571.0,0.45,0,1,0,0,0,22050.0,22050.0,0.0,On Time,0.023981934339157407,0.10757684864305324,10.938419054193993,1.0,-9.399999999999999,0,0.0,Low
Realistic Baseline,OXC-008,2026-04-01,182153.0,133919.0,0.265,25051.0,23183.0,327341.0,36.9,36.2,38.5,997,190980.0,0.43,0,0,10,0,0,22050.0,22050.0,0.0,On Time,0.10961324082139878,0.12727212837559634,13.066983353957927,1.0,0.6999999999999957,0,0.0,Low
Realistic Baseline,OXC-008,2026-05-01,171824.0,136674.0,0.205,26582.0,8568.0,330652.0,40.4,47.6,24.6,844,176977.0,0.42,0,0,8,0,0,22050.0,22050.0,0.0,On Time,-0.014205393000573774,0.049864978117143126,12.438943646076293,1.0,-7.200000000000003,0,0.0,Low
Realistic Baseline,OXC-008,2026-06-01,184815.0,146407.0,0.208,22988.0,15420.0,332387.0,41.8,32.5,36.4,770,183786.0,0.21,0,1,0,0,0,22050.0,22050.0,0.0,On Time,0.03973513659480621,0.08343478613748884,14.45915260135723,1.0,9.299999999999997,0,0.0,Low
Realistic Baseline,OXC-008,2026-07-01,200208.0,141740.0,0.292,28478.0,29990.0,349993.0,43.4,43.9,21.2,853,212552.0,0.19,0,0,14,0,0,22050.0,22050.0,0.0,On Time,0.09911997057418764,0.14979421401742188,12.289943113982723,1.0,-0.5,0,0.0,Low
Realistic Baseline,OXC-009,2024-11-01,69054.0,54234.0,0.215,13418.0,1402.0,243366.0,36.3,47.0,36.5,193,56558.0,0.2,0,1,0,0,0,,,0.0,,-0.012329080611018894,0.020302951313464823,18.137278282903562,1.0,-10.700000000000003,0,0.0,Low
Realistic Baseline,OXC-009,2024-12-01,65823.0,50037.0,0.24,13096.0,2689.0,238706.0,36.0,36.9,22.6,162,60425.0,0.37,0,1,0,0,0,,,0.0,,-0.15935939515459574,0.0408519818300594,18.227397678680514,1.0,-0.8999999999999986,0,0.0,Low
Realistic Baseline,OXC-009,2025-01-01,66485.0,51046.0,0.232,10306.0,5133.0,237128.0,39.8,27.9,41.1,197,61219.0,0.26,0,1,0,0,0,,,0.0,,-0.08760927143229635,0.07720538467323457,23.008732777023095,1.0,11.899999999999999,0,0.0,Low
Realistic Baseline,OXC-009,2025-02-01,72233.0,55832.0,0.227,11994.0,4407.0,230397.0,37.4,43.5,37.0,196,72174.0,0.29,0,1,0,0,0,,,0.0,,0.046036435253569596,0.061010895297163345,19.20935467733867,1.0,-6.100000000000001,0,0.0,Low
Realistic Baseline,OXC-009,2025-03-01,67693.0,49108.0,0.275,12904.0,5681.0,231615.0,38.6,25.0,24.0,351,72065.0,0.41,0,1,0,0,0,,,0.0,,0.028409522507330198,0.08392300533290001,17.94908555486671,1.0,13.600000000000001,0,0.0,Low
Realistic Baseline,OXC-009,2025-04-01,66662.0,46156.0,0.308,11859.0,8647.0,234714.0,36.0,34.5,33.9,274,75079.0,0.22,0,0,4,0,0,,,0.0,,0.0026622546439045713,0.129714079985599,19.792056665823424,1.0,1.5,0,0.0,Low
Realistic Baseline,OXC-009,2025-05-01,66846.0,49943.0,0.253,12444.0,4459.0,235150.0,35.7,27.3,32.6,241,67967.0,0.41,0,1,0,0,0,,,0.0,,-0.07457810142178778,0.06670556203811746,18.896657023465124,1.0,8.400000000000002,0,0.0,Low
Realistic Baseline,OXC-009,2025-06-01,69326.0,49506.0,0.286,14780.0,5040.0,233455.0,35.2,25.1,37.7,181,71486.0,0.56,0,1,0,0,0,,,0.0,,0.02412361691755427,0.07269999711507948,15.79533152909337,1.0,10.100000000000001,0,0.0,Low
Realistic Baseline,OXC-009,2025-07-01,59914.0,43511.0,0.274,10907.0,5497.0,235203.0,34.8,46.4,28.5,156,65609.0,0.31,0,1,0,0,0,,,0.0,,-0.1012270858960127,0.09174817238041193,21.56440817823416,1.0,-11.600000000000001,0,0.0,Low
Realistic Baseline,OXC-009,2025-08-01,70569.0,56414.0,0.201,13099.0,1056.0,240045.0,36.0,28.3,31.1,245,77134.0,0.11,0,1,0,0,0,,,0.0,,0.055695179965891795,0.014964077711176296,18.325444690434384,1.0,7.699999999999999,0,0.0,Low
Realistic Baseline,OXC-009,2025-09-01,71814.0,55049.0,0.233,10346.0,6418.0,244946.0,37.8,41.8,35.9,395,71793.0,0.31,0,1,0,0,0,,,0.0,,0.03588841127426945,0.08936976077088032,23.67543011791997,1.0,-4.0,0,0.0,Low
Realistic Baseline,OXC-009,2025-10-01,67654.0,55189.0,0.184,11367.0,1098.0,244580.0,35.9,51.4,41.8,292,72630.0,0.59,0,0,12,0,0,,,0.0,,0.12918516540374547,0.0162296390457327,21.51667106536465,1.0,-15.5,0,0.0,Low
Realistic Baseline,OXC-009,2025-11-01,54178.0,45358.0,0.163,11436.0,-2615.0,241520.0,37.2,45.1,26.6,153,53973.0,0.68,0,0,8,0,0,,,0.0,,-0.23226912667035104,-0.048266824172173206,21.11927247289262,1.0,-7.899999999999999,0,0.0,Low
Realistic Baseline,OXC-009,2025-12-01,58382.0,51669.0,0.115,9010.0,-2297.0,232836.0,39.0,33.8,47.8,209,56016.0,0.96,0,0,14,1,0,,,0.0,,-0.18703873896454726,-0.039344318454318114,25.841953385127635,1.0,5.200000000000003,1,100.0,High
Realistic Baseline,OXC-009,2026-01-01,49188.0,44418.0,0.097,5975.0,-1205.0,232533.0,40.2,47.0,34.2,204,47721.0,0.91,0,0,10,1,0,,,0.0,,-0.2729476453720401,-0.024497845002846224,38.91765690376569,1.0,-6.799999999999997,1,100.0,High
Realistic Baseline,OXC-009,2026-02-01,47391.0,40376.0,0.148,8334.0,-1320.0,227605.0,40.7,41.9,45.7,135,50976.0,0.96,0,0,11,0,0,,,0.0,,-0.12527225072907822,-0.02785338988415522,27.310415166786658,1.0,-1.1999999999999957,1,99.9,High
Realistic Baseline,OXC-009,2026-03-01,39334.0,34895.0,0.113,6204.0,-1766.0,224946.0,41.3,50.4,46.9,94,36374.0,0.96,1,1,0,0,0,,,0.0,,-0.32626494467472855,-0.04489754410942187,36.25822050290135,1.0,-9.100000000000001,0,0.0,Low
Realistic Baseline,OXC-009,2026-04-01,36676.0,36088.0,0.016,5818.0,-5230.0,214039.0,42.9,41.8,30.7,99,35948.0,0.96,0,0,12,0,0,,,0.0,,-0.254370984793039,-0.14260006543788853,36.78910278446202,1.0,1.1000000000000014,0,0.0,Low
Realistic Baseline,OXC-009,2026-05-01,27289.0,26770.0,0.019,4709.0,-4190.0,205957.0,42.0,36.9,44.6,75,25692.0,0.96,0,1,0,0,0,,,0.0,,-0.4241733662509759,-0.15354172010700282,43.73688681248673,1.0,5.100000000000001,0,0.0,Low
Realistic Baseline,OXC-009,2026-06-01,19494.0,19068.0,0.022,3474.0,-3048.0,204902.0,41.7,35.6,40.2,72,19169.0,0.96,0,1,0,0,0,,,0.0,,-0.5043982305384654,-0.15635580178516467,58.981577432354634,1.0,6.100000000000001,0,0.0,Low
Realistic Baseline,OXC-009,2026-07-01,12273.0,12151.0,0.01,2636.0,-2513.0,208807.0,41.1,34.9,47.7,61,12500.0,0.96,0,0,13,0,0,,,0.0,,-0.6653669974915476,-0.2047584127760124,79.21358118361154,1.0,6.200000000000003,0,0.0,Low
Realistic Baseline,OXC-010,2024-11-01,225854.0,168161.0,0.255,35414.0,22279.0,76967.0,41.8,41.6,44.9,1255,252853.0,0.38,0,1,0,0,0,16380.0,16380.0,0.0,On Time,0.29190095124783344,0.09864337138151195,2.173349522787598,1.0,0.19999999999999574,0,0.0,Low
Realistic Baseline,OXC-010,2024-12-01,173122.0,136912.0,0.209,24939.0,11271.0,69820.0,38.5,31.2,35.4,498,173219.0,0.2,0,1,0,0,0,16380.0,16380.0,0.0,On Time,0.0793209433974027,0.06510437725996696,2.799631099883716,1.0,7.300000000000001,0,0.0,Low
Realistic Baseline,OXC-010,2025-01-01,139041.0,111154.0,0.201,18365.0,9522.0,69181.0,40.0,39.0,32.4,927,151148.0,0.26,0,1,0,0,0,16380.0,16380.0,1.0,Late,-0.11238149956908938,0.06848339698362353,3.7670024503130954,1.0,1.0,0,0.0,Low
Realistic Baseline,OXC-010,2025-02-01,152054.0,121309.0,0.202,32035.0,-1290.0,68729.0,36.4,36.4,44.5,627,157764.0,0.43,0,1,0,0,0,16380.0,16380.0,0.0,On Time,-0.3267597651580224,-0.00848382811369645,2.1454346808178553,1.0,0.0,0,0.0,Low
Realistic Baseline,OXC-010,2025-03-01,140903.0,113297.0,0.196,18931.0,8675.0,69206.0,35.5,31.3,35.0,448,135954.0,0.14,0,0,4,0,0,16380.0,16380.0,0.0,On Time,-0.18610575201303126,0.061567177419927184,3.6556970049125774,1.0,4.199999999999999,0,0.0,Low
Realistic Baseline,OXC-010,2025-04-01,191205.0,149210.0,0.22,26674.0,15322.0,71215.0,33.5,31.7,30.4,529,193213.0,0.28,0,1,0,0,0,16380.0,16380.0,0.0,On Time,0.37516991391028554,0.08013388771214142,2.669828297218265,1.0,1.8000000000000007,0,0.0,Low
Realistic Baseline,OXC-010,2025-05-01,181751.0,131500.0,0.276,30371.0,19879.0,87752.0,33.0,45.1,31.5,536,181164.0,0.22,0,1,0,0,0,16380.0,16380.0,0.0,On Time,0.19530561511042133,0.10937491403073436,2.8893352210990746,1.0,-12.100000000000001,0,0.0,Low
Realistic Baseline,OXC-010,2025-06-01,209337.0,150108.0,0.283,39787.0,19441.0,96544.0,32.2,26.8,20.7,685,211614.0,0.38,0,0,3,0,0,16380.0,16380.0,0.0,On Time,0.48568163914182105,0.092869392415101,2.4265212255259256,1.0,5.400000000000002,0,0.0,Low
Realistic Baseline,OXC-010,2025-07-01,215699.0,180590.0,0.163,32360.0,2749.0,95072.0,33.9,35.3,32.1,525,216925.0,0.44,0,1,0,0,0,16380.0,16380.0,0.0,On Time,0.12810334457780925,0.012744611704273084,2.9379480840543883,1.0,-1.3999999999999986,0,0.0,Low
Realistic Baseline,OXC-010,2025-08-01,202267.0,155291.0,0.232,41438.0,5538.0,91938.0,34.8,27.4,30.3,500,186310.0,0.16,0,1,0,0,0,16380.0,16380.0,0.0,On Time,0.11287970905249489,0.02737965164856353,2.2186881606255127,1.0,7.399999999999999,0,0.0,Low
Realistic Baseline,OXC-010,2025-09-01,230041.0,170653.0,0.258,46166.0,13223.0,95013.0,35.9,28.9,35.8,729,225921.0,0.34,0,1,0,0,0,16380.0,16380.0,0.0,On Time,0.09890272622613305,0.05748105772449259,2.058073040765932,1.0,7.0,0,0.0,Low
Realistic Baseline,OXC-010,2025-10-01,209639.0,158662.0,0.243,34165.0,16812.0,104934.0,33.6,33.2,31.5,578,173815.0,0.35,0,1,0,0,0,16380.0,16380.0,0.0,On Time,-0.028094706048706786,0.0801950018841914,3.0713888482364995,1.0,0.3999999999999986,0,0.0,Low
Realistic Baseline,OXC-010,2025-11-01,179621.0,121586.0,0.323,30422.0,27612.0,110877.0,33.0,27.0,40.5,689,179879.0,0.32,0,1,0,0,0,16380.0,16380.0,3.0,Late,-0.11196092293849214,0.15372367373525367,3.644632174084544,1.0,6.0,0,0.0,Low
Realistic Baseline,OXC-010,2025-12-01,169086.0,113233.0,0.33,30582.0,25271.0,119750.0,33.4,27.8,40.6,941,179702.0,0.4,0,1,0,0,0,16380.0,16380.0,0.0,On Time,-0.26497450454484206,0.1494564895970098,3.9157020469557255,1.0,5.599999999999998,0,0.0,Low
Realistic Baseline,OXC-010,2026-01-01,168890.0,130186.0,0.229,31622.0,7082.0,125720.0,31.3,33.2,32.6,430,176251.0,0.52,1,1,0,1,0,16380.0,16380.0,0.0,On Time,-0.19437700046270012,0.041932618864349576,3.9757131111251662,1.0,-1.9000000000000021,0,0.0,Low
Realistic Baseline,OXC-010,2026-02-01,162792.0,120028.0,0.263,27182.0,15581.0,124625.0,34.3,45.3,28.8,465,172764.0,0.22,0,1,0,0,0,16380.0,16380.0,0.0,On Time,-0.09369171756086425,0.09571109145412551,4.584835552939445,1.0,-11.0,0,0.0,Low
Realistic Baseline,OXC-010,2026-03-01,148665.0,119188.0,0.198,23115.0,6362.0,126592.0,37.1,34.5,22.8,572,125265.0,0.29,0,1,0,0,0,16380.0,16380.0,0.0,On Time,-0.12077286114758168,0.04279420172871893,5.476616915422886,1.0,2.6000000000000014,0,0.0,Low
Realistic Baseline,OXC-010,2026-04-01,158006.0,121157.0,0.233,30200.0,6649.0,122873.0,37.5,39.8,23.1,538,178602.0,0.21,1,1,0,0,0,16380.0,16380.0,0.0,On Time,-0.06444431286636276,0.04208068048048808,4.06864238410596,1.0,-2.299999999999997,0,0.0,Low
Realistic Baseline,OXC-010,2026-05-01,143039.0,110527.0,0.227,24901.0,7610.0,128347.0,37.2,42.7,34.0,348,125887.0,0.44,0,1,0,0,0,16380.0,16380.0,0.0,On Time,-0.12133888643176571,0.05320227350582708,5.154290992329625,1.0,-5.5,0,0.0,Low
Realistic Baseline,OXC-010,2026-06-01,187946.0,164915.0,0.123,37596.0,-14566.0,113582.0,38.6,47.2,30.9,883,212312.0,0.29,0,1,0,0,0,16380.0,16380.0,0.0,On Time,0.26422493525712176,-0.07750098432528492,3.0211192680072347,1.0,-8.600000000000001,0,0.0,Low
Realistic Baseline,OXC-010,2026-07-01,164136.0,121123.0,0.262,23420.0,19593.0,124887.0,40.3,32.7,34.7,467,161017.0,0.24,0,1,0,0,0,16380.0,16380.0,0.0,On Time,0.038795995088794166,0.11937052200614125,5.332493595217763,1.0,7.599999999999994,0,0.0,Low
Realistic Baseline,OXC-011,2024-11-01,134097.0,108524.0,0.191,27797.0,-2224.0,109495.0,34.3,35.7,35.9,384,135750.0,0.45,1,1,0,0,0,,,0.0,,-0.42298308497958237,-0.016585009358896917,3.9390941468503797,1.0,-1.4000000000000057,0,0.0,Low
Realistic Baseline,OXC-011,2024-12-01,138913.0,111578.0,0.197,18015.0,9321.0,109345.0,35.7,34.1,20.4,749,150712.0,0.49,0,1,0,0,0,,,0.0,,-0.19605414696537393,0.0670995515178565,6.0696641687482655,1.0,1.6000000000000014,0,0.0,Low
Realistic Baseline,OXC-011,2025-01-01,124875.0,105366.0,0.156,16687.0,2822.0,102755.0,34.1,39.7,39.7,313,127229.0,0.44,0,0,6,0,0,,,0.0,,-0.28891938523913374,0.0225985985985986,6.157787499250914,1.0,-5.600000000000001,0,0.0,Low
Realistic Baseline,OXC-011,2025-02-01,133618.0,102194.0,0.235,19105.0,12319.0,102661.0,35.3,41.4,34.9,430,139080.0,0.41,0,1,0,0,0,,,0.0,,-0.0035720411344026815,0.0921956622610726,5.3735147867050514,1.0,-6.100000000000001,0,0.0,Low
Realistic Baseline,OXC-011,2025-03-01,122158.0,97789.0,0.199,23946.0,422.0,101270.0,39.4,47.9,38.8,743,121357.0,0.25,0,1,0,0,0,,,0.0,,-0.12061506122537125,0.0034545424777746854,4.229098805646037,1.0,-8.5,0,0.0,Low
Realistic Baseline,OXC-011,2025-04-01,117098.0,95040.0,0.188,18666.0,3391.0,99041.0,37.0,47.5,40.8,362,119823.0,0.23,0,1,0,0,0,,,0.0,,-0.062278278278278254,0.02895865001964167,5.305957355619843,1.0,-10.5,0,0.0,Low
Realistic Baseline,OXC-011,2025-05-01,109006.0,88546.0,0.188,22839.0,-2380.0,93642.0,39.7,25.5,32.7,328,102571.0,0.1,0,0,15,0,0,,,0.0,,-0.18419673996018504,-0.021833660532447754,4.100091947983712,1.0,14.200000000000003,0,0.0,Low
Realistic Baseline,OXC-011,2025-06-01,117480.0,89009.0,0.242,16158.0,12313.0,99830.0,42.8,32.3,44.4,319,121559.0,0.41,0,1,0,0,0,,,0.0,,-0.03829466756168243,0.10480932924753149,6.178363658868672,1.0,10.5,0,0.0,Low
Realistic Baseline,OXC-011,2025-07-01,107021.0,82803.0,0.226,15689.0,8528.0,97285.0,42.3,34.3,20.0,363,103245.0,0.29,0,0,5,0,0,,,0.0,,-0.08605612393038309,0.07968529540931218,6.200841353814774,1.0,8.0,0,0.0,Low
Realistic Baseline,OXC-011,2025-08-01,138570.0,101405.0,0.268,18790.0,18375.0,95817.0,43.0,46.0,42.2,406,137647.0,0.32,0,1,0,0,0,,,0.0,,0.27121442856356537,0.13260445983979216,5.099361362426823,1.0,-3.0,0,0.0,Low
Realistic Baseline,OXC-011,2025-09-01,126298.0,105296.0,0.166,27252.0,-6250.0,86685.0,45.8,28.0,38.6,326,118727.0,0.45,0,1,0,0,0,,,0.0,,0.0750595846101465,-0.04948613596414828,3.1808674592690447,1.0,17.799999999999997,0,0.0,Low
Realistic Baseline,OXC-011,2025-10-01,120324.0,98058.0,0.185,15576.0,6690.0,84181.0,46.9,42.5,24.4,505,114498.0,0.33,0,1,0,0,0,,,0.0,,0.12430270694536594,0.05559988032312756,5.404532614278377,1.0,4.399999999999999,0,0.0,Low
Realistic Baseline,OXC-011,2025-11-01,144073.0,105499.0,0.268,26804.0,11770.0,87623.0,47.9,48.2,24.1,391,150569.0,0.44,1,1,0,0,0,,,0.0,,0.0397127805441293,0.08169469643861098,3.2690270108938964,1.0,-0.30000000000000426,0,0.0,Low
Realistic Baseline,OXC-011,2025-12-01,119089.0,82838.0,0.304,23527.0,12724.0,84220.0,48.7,25.1,26.9,369,112223.0,0.27,1,1,0,0,0,,,0.0,,-0.05707928866648715,0.10684446086540318,3.579716920984401,1.0,23.6,0,0.0,Low
Realistic Baseline,OXC-011,2026-01-01,126939.0,96970.0,0.236,18303.0,11666.0,88873.0,48.0,42.0,28.6,358,141534.0,0.25,0,1,0,0,0,,,0.0,,0.05497656327914635,0.09190240981888939,4.85565207889417,1.0,6.0,0,0.0,Low
Realistic Baseline,OXC-011,2026-02-01,141477.0,105408.0,0.255,21215.0,14854.0,92778.0,49.5,42.9,21.1,346,138152.0,0.36,0,1,0,0,0,,,0.0,,-0.018018643326646933,0.10499233090891098,4.373226490690549,1.0,6.600000000000001,0,0.0,Low
Realistic Baseline,OXC-011,2026-03-01,120107.0,99797.0,0.169,14739.0,5571.0,89214.0,46.7,31.7,22.1,465,125916.0,0.14,0,1,0,0,0,,,0.0,,0.00854822863572613,0.04638364125321588,6.052920822308162,1.0,15.000000000000004,0,0.0,Low
Realistic Baseline,OXC-011,2026-04-01,106254.0,85147.0,0.199,15833.0,5274.0,90505.0,48.5,44.2,44.7,260,112858.0,0.34,0,1,0,0,0,,,0.0,,-0.16295228416798624,0.049635778417753684,5.716225604749574,1.0,4.299999999999997,0,0.0,Low
Realistic Baseline,OXC-011,2026-05-01,111260.0,83324.0,0.251,16729.0,11208.0,86515.0,44.8,31.6,34.3,486,104096.0,0.38,0,1,0,0,0,,,0.0,,-0.213582419757275,0.10073701240337947,5.17155837168988,1.0,13.199999999999996,0,0.0,Low
Realistic Baseline,OXC-011,2026-06-01,108100.0,85127.0,0.213,16713.0,6260.0,89268.0,48.5,42.9,43.9,292,116381.0,0.1,0,1,0,0,0,,,0.0,,-0.09996919413522942,0.05790934320074006,5.341231376772572,1.0,5.600000000000001,0,0.0,Low
Realistic Baseline,OXC-011,2026-07-01,118319.0,95448.0,0.193,21817.0,1054.0,91231.0,49.1,28.1,21.7,344,104072.0,0.38,0,1,0,0,0,,,0.0,,0.11354866640314709,0.00890812126539271,4.181647339230875,1.0,21.0,0,0.0,Low
Realistic Baseline,OXC-012,2024-11-01,209242.0,176600.0,0.156,28320.0,4322.0,114522.0,39.3,26.7,36.9,1300,183438.0,0.34,1,1,0,0,0,25875.0,25875.0,0.0,On Time,0.177753261811755,0.020655508932241138,4.04385593220339,1.0,12.599999999999998,0,0.0,Low
Realistic Baseline,OXC-012,2024-12-01,184204.0,141377.0,0.232,39826.0,3000.0,108302.0,39.0,28.3,28.9,652,169764.0,0.45,0,1,0,0,0,25875.0,25875.0,0.0,On Time,0.32257300200320227,0.01628629128574841,2.719379299954803,1.0,10.7,0,0.0,Low
Realistic Baseline,OXC-012,2025-01-01,211519.0,161067.0,0.239,32791.0,17661.0,119318.0,40.0,33.9,37.8,976,208745.0,0.25,0,1,0,0,0,25875.0,25875.0,0.0,On Time,0.09651014504774436,0.08349604527252871,3.6387423378366015,1.0,6.100000000000001,0,0.0,Low
Realistic Baseline,OXC-012,2025-02-01,253460.0,199120.0,0.214,49574.0,4766.0,115908.0,38.8,36.9,41.2,668,226108.0,0.43,0,1,0,0,0,25875.0,25875.0,0.0,On Time,0.2113246862484588,0.018803756016728478,2.3380804453947635,1.0,1.8999999999999986,0,0.0,Low
Realistic Baseline,OXC-012,2025-03-01,230643.0,193136.0,0.163,32158.0,5349.0,122513.0,38.2,32.9,29.7,816,212256.0,0.49,0,1,0,0,0,25875.0,25875.0,0.0,On Time,0.2521063603396234,0.023191685852161133,3.80972075377822,1.0,5.300000000000004,0,0.0,Low
Realistic Baseline,OXC-012,2025-04-01,254335.0,196778.0,0.226,48402.0,9155.0,127087.0,37.0,48.9,39.9,815,247037.0,0.64,1,1,0,0,0,25875.0,25875.0,1.0,Late,0.2024215318718412,0.03599583226846482,2.6256559646295607,1.0,-11.899999999999999,0,0.0,Low
Realistic Baseline,OXC-012,2025-05-01,315256.0,279234.0,0.114,51734.0,-15712.0,100805.0,36.7,46.6,34.4,1322,267250.0,0.53,1,1,0,0,0,25875.0,25875.0,0.0,On Time,0.2438096741103133,-0.04983886111604537,1.9485251478718058,1.0,-9.899999999999999,0,0.0,Low
Realistic Baseline,OXC-012,2025-06-01,245659.0,203199.0,0.173,53164.0,-10704.0,86172.0,39.8,31.8,26.4,1102,252050.0,0.62,1,1,0,0,0,25875.0,25875.0,7.0,Late,0.06510494573865233,-0.04357259453144399,1.6208712662704086,1.0,7.9999999999999964,0,0.0,Low
Realistic Baseline,OXC-012,2025-07-01,265359.0,208126.0,0.216,54814.0,2419.0,79068.0,38.9,43.2,22.0,633,271050.0,0.41,0,1,0,0,0,25875.0,25875.0,0.0,On Time,0.0433444079658718,0.009115952351342898,1.4424781990002553,1.0,-4.300000000000004,0,0.0,Low
Realistic Baseline,OXC-012,2025-08-01,204420.0,163080.0,0.202,26674.0,14666.0,84447.0,37.6,26.2,25.9,1057,150785.0,0.29,0,0,13,0,0,25875.0,25875.0,0.0,On Time,-0.35157459334635977,0.07174444770570394,3.1658918797330733,1.0,11.400000000000002,0,0.0,Low
Realistic Baseline,OXC-012,2025-09-01,219734.0,190524.0,0.133,37883.0,-8674.0,79668.0,40.5,32.8,38.8,1069,227852.0,0.22,0,1,0,0,0,25875.0,25875.0,0.0,On Time,-0.10553246573502295,-0.03947500159283497,2.1030013462502968,1.0,7.700000000000003,0,0.0,Low
Realistic Baseline,OXC-012,2025-10-01,189034.0,141143.0,0.253,38580.0,9311.0,80526.0,42.3,44.4,27.2,454,148919.0,0.41,0,1,0,1,0,25875.0,25875.0,0.0,On Time,-0.2876292117471049,0.04925568945269105,2.0872472783825815,1.0,-2.1000000000000014,0,0.0,Low
Realistic Baseline,OXC-012,2025-11-01,193108.0,141863.0,0.265,30576.0,20668.0,96876.0,40.9,39.1,30.5,760,182320.0,0.36,0,1,0,0,0,25875.0,25875.0,0.0,On Time,-0.055337051169161544,0.10702819147834372,3.1683673469387754,1.0,1.7999999999999972,0,0.0,Low
Realistic Baseline,OXC-012,2025-12-01,182950.0,147770.0,0.192,29084.0,6096.0,95792.0,40.6,37.0,39.1,519,175208.0,0.36,1,0,1,0,0,25875.0,25875.0,0.0,On Time,-0.16740240472571377,0.03332057939327685,3.2936322376564435,1.0,3.6000000000000014,0,0.0,Low
Realistic Baseline,OXC-012,2026-01-01,136282.0,104243.0,0.235,22046.0,9994.0,100758.0,43.1,35.0,27.6,634,146621.0,0.39,0,1,0,0,0,25875.0,25875.0,0.0,On Time,-0.2790609096776241,0.0733332354969842,4.570352898484986,1.0,8.100000000000001,0,0.0,Low
Realistic Baseline,OXC-012,2026-02-01,146686.0,113790.0,0.224,28518.0,4379.0,96236.0,46.3,25.8,40.7,374,161574.0,0.41,1,1,0,0,0,25875.0,25875.0,0.0,On Time,-0.24039397642769844,0.029852883029055262,3.374570446735395,1.0,20.499999999999996,0,0.0,Low
Realistic Baseline,OXC-012,2026-03-01,129165.0,107481.0,0.168,25842.0,-4158.0,91451.0,45.5,38.8,25.8,308,140493.0,0.11,0,1,0,0,0,25875.0,25875.0,0.0,On Time,-0.2939874282590872,-0.03219138311462083,3.5388514820834303,1.0,6.700000000000003,0,0.0,Low
Realistic Baseline,OXC-012,2026-04-01,131772.0,101727.0,0.228,22039.0,8005.0,92476.0,44.8,33.6,24.3,374,141745.0,0.32,0,1,0,0,0,25875.0,25875.0,0.0,On Time,-0.03309314509619754,0.06074886925902316,4.196016153182994,1.0,11.199999999999996,0,0.0,Low
Realistic Baseline,OXC-012,2026-05-01,153106.0,129017.0,0.157,21566.0,2523.0,90197.0,45.0,35.2,38.5,374,152376.0,0.4,0,1,0,0,0,25875.0,25875.0,0.0,On Time,0.04376695799190111,0.01647877940773059,4.182370397848465,1.0,9.799999999999997,0,0.0,Low
Realistic Baseline,OXC-012,2026-06-01,104868.0,79149.0,0.245,17991.0,7728.0,86574.0,48.7,48.9,41.6,663,101113.0,0.32,0,1,0,0,0,25875.0,25875.0,0.0,On Time,-0.1881082336546278,0.07369264217873898,4.812072703018176,1.0,-0.19999999999999574,0,0.0,Low
Realistic Baseline,OXC-012,2026-07-01,124263.0,102761.0,0.173,19274.0,2228.0,81353.0,49.7,43.1,38.9,622,107037.0,0.51,0,1,0,0,0,25875.0,25875.0,0.0,On Time,-0.056984791913304744,0.01792971359133451,4.220867489882743,1.0,6.600000000000001,0,0.0,Low
Realistic Baseline,OXC-013,2024-11-01,182903.0,117117.0,0.36,27801.0,37985.0,242961.0,47.7,36.2,43.7,549,215266.0,0.38,0,1,0,0,0,19350.0,19350.0,0.0,On Time,0.030665892787711035,0.2076783869045341,8.739289953598792,1.0,11.5,0,0.0,Low
Realistic Baseline,OXC-013,2024-12-01,182984.0,130338.0,0.288,35838.0,16808.0,245112.0,49.2,30.3,22.8,948,176718.0,0.16,0,0,1,0,0,19350.0,19350.0,6.0,Late,-0.05435114030418442,0.09185502557600665,6.839444165411016,1.0,18.900000000000002,0,0.0,Low
Realistic Baseline,OXC-013,2025-01-01,164914.0,112099.0,0.32,21081.0,31734.0,257339.0,49.0,41.4,22.3,682,168388.0,0.45,0,1,0,0,0,19350.0,19350.0,6.0,Late,-0.03194486839324706,0.1924275683083304,12.20715336084626,1.0,7.600000000000001,0,0.0,Low
Realistic Baseline,OXC-013,2025-02-01,149754.0,101857.0,0.32,32119.0,15778.0,264230.0,50.8,48.3,22.6,695,156366.0,0.38,0,0,1,0,0,19350.0,19350.0,0.0,On Time,-0.18123814262204552,0.10535945617479332,8.226594850400074,1.0,2.5,0,0.0,Low
Realistic Baseline,OXC-013,2025-03-01,164198.0,123133.0,0.25,27192.0,13873.0,268044.0,47.8,38.9,26.1,793,156732.0,0.45,0,1,0,0,0,19350.0,19350.0,0.0,On Time,-0.10266471385476328,0.0844894578496693,9.857458075904677,1.0,8.899999999999999,0,0.0,Low
Realistic Baseline,OXC-013,2025-04-01,153065.0,110078.0,0.281,20910.0,22077.0,275779.0,45.4,30.3,38.7,607,147427.0,0.43,0,0,16,0,0,19350.0,19350.0,0.0,On Time,-0.07184957007895021,0.14423284225655766,13.188857006217122,1.0,15.099999999999998,0,0.0,Low
Realistic Baseline,OXC-013,2025-05-01,149184.0,97067.0,0.349,25559.0,26558.0,287169.0,43.4,41.4,23.6,713,142248.0,0.17,0,1,0,1,0,19350.0,19350.0,0.0,On Time,-0.0038062422372691085,0.17802177177177178,11.23553347157557,1.0,2.0,0,0.0,Low
Realistic Baseline,OXC-013,2025-06-01,178142.0,112553.0,0.368,25856.0,39732.0,309990.0,40.2,36.5,44.5,468,140183.0,0.41,0,0,4,0,0,19350.0,19350.0,0.0,On Time,0.08492186262926471,0.22303555590483995,11.98909344059406,1.0,3.700000000000003,0,0.0,Low
Realistic Baseline,OXC-013,2025-07-01,180225.0,126501.0,0.298,34277.0,19447.0,310317.0,41.1,32.3,39.3,442,193568.0,0.37,0,1,0,0,0,19350.0,19350.0,0.0,On Time,0.17744095645640745,0.10790400887779165,9.053213525104297,1.0,8.800000000000004,0,0.0,Low
Realistic Baseline,OXC-013,2025-08-01,147445.0,92083.0,0.375,23717.0,31645.0,329924.0,41.7,39.1,43.8,880,144856.0,0.43,0,0,10,0,0,19350.0,19350.0,0.0,On Time,-0.011656746031746046,0.21462240157346807,13.910865623814141,1.0,2.6000000000000014,0,0.0,Low
Realistic Baseline,OXC-013,2025-09-01,146593.0,100291.0,0.316,22281.0,24021.0,341687.0,40.1,26.4,33.7,544,135425.0,0.1,0,1,0,0,0,19350.0,19350.0,0.0,On Time,-0.17710029077926603,0.16386184879223428,15.335352991337912,1.0,13.700000000000003,0,0.0,Low
Realistic Baseline,OXC-013,2025-10-01,135649.0,87895.0,0.352,28844.0,18911.0,346240.0,40.4,31.0,39.8,410,147865.0,0.44,0,1,0,0,0,19350.0,19350.0,0.0,On Time,-0.24733527535025668,0.1394112746868757,12.003882956594092,1.0,9.399999999999999,0,0.0,Low
Realistic Baseline,OXC-013,2025-11-01,146905.0,99680.0,0.321,18082.0,29142.0,364242.0,42.9,31.0,28.7,370,151997.0,0.43,0,1,0,0,0,19350.0,19350.0,0.0,On Time,-0.0036623825833361767,0.19837309826078078,20.143900011060722,1.0,11.899999999999999,0,0.0,Low
Realistic Baseline,OXC-013,2025-12-01,133206.0,87689.0,0.342,16242.0,29275.0,380542.0,43.2,28.4,43.7,643,134132.0,0.36,0,1,0,0,0,19350.0,19350.0,0.0,On Time,-0.09132086798141792,0.21977238262540727,23.429503755695112,1.0,14.800000000000004,0,0.0,Low
Realistic Baseline,OXC-013,2026-01-01,152193.0,105878.0,0.304,29205.0,17110.0,390180.0,43.8,45.3,24.0,371,149778.0,0.28,0,1,0,0,0,19350.0,19350.0,0.0,On Time,0.1219618279530259,0.11242304179561478,13.360041088854649,1.0,-1.5,0,0.0,Low
Realistic Baseline,OXC-013,2026-02-01,125242.0,77315.0,0.383,19680.0,28247.0,407118.0,45.7,38.1,22.0,405,111877.0,0.29,0,1,0,0,0,19350.0,19350.0,0.0,On Time,-0.14746264592764036,0.22553935580715734,20.68689024390244,1.0,7.600000000000001,0,0.0,Low
Realistic Baseline,OXC-013,2026-03-01,164334.0,114391.0,0.304,24065.0,25878.0,418071.0,45.4,44.3,25.4,751,154818.0,0.35,0,1,0,0,0,19350.0,19350.0,0.0,On Time,0.2336831674248907,0.1574719778013071,17.372574277997092,1.0,1.1000000000000014,0,0.0,Low
Realistic Baseline,OXC-013,2026-04-01,160232.0,108922.0,0.32,33157.0,18153.0,419572.0,48.3,36.0,34.8,712,159134.0,0.2,1,1,0,0,0,19350.0,19350.0,0.0,On Time,0.05282108901197824,0.11329197663388087,12.654100190005128,1.0,12.299999999999997,0,0.0,Low
Realistic Baseline,OXC-013,2026-05-01,155242.0,108202.0,0.303,28676.0,18364.0,416677.0,47.7,37.1,22.1,840,164751.0,0.21,0,1,0,0,0,19350.0,19350.0,0.0,On Time,0.23953625780488963,0.11829273006016414,14.530513321244246,1.0,10.600000000000001,0,0.0,Low
Realistic Baseline,OXC-013,2026-06-01,162094.0,121195.0,0.252,35292.0,5607.0,415967.0,46.1,33.4,33.4,572,166244.0,0.37,0,1,0,0,0,19350.0,19350.0,10.0,Late,-0.013630776345734952,0.03459103976704875,11.786438852997847,1.0,12.700000000000003,0,0.0,Low
Realistic Baseline,OXC-013,2026-07-01,165715.0,119167.0,0.281,27464.0,19084.0,424829.0,43.3,35.2,20.1,668,172763.0,0.25,0,1,0,0,0,19350.0,19350.0,0.0,On Time,0.03421913225822548,0.11516157257942854,15.468577046315175,1.0,8.099999999999994,0,0.0,Low
Realistic Baseline,OXC-014,2024-11-01,75558.0,55407.0,0.267,9506.0,10645.0,115396.0,52.2,26.8,30.9,379,69785.0,0.33,0,1,0,0,0,,,0.0,,-0.10808130887456624,0.14088514783345243,12.139280454449821,1.0,25.400000000000002,0,0.0,Low
Realistic Baseline,OXC-014,2024-12-01,67976.0,57718.0,0.151,9921.0,338.0,104021.0,55.4,49.2,24.5,414,68641.0,0.34,0,0,15,0,0,,,0.0,,-0.3000967854862956,0.0049723431799458635,10.484930954540873,1.0,6.199999999999996,0,0.0,Low
Realistic Baseline,OXC-014,2025-01-01,77865.0,59421.0,0.237,16132.0,2313.0,101985.0,55.7,25.4,26.3,292,75953.0,0.37,0,1,0,0,0,,,0.0,,-0.04853550350086144,0.02970525910229243,6.3219067691544755,1.0,30.300000000000004,0,0.0,Low
Realistic Baseline,OXC-014,2025-02-01,67294.0,53241.0,0.209,9822.0,4232.0,103720.0,50.9,33.6,38.8,189,71120.0,0.37,0,1,0,0,0,,,0.0,,-0.10937293205219834,0.06288822183255566,10.559967420077378,1.0,17.299999999999997,0,0.0,Low
Realistic Baseline,OXC-014,2025-03-01,55323.0,44058.0,0.204,10695.0,570.0,102650.0,51.5,37.0,22.0,214,59099.0,0.31,0,1,0,0,0,,,0.0,,-0.1861392256090385,0.010303128897565208,9.59794296400187,1.0,14.5,0,0.0,Low
Realistic Baseline,OXC-014,2025-04-01,71332.0,58285.0,0.183,12273.0,775.0,98363.0,50.1,39.0,36.0,211,72447.0,0.31,0,1,0,0,0,,,0.0,,-0.08390162460669104,0.010864689059608591,8.01458486107716,1.0,11.100000000000001,0,0.0,Low
Realistic Baseline,OXC-014,2025-05-01,66941.0,54889.0,0.18,10183.0,1869.0,105208.0,49.7,33.4,25.1,349,67407.0,0.21,0,0,16,0,0,,,0.0,,-0.005245638541326092,0.02792010875248353,10.331729352842974,1.0,16.300000000000004,0,0.0,Low
Realistic Baseline,OXC-014,2025-06-01,62789.0,50505.0,0.196,11836.0,448.0,103735.0,49.8,25.5,30.2,174,64277.0,0.36,0,1,0,0,0,,,0.0,,0.13495291289337175,0.007135007724282915,8.764362960459614,1.0,24.299999999999997,0,0.0,Low
Realistic Baseline,OXC-014,2025-07-01,55664.0,48725.0,0.125,9071.0,-2132.0,100237.0,50.1,38.9,31.5,138,64936.0,0.27,0,1,0,0,0,,,0.0,,-0.21964896540122247,-0.03830123598735269,11.050270091500385,1.0,11.200000000000003,0,0.0,Low
Realistic Baseline,OXC-014,2025-08-01,69878.0,61390.0,0.121,12188.0,-3700.0,94905.0,50.4,41.7,34.5,464,61637.0,0.28,0,1,0,0,0,,,0.0,,0.04387445661104561,-0.05294942614270586,7.7867574663603545,1.0,8.699999999999996,0,0.0,Low
Realistic Baseline,OXC-014,2025-09-01,67794.0,56417.0,0.168,9105.0,2272.0,97832.0,51.5,25.7,43.8,307,67924.0,0.29,0,0,11,0,0,,,0.0,,0.07971141441972329,0.03351329026167507,10.744865458539264,1.0,25.8,0,0.0,Low
Realistic Baseline,OXC-014,2025-10-01,73475.0,53615.0,0.27,10045.0,9815.0,106895.0,54.8,47.8,38.9,253,71446.0,0.13,0,1,0,0,0,,,0.0,,0.3199734118999713,0.13358285130996939,10.641612742658038,1.0,7.0,0,0.0,Low
Realistic Baseline,OXC-014,2025-11-01,67956.0,54455.0,0.199,12832.0,670.0,100110.0,57.2,44.1,24.6,396,71866.0,0.23,0,1,0,0,0,,,0.0,,-0.027505080282778538,0.009859320736947437,7.801589775561097,1.0,13.100000000000001,0,0.0,Low
Realistic Baseline,OXC-014,2025-12-01,61866.0,48933.0,0.209,9861.0,3073.0,96961.0,53.3,48.4,38.8,252,60539.0,0.36,0,1,0,0,0,,,0.0,,-0.08744136649260992,0.049671871464132156,9.832775580569923,1.0,4.899999999999999,0,0.0,Low
Realistic Baseline,OXC-014,2026-01-01,81372.0,69037.0,0.152,17678.0,-5343.0,93831.0,51.8,32.2,40.7,230,77401.0,0.34,0,1,0,1,0,,,0.0,,0.10747873426335497,-0.06566140687214275,5.3077836859373235,1.0,19.599999999999994,0,0.0,Low
Realistic Baseline,OXC-014,2026-02-01,74257.0,58237.0,0.216,11374.0,4647.0,92721.0,51.2,46.9,37.7,185,76810.0,0.36,0,1,0,0,0,,,0.0,,0.09272176113956099,0.06257995879176374,8.152013363812204,1.0,4.300000000000004,0,0.0,Low
Realistic Baseline,OXC-014,2026-03-01,73546.0,57188.0,0.222,11311.0,5047.0,95554.0,53.1,35.5,43.9,190,64419.0,0.44,0,1,0,0,0,,,0.0,,0.188795137878641,0.06862371848910885,8.447882592166916,1.0,17.6,0,0.0,Low
Realistic Baseline,OXC-014,2026-04-01,70752.0,56554.0,0.201,12176.0,2022.0,94617.0,54.7,43.2,26.9,313,72526.0,0.19,0,1,0,0,0,,,0.0,,-0.13051172393452293,0.028578697421981002,7.770778580814717,1.0,11.5,0,0.0,Low
Realistic Baseline,OXC-014,2026-05-01,78578.0,69078.0,0.121,13226.0,-3725.0,89975.0,52.8,46.9,28.4,429,75180.0,0.22,0,0,15,0,0,,,0.0,,0.05818980028818821,-0.04740512611672478,6.802888250415847,1.0,5.899999999999999,0,0.0,Low
Realistic Baseline,OXC-014,2026-06-01,75793.0,60468.0,0.202,10404.0,4920.0,94883.0,50.5,31.6,31.0,229,80055.0,0.28,0,1,0,0,0,,,0.0,,0.030552307399450696,0.06491364637895321,9.119857747020378,1.0,18.9,0,0.0,Low
Realistic Baseline,OXC-014,2026-07-01,86673.0,62651.0,0.277,13053.0,10969.0,95732.0,47.0,45.4,36.1,331,91119.0,0.51,0,1,0,0,0,,,0.0,,0.22502544097693344,0.1265561362823486,7.334099440741592,1.0,1.6000000000000014,0,0.0,Low
Realistic Baseline,OXC-015,2024-11-01,131217.0,90333.0,0.312,24229.0,16655.0,265471.0,47.1,31.6,44.1,469,124072.0,0.27,0,1,0,0,0,24300.0,24300.0,0.0,On Time,-0.2872360073005389,0.1269271512075417,10.956746048124149,1.0,15.5,0,0.0,Low
Realistic Baseline,OXC-015,2024-12-01,172948.0,137173.0,0.207,33560.0,2215.0,259255.0,49.4,49.7,34.7,823,173580.0,0.58,0,1,0,0,0,24300.0,24300.0,0.0,On Time,0.1581054929454857,0.012807317806508315,7.725119189511323,1.0,-0.30000000000000426,0,0.0,Low
Realistic Baseline,OXC-015,2025-01-01,207693.0,153691.0,0.26,43056.0,10946.0,266767.0,52.9,44.4,21.2,1018,188135.0,0.15,0,1,0,0,0,24300.0,24300.0,0.0,On Time,0.1685017131476345,0.05270278728700534,6.19581475287997,1.0,8.5,0,0.0,Low
Realistic Baseline,OXC-015,2025-02-01,180550.0,133046.0,0.263,35007.0,12497.0,264666.0,54.7,35.6,43.8,443,158564.0,0.41,0,1,0,0,0,24300.0,24300.0,0.0,On Time,0.37596500453447335,0.06921628357795624,7.5603736395578025,1.0,19.1,0,0.0,Low
Realistic Baseline,OXC-015,2025-03-01,184495.0,141618.0,0.232,25686.0,17191.0,277561.0,56.1,40.4,32.3,776,190544.0,0.32,0,1,0,0,0,24300.0,24300.0,0.0,On Time,0.06676573305270939,0.09317867692891406,10.805925406836408,1.0,15.700000000000003,0,0.0,Low
Realistic Baseline,OXC-015,2025-04-01,155415.0,116325.0,0.252,21438.0,17652.0,289047.0,60.6,48.4,37.1,472,145836.0,0.16,0,1,0,0,0,24300.0,24300.0,0.0,On Time,-0.25170804986205597,0.11357977029244282,13.482927511894767,1.0,12.200000000000003,0,0.0,Low
Realistic Baseline,OXC-015,2025-05-01,161468.0,117020.0,0.275,24337.0,20111.0,300601.0,60.6,27.8,34.2,855,172771.0,0.54,0,1,0,0,0,24300.0,24300.0,0.0,On Time,-0.10568817502076988,0.12455099462432184,12.351604552738628,1.0,32.8,0,0.0,Low
Realistic Baseline,OXC-015,2025-06-01,143546.0,110786.0,0.228,26957.0,5802.0,295958.0,59.8,47.3,28.9,583,140706.0,0.26,0,1,0,0,0,24300.0,24300.0,0.0,On Time,-0.2219518144123147,0.040419099104119935,10.978892309975146,1.0,12.5,0,0.0,Low
Realistic Baseline,OXC-015,2025-07-01,158596.0,113023.0,0.287,28032.0,17541.0,298033.0,59.1,45.8,41.8,620,165083.0,0.22,0,1,0,0,0,24300.0,24300.0,0.0,On Time,0.02046777981533321,0.11060178062498424,10.631884988584474,1.0,13.300000000000004,0,0.0,Low
Realistic Baseline,OXC-015,2025-08-01,139194.0,109949.0,0.21,26947.0,2299.0,301661.0,60.5,38.6,32.7,936,124465.0,0.35,0,1,0,0,0,24300.0,24300.0,0.0,On Time,-0.13794683776351968,0.016516516516516516,11.194604223104612,1.0,21.9,0,0.0,Low
Realistic Baseline,OXC-015,2025-09-01,125493.0,84222.0,0.329,19910.0,21361.0,315973.0,62.4,48.7,39.4,337,140940.0,0.31,0,1,0,0,0,24300.0,24300.0,0.0,On Time,-0.1257645632758837,0.17021666547138087,15.8700652938222,1.0,13.699999999999996,0,0.0,Low
Realistic Baseline,OXC-015,2025-10-01,116900.0,90965.0,0.222,21490.0,4446.0,313350.0,60.1,33.2,43.8,413,113965.0,0.33,0,1,0,0,0,24300.0,24300.0,0.0,On Time,-0.2629070090040102,0.03803250641573995,14.581200558399255,1.0,26.9,0,0.0,Low
Realistic Baseline,OXC-015,2025-11-01,110934.0,82800.0,0.254,21764.0,6370.0,311913.0,62.5,42.3,25.9,271,122466.0,0.18,0,1,0,0,0,24300.0,24300.0,0.0,On Time,-0.20302599249967668,0.057421529918690394,14.331602646572321,1.0,20.200000000000003,0,0.0,Low
Realistic Baseline,OXC-015,2025-12-01,101560.0,71946.0,0.292,13587.0,16026.0,316169.0,64.7,27.3,42.2,599,86745.0,0.39,0,1,0,0,0,24300.0,24300.0,0.0,On Time,-0.1907118325324918,0.1577983458054352,23.269963936115403,1.0,37.400000000000006,0,0.0,Low
Realistic Baseline,OXC-015,2026-01-01,101657.0,81341.0,0.2,22160.0,-1844.0,305686.0,62.3,42.2,44.2,339,97112.0,0.32,0,1,0,0,0,24300.0,24300.0,0.0,On Time,-0.13039349871685202,-0.0181394296506881,13.794494584837546,1.0,20.099999999999994,0,0.0,Low
Realistic Baseline,OXC-015,2026-02-01,108071.0,79348.0,0.266,21073.0,7651.0,305733.0,62.0,35.8,23.3,464,127382.0,0.41,0,1,0,0,0,24300.0,24300.0,0.0,On Time,-0.025808138172246586,0.07079605074441803,14.508280738385611,1.0,26.200000000000003,0,0.0,Low
Realistic Baseline,OXC-015,2026-03-01,111750.0,81867.0,0.267,14223.0,15660.0,306707.0,59.9,29.4,29.8,766,120360.0,0.22,0,1,0,0,0,24300.0,24300.0,0.0,On Time,0.10033477747144537,0.14013422818791946,21.56415664768333,1.0,30.5,0,0.0,Low
Realistic Baseline,OXC-015,2026-04-01,96708.0,71970.0,0.256,13078.0,11659.0,306901.0,59.4,37.9,28.2,288,95922.0,0.39,0,1,0,0,0,24300.0,24300.0,0.0,On Time,-0.04868331743018184,0.12055879554948919,23.46696742621196,1.0,21.5,0,0.0,Low
Realistic Baseline,OXC-015,2026-05-01,105601.0,78466.0,0.257,19438.0,7698.0,307934.0,59.2,47.5,22.6,330,96388.0,0.32,0,1,0,0,0,24300.0,24300.0,0.0,On Time,-0.02285534509720466,0.07289703695987727,15.841856158040951,1.0,11.700000000000003,0,0.0,Low
Realistic Baseline,OXC-015,2026-06-01,98201.0,71007.0,0.277,19458.0,7736.0,306347.0,63.3,28.7,43.5,319,111067.0,0.28,0,1,0,0,0,24300.0,24300.0,0.0,On Time,-0.12124384787472031,0.07877720186148818,15.74401274540035,1.0,34.599999999999994,0,0.0,Low
Realistic Baseline,OXC-015,2026-07-01,99918.0,77635.0,0.223,17865.0,4419.0,306517.0,66.3,37.4,28.8,452,101091.0,0.51,0,1,0,0,0,24300.0,24300.0,0.0,On Time,0.03319270380940553,0.04422626553774095,17.15740274279317,1.0,28.9,0,0.0,Low
"Stressed / Crisis (FX shock, drought, rate spike)",OXC-001,2024-11-01,162893.0,117817.0,0.277,29699.0,15377.0,242418.0,34.4,31.6,20.1,568,168966.0,0.54,0,1,0,0,0,,,0.0,,0.030863963142972795,0.09439939101127734,8.162497053772855,1.0,2.799999999999997,0,0.0,Low
"Stressed / Crisis (FX shock, drought, rate spike)",OXC-001,2024-12-01,219730.0,150732.0,0.314,43898.0,25100.0,240154.0,36.9,42.0,23.4,554,241048.0,0.35,0,1,0,0,0,,,0.0,,0.40975465790689314,0.11423110180676284,5.470727595790241,1.0,-5.100000000000001,0,0.0,Low
"Stressed / Crisis (FX shock, drought, rate spike)",OXC-001,2025-01-01,194952.0,128527.0,0.341,36496.0,29930.0,252044.0,36.6,39.5,27.4,1025,222831.0,0.24,0,1,0,0,0,,,0.0,,0.2138223024718262,0.15352497024908696,6.906071898290223,1.0,-2.8999999999999986,0,0.0,Low
"Stressed / Crisis (FX shock, drought, rate spike)",OXC-001,2025-02-01,173866.0,124788.0,0.282,27076.0,22002.0,260797.0,36.4,27.1,25.2,1068,194853.0,0.48,0,1,0,0,0,,,0.0,,0.0673632384448688,0.12654573062013275,9.632035751218792,1.0,9.299999999999997,0,0.0,Low
"Stressed / Crisis (FX shock, drought, rate spike)",OXC-001,2025-03-01,145785.0,97526.0,0.331,25278.0,22981.0,269558.0,34.6,37.8,35.1,828,138477.0,0.49,0,1,0,0,0,,,0.0,,-0.33652664633868834,0.15763624515553726,10.66373921987499,1.0,-3.1999999999999957,0,0.0,Low
"Stressed / Crisis (FX shock, drought, rate spike)",OXC-001,2025-04-01,180213.0,133868.0,0.257,37962.0,8382.0,269447.0,35.8,34.3,38.6,889,189353.0,0.24,0,1,0,0,0,,,0.0,,-0.07560322540933151,0.046511627906976744,7.0978083346504395,1.0,1.5,0,0.0,Low
"Stressed / Crisis (FX shock, drought, rate spike)",OXC-001,2025-05-01,229264.0,167446.0,0.27,35598.0,26221.0,284055.0,35.9,34.8,21.9,720,217756.0,0.54,0,1,0,0,0,,,0.0,,0.31862468797809806,0.11437033289133924,7.979521321422552,1.0,1.1000000000000014,0,0.0,Low
"Stressed / Crisis (FX shock, drought, rate spike)",OXC-001,2025-06-01,241287.0,147345.0,0.389,31837.0,62105.0,316545.0,35.5,42.6,33.8,732,260180.0,0.44,0,1,0,0,0,,,0.0,,0.6550879720135816,0.2573905763675623,9.94267675974495,1.0,-7.100000000000001,0,0.0,Low
"Stressed / Crisis (FX shock, drought, rate spike)",OXC-001,2025-07-01,198993.0,121296.0,0.39,42769.0,34927.0,333303.0,37.4,33.0,43.7,679,235838.0,0.35,0,1,0,0,0,,,0.0,,0.10421001814519482,0.17551873683998934,7.793097804484557,1.0,4.399999999999999,0,0.0,Low
"Stressed / Crisis (FX shock, drought, rate spike)",OXC-001,2025-08-01,190625.0,158955.0,0.166,30589.0,1080.0,324165.0,39.2,39.4,23.9,583,182047.0,0.26,0,1,0,0,0,,,0.0,,-0.16853496405890156,0.005665573770491803,10.597436987152244,1.0,-0.19999999999999574,0,0.0,Low
"Stressed / Crisis (FX shock, drought, rate spike)",OXC-001,2025-09-01,145971.0,96775.0,0.337,19960.0,29236.0,332737.0,40.0,25.3,25.2,501,156721.0,0.48,0,0,9,0,0,,,0.0,,-0.3950316428154024,0.2002863582492413,16.67019038076152,1.0,14.7,0,0.4,Low
"Stressed / Crisis (FX shock, drought, rate spike)",OXC-001,2025-10-01,174085.0,128271.0,0.263,34314.0,11499.0,327452.0,41.9,48.8,41.2,436,186057.0,0.56,0,1,0,0,0,,,0.0,,-0.1251702321187177,0.06605393916764798,9.54281051465874,1.0,-6.899999999999999,0,0.1,Low
"Stressed / Crisis (FX shock, drought, rate spike)",OXC-001,2025-11-01,225218.0,170927.0,0.241,48828.0,5463.0,325249.0,40.6,26.5,39.3,687,218127.0,0.29,0,1,0,0,0,,,0.0,,0.1814714754098361,0.024256498148460603,6.661116572458425,1.0,14.100000000000001,0,0.0,Low
"Stressed / Crisis (FX shock, drought, rate spike)",OXC-001,2025-12-01,165465.0,120638.0,0.271,21954.0,22874.0,334368.0,43.4,27.5,35.3,724,190054.0,0.37,0,0,5,0,0,,,0.0,,0.13354707441889135,0.1382407155591817,15.23039081716316,1.0,15.899999999999999,0,0.3,Low
"Stressed / Crisis (FX shock, drought, rate spike)",OXC-001,2026-01-01,193194.0,131913.0,0.317,24624.0,36657.0,352127.0,44.7,43.1,22.7,466,169995.0,0.19,0,1,0,0,0,,,0.0,,0.10976821667576186,0.1897419174508525,14.300154320987655,1.0,1.6000000000000014,0,0.0,Low
"Stressed / Crisis (FX shock, drought, rate spike)",OXC-001,2026-02-01,262810.0,178623.0,0.32,50180.0,34006.0,362686.0,44.5,42.4,37.6,808,273121.0,0.39,0,1,0,0,0,,,0.0,,0.16691383459581388,0.1293938586811765,7.2277002789956155,1.0,2.1000000000000014,0,0.0,Low
"Stressed / Crisis (FX shock, drought, rate spike)",OXC-001,2026-03-01,208098.0,138216.0,0.336,25525.0,44357.0,386237.0,44.2,44.5,38.8,633,209549.0,0.1,0,0,4,0,0,,,0.0,,0.25765569757954854,0.21315437918672933,15.131714005876592,1.0,-0.29999999999999716,0,0.4,Low
"Stressed / Crisis (FX shock, drought, rate spike)",OXC-001,2026-04-01,243720.0,158538.0,0.35,43152.0,42031.0,403554.0,43.6,36.0,26.9,787,210645.0,0.31,0,1,0,0,0,,,0.0,,0.261529861175813,0.1724560971606762,9.351918798665183,1.0,7.600000000000001,0,0.0,Low
"Stressed / Crisis (FX shock, drought, rate spike)",OXC-001,2026-05-01,406652.0,293329.0,0.279,85239.0,28084.0,413802.0,42.9,34.1,26.9,1150,383200.0,0.1,0,1,0,0,0,,,0.0,,0.5473231612191316,0.06906150713632295,4.854608805828318,1.0,8.799999999999997,0,0.0,Low
"Stressed / Crisis (FX shock, drought, rate spike)",OXC-001,2026-06-01,285228.0,237628.0,0.167,62505.0,-14905.0,392012.0,43.4,35.3,25.2,1167,289895.0,0.41,0,1,0,0,0,,,0.0,,0.3706426779690337,-0.052256440461665755,6.271690264778818,1.0,8.100000000000001,0,0.0,Low
"Stressed / Crisis (FX shock, drought, rate spike)",OXC-001,2026-07-01,291666.0,213480.0,0.268,48357.0,29829.0,401597.0,45.4,48.5,30.2,898,287686.0,0.32,0,1,0,0,0,,,0.0,,0.19672575086164446,0.10227109090535064,8.304836941911201,1.0,-3.1000000000000014,0,0.0,Low
"Stressed / Crisis (FX shock, drought, rate spike)",OXC-002,2024-11-01,35976.0,22292.0,0.38,6043.0,7642.0,184476.0,29.0,39.0,43.1,105,26364.0,0.27,0,1,0,0,0,19845.0,19845.0,0.0,On Time,0.044053630506703856,0.2124193907049144,30.527221578686085,1.0,-10.0,0,0.0,Low
"Stressed / Crisis (FX shock, drought, rate spike)",OXC-002,2024-12-01,35547.0,20901.0,0.412,4562.0,10084.0,191579.0,30.2,39.8,31.0,177,34234.0,0.6,0,1,0,0,0,19845.0,19845.0,0.0,On Time,-0.1033673855467272,0.2836807606830394,41.994519947391495,1.0,-9.599999999999998,0,0.1,Low
"Stressed / Crisis (FX shock, drought, rate spike)",OXC-002,2025-01-01,47827.0,30271.0,0.367,6197.0,11359.0,191917.0,30.0,31.4,23.5,126,43697.0,0.41,0,1,0,0,0,19845.0,19845.0,0.0,On Time,0.9133861417826852,0.23750182951052753,30.96934000322737,1.0,-1.3999999999999986,0,0.0,Low
"Stressed / Crisis (FX shock, drought, rate spike)",OXC-002,2025-02-01,48931.0,37558.0,0.232,10708.0,664.0,194431.0,32.6,32.6,29.3,131,39180.0,0.3,0,1,0,0,0,19845.0,19845.0,0.0,On Time,0.36010117856348667,0.013570129365841696,18.157545760179307,1.0,0.0,0,0.0,Low
"Stressed / Crisis (FX shock, drought, rate spike)",OXC-002,2025-03-01,43964.0,35105.0,0.202,6389.0,2470.0,190304.0,35.4,28.2,38.2,199,46436.0,0.49,0,1,0,0,0,19845.0,19845.0,0.0,On Time,0.23678510141502795,0.05618233099808934,29.786195022695257,1.0,7.199999999999999,0,0.0,Low
"Stressed / Crisis (FX shock, drought, rate spike)",OXC-002,2025-04-01,59103.0,39748.0,0.327,8561.0,10794.0,194657.0,33.6,39.4,44.9,177,63097.0,0.44,0,1,0,0,0,19845.0,19845.0,0.0,On Time,0.23576640809584548,0.1826303233338409,22.737647471089826,1.0,-5.799999999999997,0,0.1,Low
"Stressed / Crisis (FX shock, drought, rate spike)",OXC-002,2025-05-01,47443.0,28360.0,0.402,8696.0,10387.0,198902.0,34.2,38.0,20.1,264,41451.0,0.35,0,0,1,0,0,19845.0,19845.0,0.0,On Time,-0.030410169422247613,0.21893640790000632,22.872815087396503,1.0,-3.799999999999997,0,0.1,Low
"Stressed / Crisis (FX shock, drought, rate spike)",OXC-002,2025-06-01,64333.0,42941.0,0.333,13167.0,8225.0,203570.0,34.2,41.5,29.2,239,66476.0,0.27,0,1,0,0,0,19845.0,19845.0,0.0,On Time,0.4633108907287782,0.12785040336996564,15.460621250094935,1.0,-7.299999999999997,0,0.1,Low
"Stressed / Crisis (FX shock, drought, rate spike)",OXC-002,2025-07-01,50387.0,33777.0,0.33,7397.0,9213.0,199437.0,34.2,36.8,38.4,127,47550.0,0.54,0,1,0,0,0,19845.0,19845.0,7.0,Late,-0.1474713635517656,0.18284478139202573,26.961876436393133,1.0,-2.5999999999999943,0,0.0,Low
"Stressed / Crisis (FX shock, drought, rate spike)",OXC-002,2025-08-01,56213.0,34193.0,0.392,9550.0,12470.0,201791.0,34.9,29.2,33.6,318,52664.0,0.35,0,1,0,0,0,19845.0,19845.0,0.0,On Time,0.18485340303100561,0.22183480689520219,21.129947643979058,1.0,5.699999999999999,0,0.0,Low
"Stressed / Crisis (FX shock, drought, rate spike)",OXC-002,2025-09-01,38122.0,23992.0,0.371,7906.0,6224.0,203447.0,32.6,34.5,32.9,95,30335.0,0.49,0,0,4,0,0,19845.0,19845.0,4.0,Late,-0.40742698148695067,0.16326530612244897,25.73324057677713,1.0,-1.8999999999999986,0,0.3,Low
"Stressed / Crisis (FX shock, drought, rate spike)",OXC-002,2025-10-01,35088.0,21031.0,0.401,5666.0,8390.0,205474.0,33.2,34.9,29.1,196,33468.0,0.54,0,1,0,0,0,19845.0,19845.0,0.0,On Time,-0.3036299045388692,0.23911308709530324,36.264384045181785,1.0,-1.6999999999999957,0,0.0,Low
"Stressed / Crisis (FX shock, drought, rate spike)",OXC-002,2025-11-01,34221.0,19674.0,0.425,4689.0,9858.0,216544.0,34.4,30.6,39.6,168,34849.0,0.53,0,1,0,0,0,19845.0,19845.0,0.0,On Time,-0.3912262288082827,0.2880687297273604,46.18127532522926,1.0,3.799999999999997,0,0.0,Low
"Stressed / Crisis (FX shock, drought, rate spike)",OXC-002,2025-12-01,35369.0,22860.0,0.354,5268.0,7241.0,222836.0,37.5,36.0,21.9,147,31475.0,0.43,0,1,0,0,0,19845.0,19845.0,0.0,On Time,-0.07221551859818476,0.2047273035709237,42.299924069855734,1.0,1.5,0,0.0,Low
"Stressed / Crisis (FX shock, drought, rate spike)",OXC-002,2026-01-01,34456.0,22484.0,0.347,5739.0,6233.0,223780.0,37.8,44.0,44.6,108,38308.0,0.21,0,1,0,0,0,19845.0,19845.0,0.0,On Time,-0.01801185590515275,0.1808973763640585,38.99285589824011,1.0,-6.200000000000003,0,0.0,Low
"Stressed / Crisis (FX shock, drought, rate spike)",OXC-002,2026-02-01,37453.0,26038.0,0.305,6963.0,4453.0,223301.0,38.5,34.5,34.9,115,35743.0,0.23,0,1,0,0,0,19845.0,19845.0,0.0,On Time,0.09444493147482547,0.11889568258884468,32.069653884819765,1.0,4.0,0,0.0,Low
"Stressed / Crisis (FX shock, drought, rate spike)",OXC-002,2026-03-01,32120.0,20195.0,0.371,5566.0,6359.0,224109.0,39.4,49.0,22.3,85,34798.0,0.4,0,0,3,0,0,19845.0,19845.0,0.0,On Time,-0.09186010348044893,0.1979763387297634,40.26392382321236,1.0,-9.600000000000001,0,0.4,Low
"Stressed / Crisis (FX shock, drought, rate spike)",OXC-002,2026-04-01,29636.0,21307.0,0.281,4382.0,3947.0,228575.0,39.5,39.6,44.8,112,32524.0,0.18,0,1,0,0,0,19845.0,19845.0,0.0,On Time,-0.1398885535175296,0.13318261573761642,52.16225467822912,1.0,-0.10000000000000142,0,0.0,Low
"Stressed / Crisis (FX shock, drought, rate spike)",OXC-002,2026-05-01,41886.0,30374.0,0.275,7350.0,4162.0,234215.0,38.3,38.6,31.7,139,51238.0,0.43,0,1,0,0,0,19845.0,19845.0,0.0,On Time,0.11836167997223179,0.09936494294036194,31.865986394557822,1.0,-0.30000000000000426,0,0.0,Low
"Stressed / Crisis (FX shock, drought, rate spike)",OXC-002,2026-06-01,33685.0,21693.0,0.356,7076.0,4915.0,236445.0,38.1,25.1,42.7,158,37682.0,0.3,0,1,0,0,0,19845.0,19845.0,0.0,On Time,0.048723536737235396,0.14591064271931126,33.41506500847937,1.0,13.0,0,0.0,Low
"Stressed / Crisis (FX shock, drought, rate spike)",OXC-002,2026-07-01,38175.0,23433.0,0.386,4685.0,10057.0,242457.0,41.4,44.7,33.9,92,33904.0,0.54,0,1,0,0,0,19845.0,19845.0,0.0,On Time,0.2881293022000271,0.2634446627373936,51.75176093916755,1.0,-3.3000000000000043,0,0.0,Low
"Stressed / Crisis (FX shock, drought, rate spike)",OXC-003,2024-11-01,188319.0,124762.0,0.337,38007.0,25550.0,120496.0,36.9,38.8,22.4,457,181499.0,0.1,0,1,0,0,0,24345.0,24345.0,0.0,On Time,0.5719973955724733,0.13567404244924836,3.170363354118978,1.0,-1.8999999999999986,0,0.0,Low
"Stressed / Crisis (FX shock, drought, rate spike)",OXC-003,2024-12-01,207462.0,163836.0,0.21,35128.0,8497.0,122229.0,35.1,48.1,44.9,945,236582.0,0.1,0,1,0,0,0,24345.0,24345.0,0.0,On Time,0.4893607856650586,0.04095689813074201,3.4795319972671375,1.0,-13.0,0,0.0,Low
"Stressed / Crisis (FX shock, drought, rate spike)",OXC-003,2025-01-01,166686.0,101638.0,0.39,25629.0,39420.0,141586.0,40.7,44.7,33.8,559,143171.0,0.37,0,1,0,0,0,24345.0,24345.0,0.0,On Time,0.041559658824632084,0.23649256686224399,5.524444964688439,1.0,-4.0,0,0.0,Low
"Stressed / Crisis (FX shock, drought, rate spike)",OXC-003,2025-02-01,263380.0,226123.0,0.141,38159.0,-902.0,144367.0,40.5,40.2,38.0,861,274461.0,0.25,0,1,0,0,0,24345.0,24345.0,0.0,On Time,0.39858431703651775,-0.0034247095451438985,3.7833014491994024,1.0,0.29999999999999716,0,0.0,Low
"Stressed / Crisis (FX shock, drought, rate spike)",OXC-003,2025-03-01,184211.0,128953.0,0.3,33905.0,21353.0,146699.0,41.6,44.4,24.3,522,225077.0,0.24,0,1,0,0,0,24345.0,24345.0,0.0,On Time,-0.11207353635846562,0.1159159876446032,4.326765963722165,1.0,-2.799999999999997,0,0.0,Low
"Stressed / Crisis (FX shock, drought, rate spike)",OXC-003,2025-04-01,213593.0,137996.0,0.354,44751.0,30846.0,158393.0,40.9,42.0,41.8,1075,262627.0,0.31,0,1,0,0,0,24345.0,24345.0,0.0,On Time,0.28140935651464427,0.14441484505578367,3.539429286496391,1.0,-1.1000000000000014,0,0.0,Low
"Stressed / Crisis (FX shock, drought, rate spike)",OXC-003,2025-05-01,177205.0,135171.0,0.237,28608.0,13426.0,161325.0,41.3,32.8,20.5,577,191761.0,0.1,0,1,0,0,0,24345.0,24345.0,0.0,On Time,-0.3271888526083985,0.0757653565079992,5.639156879194631,1.0,8.5,0,0.0,Low
"Stressed / Crisis (FX shock, drought, rate spike)",OXC-003,2025-06-01,207396.0,159247.0,0.232,39607.0,8542.0,161853.0,41.5,40.1,22.6,1189,215680.0,0.34,0,1,0,0,0,24345.0,24345.0,0.0,On Time,0.12586110492858738,0.041186908137090396,4.086474613073446,1.0,1.3999999999999986,0,0.0,Low
"Stressed / Crisis (FX shock, drought, rate spike)",OXC-003,2025-07-01,150450.0,113925.0,0.243,22646.0,13880.0,170866.0,43.5,37.1,35.4,744,118236.0,0.1,0,1,0,0,0,24345.0,24345.0,0.0,On Time,-0.2956229838992851,0.09225656364240611,7.545085224763755,1.0,6.399999999999999,0,0.0,Low
"Stressed / Crisis (FX shock, drought, rate spike)",OXC-003,2025-08-01,183599.0,153359.0,0.165,27103.0,3136.0,177276.0,43.0,38.1,25.4,1308,178314.0,0.57,0,1,0,0,0,24345.0,24345.0,0.0,On Time,0.03608250331536911,0.017080703053938204,6.540825738848098,1.0,4.899999999999999,0,0.0,Low
"Stressed / Crisis (FX shock, drought, rate spike)",OXC-003,2025-09-01,169972.0,111690.0,0.343,29855.0,28428.0,189298.0,39.6,31.2,27.5,570,176308.0,0.47,0,1,0,0,0,24345.0,24345.0,0.0,On Time,-0.18044706744585237,0.16725107664791847,6.340579467425892,1.0,8.400000000000002,0,0.0,Low
"Stressed / Crisis (FX shock, drought, rate spike)",OXC-003,2025-10-01,166579.0,120588.0,0.276,27918.0,18073.0,192560.0,37.0,37.1,36.2,413,197009.0,0.26,0,1,0,0,0,24345.0,24345.0,0.0,On Time,0.10720505151213033,0.10849506840598154,6.897342216491153,1.0,-0.10000000000000142,0,0.0,Low
"Stressed / Crisis (FX shock, drought, rate spike)",OXC-003,2025-11-01,196533.0,158432.0,0.194,31192.0,6908.0,199519.0,39.8,30.4,44.2,501,203747.0,0.6,0,1,0,0,0,24345.0,24345.0,0.0,On Time,0.07044700679197602,0.03514931334686796,6.39647986663247,1.0,9.399999999999999,0,0.0,Low
"Stressed / Crisis (FX shock, drought, rate spike)",OXC-003,2025-12-01,123998.0,76155.0,0.386,16982.0,30860.0,208615.0,43.0,35.5,36.7,308,165696.0,0.13,0,1,0,0,0,24345.0,24345.0,0.0,On Time,-0.2704798437389687,0.24887498185454604,12.284477682251795,1.0,7.5,0,0.0,Low
"Stressed / Crisis (FX shock, drought, rate spike)",OXC-003,2026-01-01,165338.0,108892.0,0.341,25055.0,31391.0,226143.0,42.8,25.3,29.7,631,137780.0,0.33,0,1,0,0,0,24345.0,24345.0,0.0,On Time,-0.007449918657213672,0.18985956041563343,9.025863101177409,1.0,17.499999999999996,0,0.0,Low
"Stressed / Crisis (FX shock, drought, rate spike)",OXC-003,2026-02-01,179966.0,100364.0,0.442,30338.0,49265.0,255432.0,46.7,31.4,20.2,994,207637.0,0.18,0,1,0,0,0,24345.0,24345.0,0.0,On Time,-0.08429627594348021,0.27374615205094294,8.419539851011931,1.0,15.300000000000004,0,0.0,Low
"Stressed / Crisis (FX shock, drought, rate spike)",OXC-003,2026-03-01,144855.0,91171.0,0.371,26372.0,27312.0,266251.0,46.9,34.1,38.3,827,157880.0,0.45,0,1,0,0,0,24345.0,24345.0,0.0,On Time,0.1682043258762238,0.1885471678575127,10.095973001668437,1.0,12.799999999999997,0,0.0,Low
"Stressed / Crisis (FX shock, drought, rate spike)",OXC-003,2026-04-01,190059.0,130368.0,0.314,24658.0,35033.0,279474.0,46.3,26.2,38.0,574,236531.0,0.49,0,1,0,0,0,24345.0,24345.0,3.0,Late,0.14951795715443517,0.1843269721507532,11.33400924649201,1.0,20.099999999999998,0,0.0,Low
"Stressed / Crisis (FX shock, drought, rate spike)",OXC-003,2026-05-01,187609.0,154620.0,0.176,36909.0,-3919.0,272329.0,46.4,26.5,39.1,493,212300.0,0.52,0,1,0,0,0,24345.0,24345.0,1.0,Late,0.04246913305846656,-0.020889189751024738,7.378390094556883,1.0,19.9,0,0.0,Low
"Stressed / Crisis (FX shock, drought, rate spike)",OXC-003,2026-06-01,166906.0,128416.0,0.231,24339.0,14151.0,273967.0,46.6,42.6,26.1,579,164306.0,0.25,0,1,0,0,0,24345.0,24345.0,5.0,Late,0.15222809015912464,0.08478424981726242,11.256296478902174,1.0,4.0,0,0.0,Low
"Stressed / Crisis (FX shock, drought, rate spike)",OXC-003,2026-07-01,242255.0,195825.0,0.192,40170.0,6259.0,275314.0,48.5,39.9,34.5,950,236312.0,0.18,1,1,0,0,0,24345.0,24345.0,0.0,On Time,0.2746305094733741,0.025836412045159025,6.853721682847897,1.0,8.600000000000001,0,0.0,Low
"Stressed / Crisis (FX shock, drought, rate spike)",OXC-004,2024-11-01,98254.0,71199.0,0.275,14240.0,12816.0,100026.0,30.3,34.1,38.8,236,108947.0,0.5,0,1,0,0,0,,,0.0,,-0.046503503289792913,0.13043743766157104,7.024297752808989,1.0,-3.8000000000000007,0,0.0,Low
"Stressed / Crisis (FX shock, drought, rate spike)",OXC-004,2024-12-01,88089.0,63540.0,0.279,10605.0,13944.0,105394.0,30.1,49.2,23.9,231,58262.0,0.52,0,0,13,0,0,,,0.0,,0.23574715223612586,0.1582944522017505,9.938142385667138,1.0,-19.1,0,0.3,Low
"Stressed / Crisis (FX shock, drought, rate spike)",OXC-004,2025-01-01,94814.0,58229.0,0.386,15687.0,20898.0,119520.0,32.3,28.3,38.5,389,96133.0,0.31,0,1,0,0,0,,,0.0,,-0.15860000354968673,0.2204104879026304,7.619047619047619,1.0,3.9999999999999964,0,0.0,Low
"Stressed / Crisis (FX shock, drought, rate spike)",OXC-004,2025-02-01,122065.0,87486.0,0.283,21751.0,12827.0,118398.0,31.0,37.8,22.7,589,122253.0,0.53,0,1,0,1,0,,,0.0,,0.24234127872656575,0.10508335722770655,5.443335938577537,1.0,-6.799999999999997,0,0.0,Low
"Stressed / Crisis (FX shock, drought, rate spike)",OXC-004,2025-03-01,115560.0,77519.0,0.329,15293.0,22748.0,126656.0,35.4,53.8,20.2,740,99106.0,0.1,0,1,0,0,1,,,0.0,,0.3118550556823212,0.19685012114918657,8.281959066239455,1.0,-18.4,0,0.0,Low
"Stressed / Crisis (FX shock, drought, rate spike)",OXC-004,2025-04-01,116015.0,77725.0,0.33,20533.0,17757.0,135898.0,36.0,45.7,23.6,385,101183.0,0.6,0,1,0,0,1,,,0.0,,0.2236062184909402,0.15305779425074345,6.618516534359324,1.0,-9.700000000000003,0,0.1,Low
"Stressed / Crisis (FX shock, drought, rate spike)",OXC-004,2025-05-01,136099.0,105820.0,0.222,28391.0,1888.0,129261.0,34.3,51.0,33.6,504,114749.0,0.54,0,1,0,0,1,,,0.0,,0.11497153156105355,0.013872254755729285,4.55288647810926,1.0,-16.700000000000003,0,0.0,Low
"Stressed / Crisis (FX shock, drought, rate spike)",OXC-004,2025-06-01,105459.0,74750.0,0.291,12948.0,17761.0,131211.0,31.4,44.8,39.6,251,101519.0,0.66,0,1,0,1,0,,,0.0,,-0.08740913811007267,0.1684161617310993,10.13368860055607,1.0,-13.399999999999999,1,99.3,High
"Stressed / Crisis (FX shock, drought, rate spike)",OXC-004,2025-07-01,84569.0,74405.0,0.12,13941.0,-3777.0,123507.0,30.8,33.7,50.7,526,102049.0,0.71,0,0,12,0,0,,,0.0,,-0.27105115717795114,-0.044661755489600205,8.859264041316978,1.0,-2.900000000000002,1,27.7,Low
"Stressed / Crisis (FX shock, drought, rate spike)",OXC-004,2025-08-01,101814.0,90426.0,0.112,16882.0,-5494.0,119896.0,30.9,33.4,30.3,408,116129.0,0.96,0,1,0,0,0,,,0.0,,-0.25191221096407757,-0.053961144832734204,7.102002132448762,1.0,-2.5,1,0.0,Low
"Stressed / Crisis (FX shock, drought, rate spike)",OXC-004,2025-09-01,65354.0,55795.0,0.146,12333.0,-2774.0,116194.0,32.5,45.1,38.2,344,70110.0,0.93,1,1,0,0,0,,,0.0,,-0.38028997050986635,-0.042445756954432784,9.421389767291007,1.0,-12.600000000000001,0,0.6,Low
"Stressed / Crisis (FX shock, drought, rate spike)",OXC-004,2025-10-01,60364.0,47788.0,0.208,11935.0,640.0,115138.0,33.2,34.5,33.3,296,59997.0,0.93,0,1,0,0,0,,,0.0,,-0.28621598931050385,0.010602345769001391,9.647088395475492,1.0,-1.2999999999999972,0,0.9,Low
"Stressed / Crisis (FX shock, drought, rate spike)",OXC-004,2025-11-01,40329.0,30646.0,0.24,5343.0,4340.0,114065.0,28.4,51.0,46.7,141,39029.0,0.96,0,1,0,0,0,,,0.0,,-0.6038953385585479,0.10761486771306009,21.348493355792627,1.0,-22.6,0,10.9,Low
"Stressed / Crisis (FX shock, drought, rate spike)",OXC-004,2025-12-01,39052.0,33322.0,0.147,7990.0,-2260.0,112382.0,29.5,37.4,45.6,122,36703.0,0.96,1,1,0,0,0,,,0.0,,-0.4024543256724914,-0.05787155587421899,14.065331664580725,1.0,-7.899999999999999,0,0.1,Low
"Stressed / Crisis (FX shock, drought, rate spike)",OXC-004,2026-01-01,35220.0,31318.0,0.111,4644.0,-742.0,102072.0,30.8,43.3,36.2,92,42018.0,0.96,0,1,0,0,0,,,0.0,,-0.4165396593996422,-0.021067575241340147,21.979328165374678,1.0,-12.499999999999996,0,0.1,Low
"Stressed / Crisis (FX shock, drought, rate spike)",OXC-004,2026-02-01,24998.0,23264.0,0.069,3253.0,-1519.0,100822.0,35.2,48.3,39.0,59,20008.0,0.96,0,1,0,0,0,,,0.0,,-0.38014828039376136,-0.06076486118889511,30.993544420534892,1.0,-13.099999999999994,0,0.1,Low
"Stressed / Crisis (FX shock, drought, rate spike)",OXC-004,2026-03-01,28829.0,23756.0,0.176,4649.0,425.0,101465.0,35.3,38.4,38.4,83,29041.0,0.96,0,0,8,0,0,,,0.0,,-0.2617791662398853,0.014742099968781435,21.82512368251237,1.0,-3.1000000000000014,0,1.2,Low
"Stressed / Crisis (FX shock, drought, rate spike)",OXC-004,2026-04-01,15361.0,15207.0,0.01,2510.0,-2357.0,96949.0,35.1,39.0,26.7,48,16765.0,0.96,0,0,14,0,0,,,0.0,,-0.5638557637705849,-0.15344053121541568,38.625099601593625,1.0,-3.8999999999999986,0,0.3,Low
"Stressed / Crisis (FX shock, drought, rate spike)",OXC-004,2026-05-01,13548.0,13136.0,0.03,1627.0,-1215.0,89783.0,35.6,49.6,33.2,94,14882.0,0.96,1,0,1,0,0,,,0.0,,-0.45803664293143453,-0.08968113374667848,55.183159188690844,1.0,-14.0,0,0.1,Low
"Stressed / Crisis (FX shock, drought, rate spike)",OXC-004,2026-06-01,11048.0,10928.0,0.011,2127.0,-2007.0,92948.0,35.2,55.9,32.0,58,13082.0,0.96,1,0,8,0,0,,,0.0,,-0.616774775399771,-0.18166183924692253,43.69910672308416,1.0,-20.699999999999996,0,0.0,Low
"Stressed / Crisis (FX shock, drought, rate spike)",OXC-004,2026-07-01,8446.0,8361.0,0.01,1089.0,-1004.0,92069.0,39.2,42.5,27.4,29,10353.0,0.96,1,0,14,0,0,,,0.0,,-0.45016600481739466,-0.11887283921382903,84.544536271809,1.0,-3.299999999999997,0,0.3,Low
"Stressed / Crisis (FX shock, drought, rate spike)",OXC-005,2024-11-01,194121.0,146212.0,0.247,33172.0,14737.0,115133.0,50.1,47.9,26.4,992,202273.0,0.31,0,1,0,0,0,23670.0,23670.0,0.0,On Time,0.19895126274635744,0.07591656750171286,3.4707886169058244,1.0,2.200000000000003,0,0.0,Low
"Stressed / Crisis (FX shock, drought, rate spike)",OXC-005,2024-12-01,226204.0,163610.0,0.277,36967.0,25627.0,122919.0,46.9,25.2,34.0,603,252916.0,0.33,0,1,0,0,0,23670.0,23670.0,0.0,On Time,0.6722530661127089,0.1132915421477958,3.3251007655476505,1.0,21.7,0,0.0,Low
"Stressed / Crisis (FX shock, drought, rate spike)",OXC-005,2025-01-01,163510.0,104659.0,0.36,29096.0,29756.0,138671.0,50.6,49.6,31.5,408,160553.0,0.4,0,1,0,0,0,23670.0,23670.0,0.0,On Time,0.015287367741294577,0.18198275334841907,4.765981578223811,1.0,1.0,0,0.0,Low
"Stressed / Crisis (FX shock, drought, rate spike)",OXC-005,2025-02-01,147004.0,93886.0,0.361,30248.0,22870.0,151345.0,49.3,41.6,31.2,388,140992.0,0.29,0,1,0,0,0,23670.0,23670.0,0.0,On Time,-0.24271974696194643,0.15557399798644936,5.00347130388786,1.0,7.699999999999996,0,0.0,Low
"Stressed / Crisis (FX shock, drought, rate spike)",OXC-005,2025-03-01,105405.0,64523.0,0.388,15467.0,25414.0,156553.0,48.2,36.1,44.9,254,121341.0,0.38,0,1,0,0,0,23670.0,23670.0,0.0,On Time,-0.534026807660342,0.24110810682605188,10.121743065882201,1.0,12.100000000000001,0,0.1,Low
"Stressed / Crisis (FX shock, drought, rate spike)",OXC-005,2025-04-01,177852.0,131604.0,0.26,21858.0,24390.0,166632.0,46.2,46.1,22.1,473,211720.0,0.13,0,1,0,0,0,23670.0,23670.0,0.0,On Time,0.08771328970705161,0.13713649551312326,7.6233873181443865,1.0,0.10000000000000142,0,0.0,Low
"Stressed / Crisis (FX shock, drought, rate spike)",OXC-005,2025-05-01,124982.0,85894.0,0.313,17252.0,21836.0,171147.0,49.7,39.3,31.9,431,134638.0,0.51,0,1,0,0,0,23670.0,23670.0,0.0,On Time,-0.14980544747081714,0.17471315869485207,9.920415024345003,1.0,10.400000000000006,0,0.0,Low
"Stressed / Crisis (FX shock, drought, rate spike)",OXC-005,2025-06-01,137219.0,92226.0,0.328,17938.0,27055.0,189309.0,46.4,43.0,37.9,927,100684.0,0.1,0,1,0,0,0,23670.0,23670.0,0.0,On Time,0.3018262890754708,0.19716657314220334,10.553517671981268,1.0,3.3999999999999986,0,0.0,Low
"Stressed / Crisis (FX shock, drought, rate spike)",OXC-005,2025-07-01,101902.0,64465.0,0.367,12694.0,24743.0,197393.0,46.0,30.6,29.4,526,115515.0,0.23,0,1,0,0,0,23670.0,23670.0,0.0,On Time,-0.4270404606076963,0.24281172106533727,15.550102410587678,1.0,15.399999999999999,0,0.1,Low
"Stressed / Crisis (FX shock, drought, rate spike)",OXC-005,2025-08-01,99457.0,64773.0,0.349,18512.0,16173.0,208556.0,43.6,28.5,20.7,391,89845.0,0.45,0,1,0,0,0,23670.0,23670.0,0.0,On Time,-0.20422940903490105,0.16261298852770545,11.265989628349178,1.0,15.100000000000001,0,0.0,Low
"Stressed / Crisis (FX shock, drought, rate spike)",OXC-005,2025-09-01,105193.0,67482.0,0.358,16632.0,21079.0,220601.0,41.3,35.5,36.7,420,99978.0,0.2,0,1,0,0,0,23670.0,23670.0,0.0,On Time,-0.2333933347422733,0.20038405597330622,13.263648388648388,1.0,5.799999999999997,0,0.0,Low
"Stressed / Crisis (FX shock, drought, rate spike)",OXC-005,2025-10-01,101369.0,68213.0,0.327,17856.0,15301.0,226059.0,40.8,27.4,36.3,302,64185.0,0.17,0,1,0,0,0,23670.0,23670.0,0.0,On Time,-0.005230515593413254,0.15094358235752547,12.660114247311828,1.0,13.399999999999999,0,0.0,Low
"Stressed / Crisis (FX shock, drought, rate spike)",OXC-005,2025-11-01,103208.0,71026.0,0.312,21645.0,10537.0,234770.0,40.1,36.8,34.5,311,104427.0,0.55,0,1,0,0,0,23670.0,23670.0,0.0,On Time,0.037714791316850516,0.10209479885280211,10.846384846384847,1.0,3.3000000000000043,0,0.0,Low
"Stressed / Crisis (FX shock, drought, rate spike)",OXC-005,2025-12-01,123926.0,89810.0,0.275,16254.0,17863.0,239656.0,37.4,40.4,24.9,298,134682.0,0.28,0,1,0,0,0,23670.0,23670.0,0.0,On Time,0.17808219178082196,0.14414247212045897,14.744432139780978,1.0,-3.0,0,0.1,Low
"Stressed / Crisis (FX shock, drought, rate spike)",OXC-005,2026-01-01,94122.0,60280.0,0.36,16153.0,17689.0,244307.0,38.5,25.1,44.2,313,87821.0,0.4,0,1,0,0,0,23670.0,23670.0,0.0,On Time,-0.0714912843176908,0.1879369329168526,15.124558905466477,1.0,13.399999999999999,0,0.0,Low
"Stressed / Crisis (FX shock, drought, rate spike)",OXC-005,2026-02-01,112132.0,90815.0,0.19,24181.0,-2864.0,233163.0,38.6,34.6,36.5,290,129925.0,0.48,0,1,0,0,0,23670.0,23670.0,0.0,On Time,0.08646616541353391,-0.02554132629401063,9.642405194160705,1.0,4.0,0,0.0,Low
"Stressed / Crisis (FX shock, drought, rate spike)",OXC-005,2026-03-01,107014.0,66391.0,0.38,18386.0,22237.0,237663.0,38.7,40.9,36.1,332,131468.0,0.38,0,1,0,0,0,23670.0,23670.0,0.0,On Time,-0.13646853767570966,0.20779524174407088,12.926302621559882,1.0,-2.1999999999999957,0,0.0,Low
"Stressed / Crisis (FX shock, drought, rate spike)",OXC-005,2026-04-01,78928.0,56785.0,0.281,16465.0,5678.0,241921.0,37.5,47.6,41.2,197,100050.0,0.16,0,1,0,0,0,23670.0,23670.0,0.0,On Time,-0.1614287839187437,0.07193898236367322,14.693045854843607,1.0,-10.100000000000001,0,0.2,Low
"Stressed / Crisis (FX shock, drought, rate spike)",OXC-005,2026-05-01,115367.0,80584.0,0.302,19278.0,15506.0,247805.0,37.4,26.5,43.9,340,112931.0,0.48,1,1,0,0,0,23670.0,23670.0,0.0,On Time,0.02884992687190091,0.13440585262683435,12.854289864093786,1.0,10.899999999999999,0,0.0,Low
"Stressed / Crisis (FX shock, drought, rate spike)",OXC-005,2026-06-01,96059.0,63288.0,0.341,13869.0,18902.0,265419.0,36.2,35.8,42.3,534,95195.0,0.26,0,1,0,1,0,23670.0,23670.0,0.0,On Time,-0.1023697833928271,0.196774898760137,19.137573004542507,1.0,0.4000000000000057,0,0.0,Low
"Stressed / Crisis (FX shock, drought, rate spike)",OXC-005,2026-07-01,83940.0,61514.0,0.267,13176.0,9250.0,264607.0,33.2,46.7,20.5,397,109470.0,0.46,1,1,0,0,0,23670.0,23670.0,0.0,On Time,0.06350091222379883,0.11019776030497974,20.082498482088646,1.0,-13.5,0,0.1,Low
"Stressed / Crisis (FX shock, drought, rate spike)",OXC-006,2024-11-01,117039.0,88262.0,0.246,25172.0,3605.0,132296.0,43.9,28.6,20.2,312,98793.0,0.31,0,1,0,0,0,,,0.0,,0.3289164424157782,0.03080169857910611,5.255680915302717,1.0,15.299999999999997,0,0.0,Low
"Stressed / Crisis (FX shock, drought, rate spike)",OXC-006,2024-12-01,136619.0,81384.0,0.404,21731.0,33504.0,149593.0,41.5,29.2,34.2,898,148518.0,0.26,0,1,0,0,0,,,0.0,,0.6047713577578613,0.2452367533066411,6.883852560857761,1.0,12.3,0,0.0,Low
"Stressed / Crisis (FX shock, drought, rate spike)",OXC-006,2025-01-01,122819.0,87118.0,0.291,16755.0,18946.0,155594.0,38.5,34.6,30.5,397,123173.0,0.3,0,0,8,0,1,,,0.0,,0.09694100835082398,0.15425952010682387,9.286421963592957,1.0,3.8999999999999986,0,0.1,Low
"Stressed / Crisis (FX shock, drought, rate spike)",OXC-006,2025-02-01,96262.0,59981.0,0.377,18323.0,17958.0,159927.0,37.8,41.7,35.9,368,101150.0,0.34,0,1,0,1,0,,,0.0,,-0.177522022573672,0.18655336477530074,8.728210445887683,1.0,-3.9000000000000057,0,0.0,Low
"Stressed / Crisis (FX shock, drought, rate spike)",OXC-006,2025-03-01,87800.0,67688.0,0.229,11073.0,9038.0,160097.0,37.8,44.5,50.7,451,97657.0,0.59,1,1,0,0,0,,,0.0,,-0.3573368272348648,0.10293849658314351,14.458322044613023,1.0,-6.700000000000003,0,0.5,Low
"Stressed / Crisis (FX shock, drought, rate spike)",OXC-006,2025-04-01,62960.0,43248.0,0.313,9774.0,9939.0,162072.0,38.4,44.8,50.7,317,60641.0,0.65,0,1,0,0,0,,,0.0,,-0.48737573176788607,0.15786213468869123,16.58195211786372,1.0,-6.399999999999999,1,98.3,High
"Stressed / Crisis (FX shock, drought, rate spike)",OXC-006,2025-05-01,40350.0,32757.0,0.188,5879.0,1713.0,159766.0,35.3,44.4,29.8,142,41872.0,0.73,0,0,3,0,0,,,0.0,,-0.5808314807504519,0.04245353159851301,27.17571015478823,1.0,-9.100000000000001,1,97.3,High
"Stressed / Crisis (FX shock, drought, rate spike)",OXC-006,2025-06-01,56582.0,44391.0,0.215,9382.0,2809.0,153489.0,33.5,57.9,43.9,150,39256.0,0.94,0,0,13,0,0,,,0.0,,-0.3555580865603645,0.049644763352302855,16.359944574717545,1.0,-24.4,1,39.9,Medium
"Stressed / Crisis (FX shock, drought, rate spike)",OXC-006,2025-07-01,40321.0,35070.0,0.13,8308.0,-3057.0,150687.0,32.6,46.4,43.9,108,44746.0,0.96,0,0,9,0,0,,,0.0,,-0.35957750952986023,-0.07581657200962277,18.137578237843044,1.0,-13.799999999999997,0,1.0,Low
"Stressed / Crisis (FX shock, drought, rate spike)",OXC-006,2025-08-01,59916.0,43549.0,0.273,11605.0,4762.0,145961.0,35.9,44.9,48.3,325,68597.0,0.96,0,0,4,0,0,,,0.0,,0.48490706319702603,0.07947793577675412,12.577423524342956,1.0,-9.0,0,0.2,Low
"Stressed / Crisis (FX shock, drought, rate spike)",OXC-006,2025-09-01,43210.0,34387.0,0.204,5741.0,3082.0,151709.0,35.6,40.8,50.8,194,41411.0,0.96,0,1,0,0,0,,,0.0,,-0.23632957477643068,0.07132608192548022,26.425535620971957,1.0,-5.199999999999996,0,3.4,Low
"Stressed / Crisis (FX shock, drought, rate spike)",OXC-006,2025-10-01,32440.0,27430.0,0.154,7030.0,-2020.0,148788.0,35.7,35.6,32.8,197,35854.0,0.96,1,1,0,0,0,,,0.0,,-0.19545646189330623,-0.06226880394574599,21.164722617354197,1.0,0.10000000000000142,0,0.1,Low
"Stressed / Crisis (FX shock, drought, rate spike)",OXC-006,2025-11-01,30365.0,29174.0,0.039,3765.0,-2574.0,148303.0,34.3,53.7,39.8,163,29865.0,0.96,0,1,0,0,0,,,0.0,,-0.4932071566860271,-0.08476864811460563,39.38990703851262,1.0,-19.400000000000006,0,0.1,Low
"Stressed / Crisis (FX shock, drought, rate spike)",OXC-006,2025-12-01,17122.0,15458.0,0.097,3313.0,-1649.0,144140.0,33.0,45.7,39.7,67,15776.0,0.96,1,0,13,0,0,,,0.0,,-0.6037491321453368,-0.09630884242495036,43.50739511017205,1.0,-12.700000000000003,0,0.5,Low
"Stressed / Crisis (FX shock, drought, rate spike)",OXC-006,2026-01-01,10809.0,9522.0,0.119,1689.0,-401.0,146334.0,32.9,57.9,46.1,28,11461.0,0.96,1,0,4,0,0,,,0.0,,-0.6668002466091245,-0.03709871403460079,86.63943161634103,1.0,-25.0,0,1.3,Low
"Stressed / Crisis (FX shock, drought, rate spike)",OXC-006,2026-02-01,6342.0,5514.0,0.131,976.0,-148.0,144782.0,37.4,53.2,50.6,27,5814.0,0.96,1,0,11,0,0,,,0.0,,-0.7911411164169274,-0.023336486912645855,148.3422131147541,1.0,-15.800000000000004,0,0.1,Low
"Stressed / Crisis (FX shock, drought, rate spike)",OXC-006,2026-03-01,5608.0,4455.0,0.206,820.0,333.0,147588.0,41.1,55.0,30.5,16,5164.0,0.96,1,1,0,0,0,,,0.0,,-0.6724681696063544,0.059379457917261055,179.98536585365855,1.0,-13.899999999999999,0,0.1,Low
"Stressed / Crisis (FX shock, drought, rate spike)",OXC-006,2026-04-01,3000.0,2830.0,0.057,442.0,-272.0,146761.0,41.5,36.1,30.3,9,2827.0,0.96,1,0,11,0,0,,,0.0,,-0.7224535109630863,-0.09066666666666667,332.03846153846155,1.0,5.399999999999999,0,0.2,Low
"Stressed / Crisis (FX shock, drought, rate spike)",OXC-006,2026-05-01,3000.0,2846.0,0.051,617.0,-463.0,146775.0,35.8,55.1,43.2,19,2960.0,0.96,0,0,2,0,0,,,0.0,,-0.5269631031220435,-0.15433333333333332,237.88492706645056,1.0,-19.300000000000004,0,0.1,Low
"Stressed / Crisis (FX shock, drought, rate spike)",OXC-006,2026-06-01,3000.0,2970.0,0.01,626.0,-596.0,146330.0,37.9,49.4,31.9,14,2958.0,0.96,1,0,5,0,0,,,0.0,,-0.46504992867332384,-0.19866666666666666,233.75399361022363,1.0,-11.5,0,0.2,Low
"Stressed / Crisis (FX shock, drought, rate spike)",OXC-006,2026-07-01,3000.0,2970.0,0.01,526.0,-496.0,147904.0,37.5,37.4,44.3,17,2636.0,0.96,1,0,3,0,0,,,0.0,,0.0,-0.16533333333333333,281.18631178707227,1.0,0.10000000000000142,0,0.1,Low
"Stressed / Crisis (FX shock, drought, rate spike)",OXC-007,2024-11-01,90002.0,74839.0,0.168,17957.0,-2793.0,139891.0,40.2,45.7,35.6,292,89720.0,0.29,0,1,0,0,0,13950.0,13950.0,0.0,On Time,-0.36545471209909963,-0.031032643719028467,7.790332460878766,1.0,-5.5,0,0.0,Low
"Stressed / Crisis (FX shock, drought, rate spike)",OXC-007,2024-12-01,86211.0,56871.0,0.34,16969.0,12370.0,148164.0,41.7,57.0,28.0,502,81559.0,0.38,0,1,0,0,1,13950.0,13950.0,0.0,On Time,-0.2745197041225922,0.14348517010590295,8.731451470328246,1.0,-15.299999999999997,0,0.0,Low
"Stressed / Crisis (FX shock, drought, rate spike)",OXC-007,2025-01-01,67377.0,52020.0,0.228,10477.0,4880.0,144722.0,38.2,51.9,41.2,429,70814.0,0.39,0,1,0,0,0,13950.0,13950.0,0.0,On Time,-0.21332663926770035,0.0724282767116375,13.813305335496803,1.0,-13.699999999999996,0,0.2,Low
"Stressed / Crisis (FX shock, drought, rate spike)",OXC-007,2025-02-01,51769.0,44535.0,0.14,10779.0,-3545.0,133947.0,33.9,48.0,50.4,169,59593.0,0.45,0,1,0,0,0,13950.0,13950.0,0.0,On Time,-0.42480167107397615,-0.06847727404431224,12.426662955747286,1.0,-14.100000000000001,0,0.1,Low
"Stressed / Crisis (FX shock, drought, rate spike)",OXC-007,2025-03-01,61110.0,48555.0,0.205,10068.0,2487.0,134078.0,31.9,52.2,45.9,161,47994.0,0.67,0,1,0,0,0,13950.0,13950.0,0.0,On Time,-0.29115774089153357,0.04069710358370152,13.317242749304729,1.0,-20.300000000000004,1,98.4,High
"Stressed / Crisis (FX shock, drought, rate spike)",OXC-007,2025-04-01,52245.0,42033.0,0.195,9697.0,515.0,133405.0,31.5,50.4,34.5,174,48299.0,0.89,0,0,1,1,0,13950.0,13950.0,0.0,On Time,-0.22458702524600382,0.009857402622260503,13.757347633288646,1.0,-18.9,1,99.6,High
"Stressed / Crisis (FX shock, drought, rate spike)",OXC-007,2025-05-01,37311.0,32778.0,0.121,5104.0,-571.0,134686.0,31.0,48.8,36.7,149,39988.0,0.91,0,1,0,0,0,13950.0,13950.0,4.0,Late,-0.27927910525604127,-0.015303797807617057,26.38832288401254,1.0,-17.799999999999997,1,97.3,High
"Stressed / Crisis (FX shock, drought, rate spike)",OXC-007,2025-06-01,27424.0,27150.0,0.01,5378.0,-5103.0,130540.0,30.4,46.0,48.0,157,27278.0,0.69,0,0,1,0,0,13950.0,13950.0,0.0,On Time,-0.5512354770086729,-0.1860778879813302,24.27296392711045,1.0,-15.600000000000001,0,1.5,Low
"Stressed / Crisis (FX shock, drought, rate spike)",OXC-007,2025-07-01,32506.0,32181.0,0.01,6668.0,-6343.0,119431.0,31.8,46.8,26.7,91,35884.0,0.96,0,0,17,0,0,13950.0,13950.0,12.0,Late,-0.37781605895300985,-0.1951332061773211,17.91106778644271,1.0,-14.999999999999996,0,2.9,Low
"Stressed / Crisis (FX shock, drought, rate spike)",OXC-007,2025-08-01,31877.0,31558.0,0.01,4252.0,-3934.0,110572.0,30.3,36.8,39.5,206,29169.0,0.69,1,1,0,0,0,13950.0,13950.0,14.0,Late,-0.14564069577336447,-0.12341186435360918,26.004703668861712,1.0,-6.4999999999999964,0,19.8,Low
"Stressed / Crisis (FX shock, drought, rate spike)",OXC-007,2025-09-01,16487.0,16322.0,0.01,2828.0,-2664.0,108816.0,28.5,58.0,48.5,99,18185.0,0.96,0,1,0,0,0,13950.0,13950.0,0.0,On Time,-0.398811260210035,-0.16158185236853279,38.47807637906648,1.0,-29.5,0,0.4,Low
"Stressed / Crisis (FX shock, drought, rate spike)",OXC-007,2025-10-01,19898.0,19156.0,0.037,3757.0,-3016.0,101786.0,28.1,35.6,47.9,105,21083.0,0.96,0,0,9,0,0,13950.0,13950.0,15.0,Late,-0.3878668553497816,-0.151573022414313,27.09236092627096,1.0,-7.5,0,0.6,Low
"Stressed / Crisis (FX shock, drought, rate spike)",OXC-007,2025-11-01,7340.0,6948.0,0.053,1578.0,-1186.0,101525.0,28.1,52.6,28.3,19,8855.0,0.96,1,0,11,0,0,13950.0,13950.0,18.0,Late,-0.7697399378862503,-0.16158038147138964,64.33776932826362,1.0,-24.5,0,1.1,Low
"Stressed / Crisis (FX shock, drought, rate spike)",OXC-007,2025-12-01,7498.0,7423.0,0.01,918.0,-843.0,106046.0,25.5,47.5,37.4,18,7691.0,0.96,0,1,0,0,0,13950.0,13950.0,0.0,On Time,-0.5452174440468247,-0.11242998132835423,115.51851851851852,1.0,-22.0,0,0.1,Low
"Stressed / Crisis (FX shock, drought, rate spike)",OXC-007,2026-01-01,4794.0,4746.0,0.01,894.0,-846.0,96768.0,28.5,33.0,48.5,11,4471.0,0.96,0,1,0,0,0,13950.0,13950.0,0.0,On Time,-0.7590712634435621,-0.17647058823529413,108.24161073825503,1.0,-4.5,0,0.1,Low
"Stressed / Crisis (FX shock, drought, rate spike)",OXC-007,2026-02-01,3958.0,3918.0,0.01,491.0,-452.0,96678.0,33.6,33.7,49.6,21,4606.0,0.96,1,0,7,0,0,13950.0,13950.0,20.0,Late,-0.46076294277929153,-0.11419909044972208,196.9002036659878,1.0,-0.10000000000000142,0,0.1,Low
"Stressed / Crisis (FX shock, drought, rate spike)",OXC-007,2026-03-01,3000.0,2970.0,0.01,524.0,-494.0,95215.0,34.4,47.0,31.6,16,3131.0,0.96,0,0,12,0,0,13950.0,13950.0,0.0,On Time,-0.5998933048813017,-0.16466666666666666,181.70801526717557,1.0,-12.600000000000001,0,0.2,Low
"Stressed / Crisis (FX shock, drought, rate spike)",OXC-007,2026-04-01,3000.0,2694.0,0.102,550.0,-244.0,106671.0,35.9,40.1,39.3,8,3690.0,0.96,1,0,12,0,0,13950.0,13950.0,16.0,Late,-0.3742177722152691,-0.08133333333333333,193.94727272727272,1.0,-4.200000000000003,0,0.2,Low
"Stressed / Crisis (FX shock, drought, rate spike)",OXC-007,2026-05-01,3000.0,2970.0,0.01,451.0,-421.0,114602.0,34.9,34.0,50.1,8,2420.0,0.96,1,1,0,0,0,13950.0,13950.0,0.0,On Time,-0.2420414350682163,-0.14033333333333334,254.10643015521063,1.0,0.8999999999999986,0,0.1,Low
"Stressed / Crisis (FX shock, drought, rate spike)",OXC-007,2026-06-01,3000.0,2970.0,0.01,646.0,-616.0,113501.0,29.2,36.2,29.7,13,3038.0,0.96,1,0,7,0,0,13950.0,13950.0,23.0,Late,0.0,-0.20533333333333334,175.69814241486068,1.0,-7.0000000000000036,0,0.0,Low
"Stressed / Crisis (FX shock, drought, rate spike)",OXC-007,2026-07-01,3000.0,2970.0,0.01,534.0,-504.0,112845.0,30.3,50.6,31.9,10,2316.0,0.96,0,1,0,0,0,13950.0,13950.0,0.0,On Time,0.0,-0.168,211.32022471910113,1.0,-20.3,0,0.1,Low
"Stressed / Crisis (FX shock, drought, rate spike)",OXC-008,2024-11-01,141316.0,83583.0,0.409,28417.0,29317.0,213319.0,50.8,39.8,20.1,811,127861.0,0.41,0,1,0,0,0,15210.0,15210.0,0.0,On Time,0.019676886332970156,0.20745704661892497,7.50673892388359,1.0,11.0,0,0.0,Low
"Stressed / Crisis (FX shock, drought, rate spike)",OXC-008,2024-12-01,130289.0,84522.0,0.351,26941.0,18826.0,221882.0,49.2,28.8,25.7,320,129976.0,0.38,0,1,0,0,0,15210.0,15210.0,0.0,On Time,-0.24749770418329564,0.144494162976153,8.235848706432575,1.0,20.400000000000002,0,0.0,Low
"Stressed / Crisis (FX shock, drought, rate spike)",OXC-008,2025-01-01,124478.0,97409.0,0.217,17864.0,9205.0,225705.0,48.0,31.8,42.7,331,104512.0,0.25,0,1,0,0,0,15210.0,15210.0,0.0,On Time,-0.16061687019966686,0.07394881023152686,12.634628302731752,1.0,16.2,0,0.0,Low
"Stressed / Crisis (FX shock, drought, rate spike)",OXC-008,2025-02-01,138075.0,98912.0,0.284,24136.0,15026.0,229244.0,49.5,44.6,37.7,594,135303.0,0.43,0,1,0,0,0,15210.0,15210.0,0.0,On Time,-0.022934416485040576,0.10882491399601665,9.498011269472986,1.0,4.899999999999999,0,0.0,Low
"Stressed / Crisis (FX shock, drought, rate spike)",OXC-008,2025-03-01,91998.0,65023.0,0.293,17646.0,9329.0,229523.0,49.8,39.0,28.7,484,81170.0,0.39,0,0,6,0,0,15210.0,15210.0,0.0,On Time,-0.2938928075278803,0.10140437835605122,13.007083758358835,1.0,10.799999999999997,0,0.1,Low
"Stressed / Crisis (FX shock, drought, rate spike)",OXC-008,2025-04-01,79324.0,50940.0,0.358,9867.0,18517.0,243227.0,50.4,43.6,36.4,192,84750.0,0.5,1,1,0,0,0,15210.0,15210.0,0.0,On Time,-0.3627468307652758,0.2334350259694418,24.65055234620452,1.0,6.799999999999997,0,0.1,Low
"Stressed / Crisis (FX shock, drought, rate spike)",OXC-008,2025-05-01,83089.0,40668.0,0.511,15678.0,26742.0,251725.0,47.6,25.1,43.6,353,75256.0,0.47,0,1,0,0,0,15210.0,15210.0,0.0,On Time,-0.39823284446858587,0.32184765733129533,16.055938257430796,1.0,22.5,0,0.1,Low
"Stressed / Crisis (FX shock, drought, rate spike)",OXC-008,2025-06-01,80787.0,45032.0,0.443,16080.0,19675.0,262863.0,48.9,26.6,30.8,209,84623.0,0.59,0,0,11,1,0,15210.0,15210.0,0.0,On Time,-0.12186134481184374,0.24354165893027344,16.347201492537312,1.0,22.299999999999997,0,0.0,Low
"Stressed / Crisis (FX shock, drought, rate spike)",OXC-008,2025-07-01,78040.0,46639.0,0.402,15750.0,15650.0,275265.0,47.4,39.9,41.3,192,65882.0,0.29,0,1,0,0,0,15210.0,15210.0,0.0,On Time,-0.016186778276435887,0.2005381855458739,17.47714285714286,1.0,7.5,0,0.0,Low
"Stressed / Crisis (FX shock, drought, rate spike)",OXC-008,2025-08-01,67066.0,42639.0,0.364,9237.0,15191.0,290338.0,48.4,39.4,21.4,203,61000.0,0.27,0,1,0,0,0,15210.0,15210.0,0.0,On Time,-0.19284141101710217,0.22650821578743327,31.432066688318717,1.0,9.0,0,0.0,Low
"Stressed / Crisis (FX shock, drought, rate spike)",OXC-008,2025-09-01,86401.0,55043.0,0.363,14491.0,16866.0,296344.0,49.1,43.7,23.8,539,76160.0,0.42,1,1,0,0,0,15210.0,15210.0,0.0,On Time,0.06949137856338283,0.1952060740037731,20.450210475467532,1.0,5.399999999999999,0,0.0,Low
"Stressed / Crisis (FX shock, drought, rate spike)",OXC-008,2025-10-01,62560.0,40821.0,0.347,13402.0,8338.0,294838.0,49.2,26.5,33.2,213,77603.0,0.1,0,1,0,0,0,15210.0,15210.0,0.0,On Time,-0.19835981547924142,0.13328005115089514,21.999552305626025,1.0,22.700000000000003,0,0.1,Low
"Stressed / Crisis (FX shock, drought, rate spike)",OXC-008,2025-11-01,69555.0,48789.0,0.299,9928.0,10837.0,300346.0,51.4,45.7,29.1,418,55456.0,0.21,0,1,0,0,0,15210.0,15210.0,0.0,On Time,0.03711269495720626,0.15580475882395226,30.25241740531829,1.0,5.699999999999996,0,0.0,Low
"Stressed / Crisis (FX shock, drought, rate spike)",OXC-008,2025-12-01,64762.0,35009.0,0.459,10384.0,19369.0,316429.0,50.3,27.5,21.7,169,66740.0,0.52,0,1,0,0,0,15210.0,15210.0,0.0,On Time,-0.25044849017951176,0.29907970723572463,30.47274653312789,1.0,22.799999999999997,0,0.0,Low
"Stressed / Crisis (FX shock, drought, rate spike)",OXC-008,2026-01-01,73314.0,51095.0,0.303,14249.0,7970.0,321908.0,49.9,29.4,27.1,191,84252.0,0.18,0,1,0,0,0,15210.0,15210.0,0.0,On Time,0.1718989769820971,0.10871047821698447,22.591620464594005,1.0,20.5,0,0.0,Low
"Stressed / Crisis (FX shock, drought, rate spike)",OXC-008,2026-02-01,50506.0,32475.0,0.357,10654.0,7378.0,336024.0,45.7,28.7,42.3,152,57770.0,0.54,0,1,0,0,0,15210.0,15210.0,0.0,On Time,-0.27386959959744084,0.1460816536649111,31.53970339778487,1.0,17.000000000000004,0,0.0,Low
"Stressed / Crisis (FX shock, drought, rate spike)",OXC-008,2026-03-01,98464.0,64532.0,0.345,18277.0,15654.0,347271.0,41.8,38.4,21.8,339,95208.0,0.33,0,1,0,0,0,15210.0,15210.0,9.0,Late,0.5203977641209352,0.15898196295092623,19.000437708595502,1.0,3.3999999999999986,0,0.0,Low
"Stressed / Crisis (FX shock, drought, rate spike)",OXC-008,2026-04-01,112159.0,71636.0,0.361,15680.0,24842.0,354883.0,44.4,43.9,31.4,268,122864.0,0.48,0,1,0,0,0,15210.0,15210.0,0.0,On Time,0.5298442316610743,0.22148913595877281,22.632844387755103,1.0,0.5,0,0.0,Low
"Stressed / Crisis (FX shock, drought, rate spike)",OXC-008,2026-05-01,88404.0,51820.0,0.414,12725.0,23859.0,363458.0,45.3,43.6,24.7,296,85016.0,0.33,0,1,0,0,0,15210.0,15210.0,0.0,On Time,0.7503662931136894,0.26988597801004477,28.562514734774066,1.0,1.6999999999999957,0,0.0,Low
"Stressed / Crisis (FX shock, drought, rate spike)",OXC-008,2026-06-01,106603.0,91554.0,0.141,18521.0,-3473.0,358129.0,42.1,28.7,20.5,396,112191.0,0.1,0,1,0,0,0,15210.0,15210.0,0.0,On Time,0.08265965225869354,-0.03257882048347607,19.336374925759948,1.0,13.400000000000002,0,0.0,Low
"Stressed / Crisis (FX shock, drought, rate spike)",OXC-008,2026-07-01,99002.0,72421.0,0.268,12971.0,13609.0,368358.0,40.0,34.2,37.9,524,118275.0,0.22,0,1,0,0,0,15210.0,15210.0,0.0,On Time,-0.11730668069437133,0.1374618694571827,28.398581450928994,1.0,5.799999999999997,0,0.0,Low
"Stressed / Crisis (FX shock, drought, rate spike)",OXC-009,2024-11-01,45862.0,37421.0,0.184,9159.0,-718.0,52299.0,37.2,29.0,37.3,260,44900.0,0.23,0,0,8,0,0,,,0.0,,-0.2049579613417699,-0.015655662640094197,5.710121192269899,1.0,8.200000000000003,0,0.1,Low
"Stressed / Crisis (FX shock, drought, rate spike)",OXC-009,2024-12-01,40436.0,31293.0,0.226,8552.0,591.0,49594.0,36.2,29.4,22.1,166,38534.0,0.15,1,1,0,0,0,,,0.0,,-0.04593822995068775,0.014615688990008903,5.79911131898971,1.0,6.800000000000004,0,0.0,Low
"Stressed / Crisis (FX shock, drought, rate spike)",OXC-009,2025-01-01,31480.0,27855.0,0.115,4348.0,-723.0,50940.0,36.6,31.3,25.3,128,30489.0,0.1,0,1,0,0,0,,,0.0,,-0.4068211795741473,-0.022966963151207116,11.71573137074517,1.0,5.300000000000001,0,0.0,Low
"Stressed / Crisis (FX shock, drought, rate spike)",OXC-009,2025-02-01,44783.0,34787.0,0.223,9242.0,754.0,47883.0,40.1,47.1,30.1,116,43105.0,0.46,0,1,0,0,0,,,0.0,,-0.02352710304827521,0.01683674608668468,5.181021423934213,1.0,-7.0,0,0.0,Low
"Stressed / Crisis (FX shock, drought, rate spike)",OXC-009,2025-03-01,53393.0,41584.0,0.221,8863.0,2946.0,48101.0,39.3,46.4,39.1,297,56855.0,0.21,0,1,0,0,0,,,0.0,,0.32043228806014445,0.055175772104957575,5.427169130091391,1.0,-7.100000000000001,0,0.0,Low
"Stressed / Crisis (FX shock, drought, rate spike)",OXC-009,2025-04-01,36848.0,28521.0,0.226,7594.0,733.0,62986.0,37.6,32.9,40.0,109,35678.0,0.41,0,1,0,0,0,,,0.0,,0.17052096569250308,0.019892531480677378,8.294179615485909,1.0,4.700000000000003,0,0.0,Low
"Stressed / Crisis (FX shock, drought, rate spike)",OXC-009,2025-05-01,35221.0,27522.0,0.219,5857.0,1842.0,54134.0,37.9,32.4,40.2,232,37947.0,0.42,0,1,0,0,0,,,0.0,,-0.21351852265368554,0.05229834473751455,9.242615673553013,1.0,5.5,0,0.0,Low
"Stressed / Crisis (FX shock, drought, rate spike)",OXC-009,2025-06-01,54016.0,40915.0,0.243,9887.0,3214.0,49038.0,34.0,29.4,21.0,162,64460.0,0.3,0,1,0,0,0,,,0.0,,0.011668196205495196,0.05950088862559242,4.959846262769293,1.0,4.600000000000001,0,0.0,Low
"Stressed / Crisis (FX shock, drought, rate spike)",OXC-009,2025-07-01,50926.0,38946.0,0.235,6917.0,5063.0,50426.0,34.2,30.7,37.5,183,51130.0,0.1,0,1,0,0,0,,,0.0,,0.3820560138949196,0.09941876448179712,7.2901546913401765,1.0,3.5000000000000036,0,0.0,Low
"Stressed / Crisis (FX shock, drought, rate spike)",OXC-009,2025-08-01,36821.0,25481.0,0.308,6196.0,5144.0,47300.0,33.9,46.7,32.7,100,35437.0,0.48,0,1,0,0,0,,,0.0,,0.04542744385451858,0.1397028869395182,7.63395739186572,1.0,-12.800000000000004,0,0.0,Low
"Stressed / Crisis (FX shock, drought, rate spike)",OXC-009,2025-09-01,54803.0,38114.0,0.305,10853.0,5836.0,37608.0,31.9,25.1,29.6,210,61571.0,0.21,0,1,0,0,0,,,0.0,,0.014569757109004655,0.10649052059193839,3.4652169906938175,1.0,6.799999999999997,0,0.0,Low
"Stressed / Crisis (FX shock, drought, rate spike)",OXC-009,2025-10-01,47972.0,40685.0,0.152,7675.0,-389.0,25524.0,35.0,29.4,34.1,272,52719.0,0.22,0,0,14,0,0,,,0.0,,-0.05800573380984175,-0.008108896856499626,3.325602605863192,1.0,5.600000000000001,0,0.1,Low
"Stressed / Crisis (FX shock, drought, rate spike)",OXC-009,2025-11-01,49115.0,37749.0,0.231,7681.0,3685.0,24709.0,36.9,57.2,38.0,219,40213.0,0.25,0,1,0,0,0,,,0.0,,0.3338855544390429,0.07502799552071669,3.216898841296706,1.0,-20.300000000000004,0,0.0,Low
"Stressed / Crisis (FX shock, drought, rate spike)",OXC-009,2025-12-01,46184.0,33665.0,0.271,6499.0,6020.0,28241.0,36.6,55.5,39.2,239,51771.0,0.7,0,1,0,0,1,,,0.0,,-0.15727241209422838,0.13034817252728217,4.345437759655332,1.0,-18.9,0,0.7,Low
"Stressed / Crisis (FX shock, drought, rate spike)",OXC-009,2026-01-01,48093.0,34719.0,0.278,6939.0,6435.0,31310.0,37.7,41.5,47.9,129,41501.0,0.53,0,1,0,0,0,,,0.0,,0.0025223046777287372,0.13380325619112968,4.512177547197003,1.0,-3.799999999999997,0,0.0,Low
"Stressed / Crisis (FX shock, drought, rate spike)",OXC-009,2026-02-01,60374.0,50910.0,0.157,8220.0,1244.0,38232.0,36.0,56.6,50.5,178,61739.0,0.61,1,1,0,1,0,,,0.0,,0.2292375038175709,0.020604896147348197,4.651094890510949,1.0,-20.6,1,99.7,High
"Stressed / Crisis (FX shock, drought, rate spike)",OXC-009,2026-03-01,59084.0,47664.0,0.193,12300.0,-880.0,32058.0,40.4,52.2,49.7,215,61610.0,0.89,0,1,0,1,0,,,0.0,,0.2793175125584617,-0.014894049150362196,2.6063414634146342,1.0,-11.800000000000004,1,97.2,High
"Stressed / Crisis (FX shock, drought, rate spike)",OXC-009,2026-04-01,52460.0,49601.0,0.055,11064.0,-8205.0,23159.0,38.8,54.6,45.3,261,48016.0,0.93,0,0,8,0,0,,,0.0,,0.09080323539808277,-0.15640487990850171,2.0931851048445407,1.0,-15.800000000000004,1,0.5,Low
"Stressed / Crisis (FX shock, drought, rate spike)",OXC-009,2026-05-01,46393.0,39056.0,0.158,10168.0,-2831.0,26560.0,40.6,53.5,33.2,111,40602.0,0.89,0,1,0,0,0,,,0.0,,-0.23157319375890284,-0.06102213696031729,2.612116443745083,1.0,-12.899999999999999,0,0.6,Low
"Stressed / Crisis (FX shock, drought, rate spike)",OXC-009,2026-06-01,35466.0,35112.0,0.01,5447.0,-5092.0,22646.0,44.2,38.8,28.7,88,40415.0,0.74,1,0,7,0,0,,,0.0,,-0.39973596912869813,-0.14357412733322056,4.157517899761337,1.0,5.400000000000006,0,1.1,Low
"Stressed / Crisis (FX shock, drought, rate spike)",OXC-009,2026-07-01,39677.0,34799.0,0.123,7801.0,-2923.0,11761.0,42.9,45.6,37.2,207,24435.0,0.96,1,1,0,0,0,,,0.0,,-0.24367136866183758,-0.07366988431585049,1.507627227278554,1.0,-2.700000000000003,0,0.0,Low
"Stressed / Crisis (FX shock, drought, rate spike)",OXC-010,2024-11-01,103744.0,87890.0,0.153,12941.0,2913.0,183132.0,48.2,41.2,41.1,382,116780.0,0.31,0,1,0,0,0,,,0.0,,-0.174131095862058,0.028078732264034546,14.151302063209952,1.0,7.0,0,0.0,Low
"Stressed / Crisis (FX shock, drought, rate spike)",OXC-010,2024-12-01,90192.0,63167.0,0.3,12409.0,14616.0,189043.0,52.2,49.5,42.8,229,90625.0,0.29,0,1,0,0,0,,,0.0,,0.07177488354406303,0.16205428419372006,15.234346039165121,1.0,2.700000000000003,0,0.1,Low
"Stressed / Crisis (FX shock, drought, rate spike)",OXC-010,2025-01-01,76086.0,65480.0,0.139,16101.0,-5495.0,182525.0,51.4,27.5,38.7,464,77838.0,0.32,0,1,0,0,0,,,0.0,,-0.23391530236210956,-0.07222090791998528,11.336252406682815,1.0,23.9,0,0.0,Low
"Stressed / Crisis (FX shock, drought, rate spike)",OXC-010,2025-02-01,91198.0,75955.0,0.167,14740.0,504.0,176197.0,51.7,46.5,38.1,638,68805.0,0.31,0,0,1,0,0,,,0.0,,-0.12093229487970392,0.005526436983267177,11.953663500678426,1.0,5.200000000000003,0,0.0,Low
"Stressed / Crisis (FX shock, drought, rate spike)",OXC-010,2025-03-01,75712.0,57440.0,0.241,10143.0,8129.0,177654.0,52.7,46.9,20.8,516,71485.0,0.24,0,0,6,0,0,,,0.0,,-0.16054638992371828,0.10736739222316145,17.514936409346348,1.0,5.800000000000004,0,0.3,Low
"Stressed / Crisis (FX shock, drought, rate spike)",OXC-010,2025-04-01,106230.0,79436.0,0.252,17998.0,8796.0,180418.0,54.0,49.6,24.1,622,114653.0,0.64,0,0,3,0,0,,,0.0,,0.3961832663039193,0.08280146851171985,10.024336037337482,1.0,4.399999999999999,0,0.5,Low
"Stressed / Crisis (FX shock, drought, rate spike)",OXC-010,2025-05-01,114179.0,100382.0,0.121,22960.0,-9164.0,168364.0,55.1,25.3,28.4,315,112379.0,0.42,0,1,0,1,0,,,0.0,,0.2519901752231408,-0.08025994272151622,7.332926829268293,1.0,29.8,0,0.0,Low
"Stressed / Crisis (FX shock, drought, rate spike)",OXC-010,2025-06-01,113986.0,91081.0,0.201,20926.0,1980.0,172253.0,52.7,46.3,40.1,335,120783.0,0.18,0,1,0,0,1,,,0.0,,0.5055209213863061,0.01737055427859562,8.231530153875562,1.0,6.400000000000006,0,0.0,Low
"Stressed / Crisis (FX shock, drought, rate spike)",OXC-010,2025-07-01,118351.0,89032.0,0.248,17336.0,11982.0,180803.0,52.4,52.3,41.6,663,104037.0,0.49,1,1,0,0,1,,,0.0,,0.11410147792525649,0.10124122314133382,10.42933779418551,1.0,0.10000000000000142,0,0.0,Low
"Stressed / Crisis (FX shock, drought, rate spike)",OXC-010,2025-08-01,100611.0,83073.0,0.174,20366.0,-2828.0,172634.0,51.7,50.9,36.5,414,123427.0,0.23,0,1,0,0,0,,,0.0,,-0.11883095840741287,-0.02810825854031865,8.476578611411176,1.0,0.8000000000000043,0,0.0,Low
"Stressed / Crisis (FX shock, drought, rate spike)",OXC-010,2025-09-01,72608.0,57117.0,0.213,10575.0,4916.0,184001.0,52.6,46.0,49.0,224,85148.0,0.75,0,1,0,1,0,,,0.0,,-0.36300949239380276,0.06770603790215954,17.399621749408983,1.0,6.600000000000001,1,99.4,High
"Stressed / Crisis (FX shock, drought, rate spike)",OXC-010,2025-10-01,82256.0,77223.0,0.061,13059.0,-8026.0,179104.0,54.3,47.2,39.9,244,74056.0,0.86,0,0,10,0,0,,,0.0,,-0.3049826363951298,-0.09757342929391169,13.714985833524771,1.0,7.099999999999994,1,98.1,High
"Stressed / Crisis (FX shock, drought, rate spike)",OXC-010,2025-11-01,53240.0,47542.0,0.107,11228.0,-5530.0,174575.0,55.5,33.2,50.5,131,55103.0,0.77,0,0,13,0,0,,,0.0,,-0.4708332090924452,-0.10386927122464312,15.54818311364446,1.0,22.299999999999997,1,98.8,High
"Stressed / Crisis (FX shock, drought, rate spike)",OXC-010,2025-12-01,31744.0,29715.0,0.064,4504.0,-2475.0,170746.0,54.9,51.0,34.9,90,26843.0,0.96,0,0,12,0,0,,,0.0,,-0.5628029969149405,-0.07796748991935484,37.90985790408526,1.0,3.8999999999999986,0,0.1,Low
"Stressed / Crisis (FX shock, drought, rate spike)",OXC-010,2026-01-01,38430.0,36042.0,0.062,6457.0,-4070.0,160558.0,56.1,41.5,37.7,108,34328.0,0.89,0,1,0,0,0,,,0.0,,-0.5328000389029371,-0.10590684361176164,24.86572711785659,1.0,14.600000000000001,0,1.4,Low
"Stressed / Crisis (FX shock, drought, rate spike)",OXC-010,2026-02-01,32204.0,31618.0,0.018,4363.0,-3777.0,167959.0,54.3,35.2,45.9,116,34002.0,0.96,0,0,4,0,0,,,0.0,,-0.39511645379413973,-0.11728356725872563,38.49621819848728,1.0,19.099999999999994,0,0.1,Low
"Stressed / Crisis (FX shock, drought, rate spike)",OXC-010,2026-03-01,24176.0,23780.0,0.016,3693.0,-3297.0,167907.0,53.6,51.7,49.0,118,24411.0,0.96,0,1,0,0,0,,,0.0,,-0.23840725806451613,-0.13637491727332893,45.46628757108042,1.0,1.8999999999999986,0,0.1,Low
"Stressed / Crisis (FX shock, drought, rate spike)",OXC-010,2026-04-01,21622.0,19658.0,0.091,3727.0,-1762.0,160778.0,53.9,48.3,27.6,116,22387.0,0.96,0,0,7,0,0,,,0.0,,-0.43736664064532915,-0.08149107390620663,43.13871746713174,1.0,5.600000000000001,0,0.2,Low
"Stressed / Crisis (FX shock, drought, rate spike)",OXC-010,2026-05-01,13249.0,13117.0,0.01,1751.0,-1619.0,157809.0,57.1,56.8,47.6,37,11221.0,0.96,0,1,0,0,0,,,0.0,,-0.5885914793193392,-0.12219790172843234,90.12507138777842,1.0,0.30000000000000426,0,0.0,Low
"Stressed / Crisis (FX shock, drought, rate spike)",OXC-010,2026-06-01,11444.0,11330.0,0.01,1945.0,-1831.0,152782.0,59.5,47.0,48.7,29,9857.0,0.96,1,1,0,0,0,,,0.0,,-0.5266379880873593,-0.15999650471862986,78.55115681233933,1.0,12.5,0,0.0,Low
"Stressed / Crisis (FX shock, drought, rate spike)",OXC-010,2026-07-01,9530.0,9435.0,0.01,1188.0,-1093.0,145214.0,58.0,38.6,35.1,42,8093.0,0.96,1,0,11,0,0,,,0.0,,-0.5592452132087689,-0.11469045120671563,122.23400673400674,1.0,19.4,0,0.1,Low
"Stressed / Crisis (FX shock, drought, rate spike)",OXC-011,2024-11-01,59358.0,46685.0,0.214,11582.0,1092.0,81114.0,29.5,42.1,42.1,373,75157.0,0.48,0,1,0,0,0,,,0.0,,0.0154130386437894,0.018396846254927726,7.003453634950786,1.0,-12.600000000000001,0,0.0,Low
"Stressed / Crisis (FX shock, drought, rate spike)",OXC-011,2024-12-01,51697.0,36396.0,0.296,7025.0,8276.0,84754.0,31.3,32.6,23.9,203,59067.0,0.16,0,1,0,0,0,,,0.0,,0.5143978674165861,0.16008665880031722,12.064626334519573,1.0,-1.3000000000000007,0,0.0,Low
"Stressed / Crisis (FX shock, drought, rate spike)",OXC-011,2025-01-01,55395.0,40905.0,0.262,9063.0,5428.0,89962.0,32.4,36.8,37.8,186,65527.0,0.1,0,1,0,0,0,,,0.0,,-0.02147992439631874,0.0979871829587508,9.926293721725697,1.0,-4.399999999999999,0,0.0,Low
"Stressed / Crisis (FX shock, drought, rate spike)",OXC-011,2025-02-01,46554.0,39413.0,0.153,5864.0,1277.0,88207.0,31.8,30.7,40.3,154,37121.0,0.25,0,1,0,0,0,,,0.0,,-0.2157080764176691,0.027430510804656957,15.04212141882674,1.0,1.1000000000000014,0,0.1,Low
"Stressed / Crisis (FX shock, drought, rate spike)",OXC-011,2025-03-01,71906.0,51419.0,0.285,12709.0,7778.0,87832.0,31.4,36.6,37.5,303,76950.0,0.26,0,1,0,0,0,,,0.0,,0.39091243205601867,0.10816899841459683,6.9110079471240855,1.0,-5.200000000000003,0,0.0,Low
"Stressed / Crisis (FX shock, drought, rate spike)",OXC-011,2025-04-01,48641.0,28442.0,0.415,8923.0,11275.0,92315.0,34.4,57.5,21.0,167,44869.0,0.21,0,1,0,0,0,,,0.0,,-0.12192436140445884,0.23180033305236322,10.3457357391012,1.0,-23.1,0,0.0,Low
"Stressed / Crisis (FX shock, drought, rate spike)",OXC-011,2025-05-01,48940.0,36151.0,0.261,8440.0,4348.0,95758.0,36.6,55.0,39.9,163,55793.0,0.45,0,1,0,0,0,,,0.0,,0.05125230914636769,0.08884348181446669,11.345734597156397,1.0,-18.4,0,0.0,Low
"Stressed / Crisis (FX shock, drought, rate spike)",OXC-011,2025-06-01,57962.0,43996.0,0.241,8696.0,5270.0,92883.0,36.4,42.0,42.0,235,63676.0,0.85,0,1,0,0,0,,,0.0,,-0.19391983979083804,0.09092163831475794,10.681117755289788,1.0,-5.600000000000001,0,1.1,Low
"Stressed / Crisis (FX shock, drought, rate spike)",OXC-011,2025-07-01,31187.0,24793.0,0.205,5261.0,1134.0,100067.0,37.6,47.6,47.1,100,24860.0,0.56,0,0,3,1,0,,,0.0,,-0.3588330832014145,0.03636130438964953,19.020528416650826,1.0,-10.0,1,99.5,High
"Stressed / Crisis (FX shock, drought, rate spike)",OXC-011,2025-08-01,35639.0,27647.0,0.224,4572.0,3419.0,104276.0,36.3,55.4,46.2,176,31182.0,0.96,1,1,0,0,0,,,0.0,,-0.27178177360032696,0.09593422935548135,22.807524059492565,1.0,-19.1,1,3.0,Low
"Stressed / Crisis (FX shock, drought, rate spike)",OXC-011,2025-09-01,26381.0,22254.0,0.156,3952.0,175.0,100863.0,37.2,40.1,39.9,154,28752.0,0.93,1,0,2,0,0,,,0.0,,-0.5448569752596528,0.0066335620332815285,25.522014170040485,1.0,-2.8999999999999986,1,96.6,High
"Stressed / Crisis (FX shock, drought, rate spike)",OXC-011,2025-10-01,15900.0,13780.0,0.133,2620.0,-501.0,99163.0,38.8,55.2,33.3,107,16380.0,0.67,0,1,0,0,0,,,0.0,,-0.4901721871292526,-0.031509433962264154,37.84847328244275,1.0,-16.400000000000006,0,2.7,Low
"Stressed / Crisis (FX shock, drought, rate spike)",OXC-011,2025-11-01,19478.0,15684.0,0.195,3116.0,678.0,100038.0,37.0,46.6,38.7,55,18550.0,0.96,1,1,0,0,0,,,0.0,,-0.45346390190521624,0.034808501899579014,32.10462130937099,1.0,-9.600000000000001,0,0.2,Low
"Stressed / Crisis (FX shock, drought, rate spike)",OXC-011,2025-12-01,12150.0,10209.0,0.16,2015.0,-75.0,99727.0,36.8,53.8,50.5,51,13225.0,0.93,0,0,12,0,0,,,0.0,,-0.5394412645464539,-0.006172839506172839,49.49230769230769,1.0,-17.0,0,1.2,Low
"Stressed / Crisis (FX shock, drought, rate spike)",OXC-011,2026-01-01,10952.0,10041.0,0.083,2136.0,-1225.0,93969.0,37.9,52.9,44.8,36,11080.0,0.96,1,1,0,0,0,,,0.0,,-0.3111949685534591,-0.11185171658144631,43.99297752808989,1.0,-15.0,0,0.2,Low
"Stressed / Crisis (FX shock, drought, rate spike)",OXC-011,2026-02-01,6253.0,5395.0,0.137,762.0,95.0,103016.0,39.5,57.8,35.4,26,6994.0,0.96,0,1,0,0,0,,,0.0,,-0.6789711469350036,0.015192707500399808,135.19160104986878,1.0,-18.299999999999997,0,0.1,Low
"Stressed / Crisis (FX shock, drought, rate spike)",OXC-011,2026-03-01,4162.0,4029.0,0.032,707.0,-574.0,103712.0,39.5,49.6,38.8,10,4330.0,0.96,1,1,0,0,0,,,0.0,,-0.657448559670782,-0.13791446419990389,146.69306930693068,1.0,-10.100000000000001,0,0.1,Low
"Stressed / Crisis (FX shock, drought, rate spike)",OXC-011,2026-04-01,4695.0,4532.0,0.035,621.0,-459.0,100355.0,42.1,53.6,28.4,18,4573.0,0.96,0,1,0,0,0,,,0.0,,-0.5713111760409058,-0.09776357827476038,161.60225442834138,1.0,-11.5,0,0.0,Low
"Stressed / Crisis (FX shock, drought, rate spike)",OXC-011,2026-05-01,3000.0,2959.0,0.014,632.0,-591.0,104101.0,41.5,36.5,27.7,15,2666.0,0.96,1,0,12,0,0,,,0.0,,-0.5202302894610586,-0.197,164.71677215189874,1.0,5.0,0,0.0,Low
"Stressed / Crisis (FX shock, drought, rate spike)",OXC-011,2026-06-01,3000.0,2959.0,0.014,423.0,-382.0,103692.0,41.8,45.8,46.3,7,3081.0,0.96,0,1,0,0,0,,,0.0,,-0.2791926958193176,-0.12733333333333333,245.13475177304966,1.0,-4.0,0,0.1,Low
"Stressed / Crisis (FX shock, drought, rate spike)",OXC-011,2026-07-01,3000.0,2966.0,0.011,519.0,-485.0,109701.0,42.7,56.6,49.9,11,3349.0,0.96,0,0,7,0,0,,,0.0,,-0.3610223642172524,-0.16166666666666665,211.36994219653178,1.0,-13.899999999999999,0,0.1,Low
"Stressed / Crisis (FX shock, drought, rate spike)",OXC-012,2024-11-01,123562.0,91925.0,0.256,19572.0,12065.0,94956.0,35.9,28.0,40.1,789,129586.0,0.49,0,1,0,0,0,,,0.0,,0.028937353751863126,0.09764328838963435,4.851624770079706,1.0,7.899999999999999,0,0.0,Low
"Stressed / Crisis (FX shock, drought, rate spike)",OXC-012,2024-12-01,99573.0,85110.0,0.145,19914.0,-5450.0,90101.0,37.2,34.3,41.8,434,76893.0,0.19,0,1,0,0,0,,,0.0,,-0.03462150003878073,-0.05473371295431492,4.524505373104349,1.0,2.9000000000000057,0,0.0,Low
"Stressed / Crisis (FX shock, drought, rate spike)",OXC-012,2025-01-01,113099.0,77136.0,0.318,15080.0,20883.0,105895.0,35.0,48.2,31.0,677,108253.0,0.39,0,1,0,0,0,,,0.0,,0.05207393419596107,0.18464354238322178,7.022214854111406,1.0,-13.200000000000003,0,0.0,Low
"Stressed / Crisis (FX shock, drought, rate spike)",OXC-012,2025-02-01,120322.0,100532.0,0.164,24657.0,-4868.0,105551.0,35.4,33.4,28.0,578,131717.0,0.62,0,1,0,0,0,,,0.0,,-0.026221653906540854,-0.04045810408736557,4.280772194508659,1.0,2.0,0,0.0,Low
"Stressed / Crisis (FX shock, drought, rate spike)",OXC-012,2025-03-01,156370.0,124778.0,0.202,26242.0,5350.0,101676.0,34.5,48.0,41.8,645,195532.0,0.43,0,1,0,0,0,,,0.0,,0.5704056320488486,0.034213723860075464,3.87455224449356,1.0,-13.5,0,0.0,Low
"Stressed / Crisis (FX shock, drought, rate spike)",OXC-012,2025-04-01,81387.0,61703.0,0.242,17587.0,2097.0,102473.0,33.4,44.4,27.1,289,88571.0,0.51,0,1,0,0,0,,,0.0,,-0.2803915153980141,0.025765785690589404,5.826633308693921,1.0,-11.0,0,0.0,Low
"Stressed / Crisis (FX shock, drought, rate spike)",OXC-012,2025-05-01,98714.0,76622.0,0.224,13475.0,8617.0,106412.0,35.0,36.8,34.4,308,98490.0,0.43,0,1,0,0,0,,,0.0,,-0.1795847808380845,0.0872925826123954,7.896994434137291,1.0,-1.7999999999999972,0,0.0,Low
"Stressed / Crisis (FX shock, drought, rate spike)",OXC-012,2025-06-01,113010.0,93580.0,0.172,22274.0,-2844.0,104918.0,34.1,26.0,41.1,394,130336.0,0.37,0,1,0,0,0,,,0.0,,-0.2772910404809107,-0.025165914520838863,4.710334919637245,1.0,8.100000000000001,0,0.0,Low
"Stressed / Crisis (FX shock, drought, rate spike)",OXC-012,2025-07-01,138619.0,112846.0,0.186,26531.0,-759.0,98903.0,32.5,41.6,31.1,497,134319.0,0.51,0,1,0,0,0,,,0.0,,0.7032081290623811,-0.005475439874764643,3.727827824054879,1.0,-9.100000000000001,0,0.0,Low
"Stressed / Crisis (FX shock, drought, rate spike)",OXC-012,2025-08-01,132386.0,81684.0,0.383,17137.0,33565.0,115827.0,31.5,40.9,26.3,597,144695.0,0.41,0,1,0,0,0,,,0.0,,0.34110663127823804,0.25353889384073847,6.7588842854642,1.0,-9.399999999999999,0,0.0,Low
"Stressed / Crisis (FX shock, drought, rate spike)",OXC-012,2025-09-01,181550.0,146654.0,0.192,22368.0,12528.0,118041.0,32.6,47.3,31.6,646,173515.0,0.25,0,1,0,0,0,,,0.0,,0.6064950004424388,0.0690057835307078,5.2772263948497855,1.0,-14.699999999999996,0,0.0,Low
"Stressed / Crisis (FX shock, drought, rate spike)",OXC-012,2025-10-01,139442.0,119621.0,0.142,18671.0,1150.0,115141.0,28.9,45.2,29.6,339,125593.0,0.35,0,1,0,0,0,,,0.0,,0.005937137044705221,0.008247156523859383,6.166836270151572,1.0,-16.300000000000004,0,0.0,Low
"Stressed / Crisis (FX shock, drought, rate spike)",OXC-012,2025-11-01,145107.0,112535.0,0.224,29720.0,2852.0,112322.0,29.8,40.9,28.0,619,130948.0,0.3,0,1,0,0,0,,,0.0,,0.09609022102034959,0.019654461879854177,3.7793405114401075,1.0,-11.099999999999998,0,0.0,Low
"Stressed / Crisis (FX shock, drought, rate spike)",OXC-012,2025-12-01,96630.0,76977.0,0.203,15319.0,4333.0,118249.0,27.2,30.0,39.8,391,102447.0,0.36,0,1,0,0,0,,,0.0,,-0.467749931148444,0.04484114664182966,7.719106991317971,1.0,-2.8000000000000007,0,0.4,Low
"Stressed / Crisis (FX shock, drought, rate spike)",OXC-012,2026-01-01,158921.0,128830.0,0.189,25298.0,4793.0,114224.0,23.8,37.7,20.8,592,188209.0,0.33,0,1,0,0,0,,,0.0,,0.1396924886332669,0.030159639065951007,4.515139536722271,1.0,-13.900000000000002,0,0.0,Low
"Stressed / Crisis (FX shock, drought, rate spike)",OXC-012,2026-02-01,122656.0,96308.0,0.215,24974.0,1375.0,105731.0,25.9,42.7,23.4,593,134138.0,0.47,0,0,5,0,0,,,0.0,,-0.1547203098403247,0.01121021393164623,4.233642988708256,1.0,-16.800000000000004,0,0.0,Low
"Stressed / Crisis (FX shock, drought, rate spike)",OXC-012,2026-03-01,165451.0,140042.0,0.154,27432.0,-2023.0,102557.0,25.8,31.7,45.0,521,138472.0,0.1,0,1,0,0,0,,,0.0,,0.7122115285108144,-0.012227185088032106,3.7385899679206767,1.0,-5.899999999999999,0,0.0,Low
"Stressed / Crisis (FX shock, drought, rate spike)",OXC-012,2026-04-01,137290.0,109687.0,0.201,29176.0,-1573.0,98543.0,27.2,45.3,29.5,814,109918.0,0.17,0,1,0,0,0,,,0.0,,-0.13611165295964667,-0.011457498725325952,3.377536331231149,1.0,-18.099999999999998,0,0.0,Low
"Stressed / Crisis (FX shock, drought, rate spike)",OXC-012,2026-05-01,118091.0,99548.0,0.157,14405.0,4138.0,104625.0,27.5,45.6,30.1,809,124130.0,0.24,0,1,0,0,0,,,0.0,,-0.037217910253065534,0.03504077364066694,7.263103089205137,1.0,-18.1,0,0.0,Low
"Stressed / Crisis (FX shock, drought, rate spike)",OXC-012,2026-06-01,148315.0,104371.0,0.296,26652.0,17292.0,115785.0,26.0,25.1,31.7,710,155040.0,0.43,0,1,0,0,0,,,0.0,,-0.1035714501574484,0.11658969086066817,4.344326879783881,1.0,0.8999999999999986,0,0.0,Low
"Stressed / Crisis (FX shock, drought, rate spike)",OXC-012,2026-07-01,154616.0,139771.0,0.096,22205.0,-7360.0,110583.0,27.9,40.7,43.8,417,110971.0,0.43,0,1,0,0,0,,,0.0,,0.12620001456770336,-0.0476018005898484,4.980094573294303,1.0,-12.800000000000004,0,0.0,Low
"Stressed / Crisis (FX shock, drought, rate spike)",OXC-013,2024-11-01,225263.0,153331.0,0.319,35483.0,36450.0,153012.0,46.4,49.7,26.8,790,200415.0,0.18,0,1,0,0,0,18225.0,18225.0,0.0,On Time,0.015681854047839172,0.16181086108237927,4.312262210072429,1.0,-3.3000000000000043,0,0.0,Low
"Stressed / Crisis (FX shock, drought, rate spike)",OXC-013,2024-12-01,230294.0,172480.0,0.251,47257.0,10557.0,150885.0,44.9,36.6,39.5,568,242501.0,0.37,0,0,11,0,0,18225.0,18225.0,0.0,On Time,-0.009151496637567202,0.04584140272868594,3.1928603169900756,1.0,8.299999999999997,0,0.1,Low
"Stressed / Crisis (FX shock, drought, rate spike)",OXC-013,2025-01-01,235573.0,181301.0,0.23,45449.0,8822.0,156772.0,44.3,46.6,43.2,879,252454.0,0.32,0,1,0,0,0,18225.0,18225.0,0.0,On Time,0.10429157388960508,0.03744911343829726,3.4494048273889413,1.0,-2.3000000000000043,0,0.0,Low
"Stressed / Crisis (FX shock, drought, rate spike)",OXC-013,2025-02-01,207799.0,158115.0,0.239,29631.0,20053.0,163272.0,42.6,38.7,31.7,965,176295.0,0.44,1,1,0,0,0,18225.0,18225.0,0.0,On Time,-0.07752715714520364,0.09650190809387918,5.510175154399109,1.0,3.8999999999999986,0,0.0,Low
"Stressed / Crisis (FX shock, drought, rate spike)",OXC-013,2025-03-01,201682.0,122436.0,0.393,29758.0,49488.0,200575.0,42.2,33.6,28.6,503,198816.0,0.45,1,1,0,0,0,18225.0,18225.0,0.0,On Time,-0.12424118735181988,0.245376384605468,6.740204314806102,1.0,8.600000000000001,0,0.0,Low
"Stressed / Crisis (FX shock, drought, rate spike)",OXC-013,2025-04-01,152789.0,115284.0,0.245,21184.0,16322.0,207889.0,40.4,26.1,31.4,399,178432.0,0.56,1,1,0,0,0,18225.0,18225.0,9.0,Late,-0.35141548479664475,0.10682706215761606,9.813491314199396,1.0,14.299999999999997,0,0.0,Low
"Stressed / Crisis (FX shock, drought, rate spike)",OXC-013,2025-05-01,226527.0,164849.0,0.272,39673.0,22005.0,215372.0,38.5,35.4,40.4,585,188242.0,0.8,0,1,0,0,0,18225.0,18225.0,0.0,On Time,0.0901255540209529,0.09714073819014953,5.428679454540871,1.0,3.1000000000000014,0,0.4,Low
"Stressed / Crisis (FX shock, drought, rate spike)",OXC-013,2025-06-01,252201.0,190265.0,0.246,51563.0,10373.0,217270.0,35.4,26.0,22.0,732,278851.0,0.7,0,1,0,0,0,18225.0,18225.0,0.0,On Time,0.25048839261808187,0.04112989242707206,4.213680352190524,1.0,9.399999999999999,0,0.4,Low
"Stressed / Crisis (FX shock, drought, rate spike)",OXC-013,2025-07-01,311812.0,214867.0,0.311,66392.0,30552.0,224881.0,33.5,38.8,25.6,1472,333081.0,0.38,0,0,7,0,0,18225.0,18225.0,0.0,On Time,1.040801366590527,0.0979821174297333,3.387170140980841,1.0,-5.299999999999997,0,0.1,Low
"Stressed / Crisis (FX shock, drought, rate spike)",OXC-013,2025-08-01,305225.0,221389.0,0.275,59738.0,24098.0,226551.0,31.7,45.5,43.7,919,360420.0,0.31,0,1,0,0,0,18225.0,18225.0,0.0,On Time,0.34741112538461194,0.07895159308706692,3.7924101911681007,1.0,-13.8,0,0.0,Low
"Stressed / Crisis (FX shock, drought, rate spike)",OXC-013,2025-09-01,291460.0,205866.0,0.294,58727.0,26867.0,232275.0,30.2,31.6,33.5,1331,226417.0,0.36,0,0,10,0,0,18225.0,18225.0,0.0,On Time,0.15566552075527063,0.09218074521375146,3.955165426464829,1.0,-1.4000000000000021,0,0.1,Low
"Stressed / Crisis (FX shock, drought, rate spike)",OXC-013,2025-10-01,363899.0,243277.0,0.331,59426.0,61196.0,257362.0,33.1,49.6,37.1,2090,289132.0,0.61,0,1,0,0,0,18225.0,18225.0,0.0,On Time,0.16704616884532997,0.16816754099351744,4.330797967219736,1.0,-16.5,0,0.0,Low
"Stressed / Crisis (FX shock, drought, rate spike)",OXC-013,2025-11-01,428135.0,305192.0,0.287,81618.0,41326.0,266103.0,34.4,46.0,26.9,1888,572817.0,0.36,0,1,0,0,0,18225.0,18225.0,0.0,On Time,0.4026865427143911,0.09652562859845609,3.2603469822833198,1.0,-11.600000000000001,0,0.0,Low
"Stressed / Crisis (FX shock, drought, rate spike)",OXC-013,2025-12-01,525906.0,366961.0,0.302,94711.0,64235.0,288987.0,32.7,48.4,26.7,1278,475302.0,0.14,0,1,0,0,0,18225.0,18225.0,0.0,On Time,0.8043848212447677,0.12214159944933126,3.0512506467041844,1.0,-15.699999999999996,0,0.0,Low
"Stressed / Crisis (FX shock, drought, rate spike)",OXC-013,2026-01-01,407783.0,291028.0,0.286,75597.0,41158.0,307059.0,31.8,31.2,40.8,2013,397090.0,0.19,0,1,0,0,0,18225.0,18225.0,0.0,On Time,0.12059390105496304,0.10093113248958392,4.061788166197071,1.0,0.6000000000000014,0,0.0,Low
"Stressed / Crisis (FX shock, drought, rate spike)",OXC-013,2026-02-01,388075.0,255509.0,0.342,77376.0,55190.0,338439.0,35.6,36.8,29.9,1327,355740.0,0.43,0,1,0,0,0,18225.0,18225.0,0.0,On Time,-0.0935686173753606,0.1422147780712491,4.373953163771712,1.0,-1.1999999999999957,0,0.0,Low
"Stressed / Crisis (FX shock, drought, rate spike)",OXC-013,2026-03-01,340502.0,230793.0,0.322,70917.0,38792.0,339890.0,37.6,34.2,36.4,837,359735.0,0.27,1,1,0,0,0,18225.0,18225.0,0.0,On Time,-0.3525420892707062,0.11392590939260269,4.792785932851079,1.0,3.3999999999999986,0,0.0,Low
"Stressed / Crisis (FX shock, drought, rate spike)",OXC-013,2026-04-01,621355.0,433213.0,0.303,81116.0,107027.0,388807.0,36.4,28.1,20.2,2792,555094.0,0.32,0,1,0,0,0,18225.0,18225.0,0.0,On Time,0.5237393417577485,0.1722477488714181,4.793222052369447,1.0,8.299999999999997,0,0.0,Low
"Stressed / Crisis (FX shock, drought, rate spike)",OXC-013,2026-05-01,415292.0,307822.0,0.259,76238.0,31232.0,391042.0,37.4,42.2,44.6,1783,373727.0,0.11,1,1,0,0,0,18225.0,18225.0,0.0,On Time,0.07013335051214331,0.07520491605906206,5.1292268947244155,1.0,-4.800000000000004,0,0.0,Low
"Stressed / Crisis (FX shock, drought, rate spike)",OXC-013,2026-06-01,472627.0,317380.0,0.328,63510.0,91736.0,445203.0,40.0,40.6,22.1,1328,423412.0,0.23,0,1,0,0,0,18225.0,18225.0,0.0,On Time,0.38803002625535243,0.19409809426884203,7.0099669343410485,1.0,-0.6000000000000014,0,0.0,Low
"Stressed / Crisis (FX shock, drought, rate spike)",OXC-013,2026-07-01,369839.0,290830.0,0.214,65278.0,13731.0,443916.0,42.1,44.0,44.7,1795,356326.0,0.23,0,1,0,0,0,18225.0,18225.0,0.0,On Time,-0.4047863137819765,0.0371269660582037,6.800392168877723,1.0,-1.8999999999999986,0,0.0,Low
"Stressed / Crisis (FX shock, drought, rate spike)",OXC-014,2024-11-01,98397.0,63121.0,0.359,20372.0,14904.0,230177.0,40.7,49.1,44.9,349,109638.0,0.47,0,1,0,0,0,19440.0,19440.0,0.0,On Time,0.43527918781725883,0.15146803256196836,11.29869428627528,1.0,-8.399999999999999,0,0.0,Low
"Stressed / Crisis (FX shock, drought, rate spike)",OXC-014,2024-12-01,92501.0,65149.0,0.296,13094.0,14257.0,237691.0,42.5,45.0,22.3,220,87415.0,0.59,0,1,0,0,0,19440.0,19440.0,0.0,On Time,0.27074031843721236,0.15412806348039482,18.15266534290515,1.0,-2.5,0,0.3,Low
"Stressed / Crisis (FX shock, drought, rate spike)",OXC-014,2025-01-01,91083.0,62817.0,0.31,11614.0,16652.0,242693.0,42.2,37.0,38.9,252,86393.0,0.14,0,1,0,0,0,19440.0,19440.0,0.0,On Time,0.06541039407656957,0.1828222610146789,20.89659032202514,1.0,5.200000000000003,0,0.0,Low
"Stressed / Crisis (FX shock, drought, rate spike)",OXC-014,2025-02-01,88694.0,75926.0,0.144,13995.0,-1227.0,241781.0,43.3,31.0,41.8,402,98140.0,0.1,0,0,1,0,0,19440.0,19440.0,0.0,On Time,-0.09861073000193099,-0.013834081223081607,17.276241514826722,1.0,12.299999999999997,0,0.0,Low
"Stressed / Crisis (FX shock, drought, rate spike)",OXC-014,2025-03-01,99030.0,77311.0,0.219,12363.0,9356.0,240530.0,44.5,41.0,42.7,372,103425.0,0.4,0,1,0,0,0,19440.0,19440.0,0.0,On Time,0.07058302072410028,0.09447642128647885,19.455633745854566,1.0,3.5,0,0.0,Low
"Stressed / Crisis (FX shock, drought, rate spike)",OXC-014,2025-04-01,92197.0,73052.0,0.208,11595.0,7549.0,241460.0,45.5,41.1,23.6,284,81293.0,0.51,0,1,0,0,0,19440.0,19440.0,0.0,On Time,0.012230602856735162,0.0818790199247264,20.82449331608452,1.0,4.399999999999999,0,0.0,Low
"Stressed / Crisis (FX shock, drought, rate spike)",OXC-014,2025-05-01,72519.0,61194.0,0.156,10319.0,1005.0,240322.0,47.9,36.2,41.3,370,61800.0,0.64,1,0,6,0,0,19440.0,19440.0,0.0,On Time,-0.1823685931404605,0.013858437099242957,23.28927221630003,1.0,11.699999999999996,0,0.9,Low
"Stressed / Crisis (FX shock, drought, rate spike)",OXC-014,2025-06-01,84437.0,75672.0,0.104,17194.0,-8429.0,223513.0,46.4,27.4,34.4,256,85810.0,0.64,0,1,0,0,0,19440.0,19440.0,0.0,On Time,-0.14735938604463295,-0.09982590570484504,12.999476561591253,1.0,19.0,0,0.0,Low
"Stressed / Crisis (FX shock, drought, rate spike)",OXC-014,2025-07-01,59597.0,48586.0,0.185,10543.0,468.0,219453.0,45.8,40.3,39.3,407,54975.0,0.6,0,1,0,0,0,19440.0,19440.0,0.0,On Time,-0.35359068082475564,0.007852744265650956,20.815043156596793,1.0,5.5,0,0.3,Low
"Stressed / Crisis (FX shock, drought, rate spike)",OXC-014,2025-08-01,47638.0,38327.0,0.195,6824.0,2488.0,221967.0,45.0,30.2,40.8,135,45693.0,0.34,0,0,7,0,0,19440.0,19440.0,0.0,On Time,-0.3430962920062328,0.052227213568999536,32.52740328253224,1.0,14.8,0,0.1,Low
"Stressed / Crisis (FX shock, drought, rate spike)",OXC-014,2025-09-01,52597.0,37251.0,0.292,7403.0,7943.0,219885.0,44.7,38.3,30.1,232,45000.0,0.33,0,1,0,0,0,19440.0,19440.0,0.0,On Time,-0.3770858746757938,0.15101621765499934,29.702147777927866,1.0,6.400000000000006,0,0.0,Low
"Stressed / Crisis (FX shock, drought, rate spike)",OXC-014,2025-10-01,53577.0,44610.0,0.167,8303.0,665.0,215321.0,47.1,30.8,29.7,207,65506.0,0.39,0,0,6,0,0,19440.0,19440.0,0.0,On Time,-0.10101179589576659,0.012412042480915318,25.93291581356136,1.0,16.3,0,0.2,Low
"Stressed / Crisis (FX shock, drought, rate spike)",OXC-014,2025-11-01,46746.0,38954.0,0.167,10139.0,-2347.0,209545.0,44.6,44.0,43.2,309,35437.0,0.27,0,1,0,0,0,19440.0,19440.0,0.0,On Time,-0.018724547630043276,-0.05020750438540196,20.667225564651346,1.0,0.6000000000000014,0,0.0,Low
"Stressed / Crisis (FX shock, drought, rate spike)",OXC-014,2025-12-01,34255.0,26139.0,0.237,6709.0,1408.0,217518.0,47.8,48.3,42.7,96,38169.0,0.39,0,1,0,0,0,19440.0,19440.0,0.0,On Time,-0.3487271137137099,0.041103488541818715,32.42182143389477,1.0,-0.5,0,0.0,Low
"Stressed / Crisis (FX shock, drought, rate spike)",OXC-014,2026-01-01,65181.0,47803.0,0.267,9307.0,8071.0,228366.0,46.4,28.7,32.4,179,67176.0,0.32,0,1,0,0,0,19440.0,19440.0,0.0,On Time,0.21658547511058845,0.12382442736380234,24.537015149887182,1.0,17.7,0,0.0,Low
"Stressed / Crisis (FX shock, drought, rate spike)",OXC-014,2026-02-01,48682.0,38828.0,0.202,7610.0,2244.0,232540.0,48.6,32.9,38.7,232,43773.0,0.35,0,1,0,0,0,19440.0,19440.0,0.0,On Time,0.0414153082616695,0.046095065938129086,30.557161629434955,1.0,15.700000000000003,0,0.0,Low
"Stressed / Crisis (FX shock, drought, rate spike)",OXC-014,2026-03-01,46258.0,32301.0,0.302,5793.0,8164.0,231892.0,48.7,47.6,30.8,152,42869.0,0.4,0,1,0,0,0,19440.0,19440.0,0.0,On Time,0.3504014012552912,0.17648839119719834,40.02969100638702,1.0,1.1000000000000014,0,0.0,Low
"Stressed / Crisis (FX shock, drought, rate spike)",OXC-014,2026-04-01,41983.0,39707.0,0.054,8043.0,-5767.0,223507.0,50.9,44.7,44.4,131,41266.0,0.37,0,1,0,0,0,19440.0,19440.0,0.0,On Time,-0.35590125956950647,-0.1373651239787533,27.789009076215343,1.0,6.199999999999996,0,0.0,Low
"Stressed / Crisis (FX shock, drought, rate spike)",OXC-014,2026-05-01,37844.0,29638.0,0.217,5018.0,3189.0,225304.0,53.7,28.6,27.9,115,38197.0,0.53,0,1,0,0,0,19440.0,19440.0,0.0,On Time,-0.22262848691508152,0.08426699080435472,44.89916301315265,1.0,25.1,0,0.0,Low
"Stressed / Crisis (FX shock, drought, rate spike)",OXC-014,2026-06-01,33330.0,26243.0,0.213,6357.0,730.0,226214.0,54.1,44.0,32.0,174,36067.0,0.16,0,0,17,0,0,19440.0,19440.0,0.0,On Time,-0.2794759825327511,0.021902190219021903,35.585024382570396,1.0,10.100000000000001,0,0.1,Low
"Stressed / Crisis (FX shock, drought, rate spike)",OXC-014,2026-07-01,36645.0,26611.0,0.274,7400.0,2635.0,223294.0,55.6,27.1,35.7,109,34825.0,0.31,0,1,0,0,0,19440.0,19440.0,0.0,On Time,-0.1271467022366196,0.07190612634738709,30.174864864864865,1.0,28.5,0,0.0,Low
"Stressed / Crisis (FX shock, drought, rate spike)",OXC-015,2024-11-01,63268.0,49453.0,0.218,11201.0,2615.0,121987.0,46.4,42.2,26.1,245,49039.0,0.25,1,1,0,0,0,21420.0,21420.0,0.0,On Time,-0.09198157211131364,0.041332111019788835,10.890724042496206,1.0,4.199999999999996,0,0.0,Low
"Stressed / Crisis (FX shock, drought, rate spike)",OXC-015,2024-12-01,78586.0,65198.0,0.17,16016.0,-2628.0,120777.0,42.4,37.1,22.3,218,83768.0,0.35,0,1,0,0,0,21420.0,21420.0,0.0,On Time,0.385776508138038,-0.03344107092866414,7.541021478521478,1.0,5.299999999999997,0,0.0,Low
"Stressed / Crisis (FX shock, drought, rate spike)",OXC-015,2025-01-01,91404.0,70468.0,0.229,15458.0,5478.0,119442.0,40.6,28.5,21.3,249,86101.0,0.1,0,1,0,0,0,21420.0,21420.0,0.0,On Time,1.0139249988983385,0.05993173165288171,7.72687281666451,1.0,12.100000000000001,0,0.0,Low
"Stressed / Crisis (FX shock, drought, rate spike)",OXC-015,2025-02-01,68958.0,63094.0,0.085,13531.0,-7667.0,110703.0,39.6,45.2,35.5,209,66506.0,0.6,0,1,0,0,0,21420.0,21420.0,0.0,On Time,0.0899348801921982,-0.11118361901447257,8.18143522282167,1.0,-5.600000000000001,0,0.1,Low
"Stressed / Crisis (FX shock, drought, rate spike)",OXC-015,2025-03-01,77460.0,52640.0,0.32,15944.0,8876.0,107178.0,40.1,47.8,27.1,286,73666.0,0.37,0,1,0,0,0,21420.0,21420.0,0.0,On Time,-0.014328251851474794,0.11458817454169894,6.72215253386854,1.0,-7.699999999999996,0,0.0,Low
"Stressed / Crisis (FX shock, drought, rate spike)",OXC-015,2025-04-01,50396.0,38917.0,0.228,10603.0,876.0,111063.0,39.0,36.1,50.4,160,41885.0,0.6,0,1,0,0,0,21420.0,21420.0,0.0,On Time,-0.4486455734978776,0.017382331931105645,10.474676978213713,1.0,2.8999999999999986,0,5.0,Low
"Stressed / Crisis (FX shock, drought, rate spike)",OXC-015,2025-05-01,37987.0,31952.0,0.159,4876.0,1160.0,118306.0,40.8,49.7,35.8,244,36151.0,0.55,0,0,16,0,0,21420.0,21420.0,0.0,On Time,-0.44912845500159515,0.030536762576670966,24.262920426579164,1.0,-8.900000000000006,1,98.3,High
"Stressed / Crisis (FX shock, drought, rate spike)",OXC-015,2025-06-01,43877.0,42459.0,0.032,7935.0,-6517.0,114926.0,40.9,45.3,40.9,236,45479.0,0.76,1,1,0,1,0,21420.0,21420.0,0.0,On Time,-0.4335528014459076,-0.1485288419901087,14.483427851291745,1.0,-4.399999999999999,1,99.7,High
"Stressed / Crisis (FX shock, drought, rate spike)",OXC-015,2025-07-01,41159.0,38361.0,0.068,7663.0,-4864.0,114161.0,37.7,52.6,43.1,145,41189.0,0.84,1,0,5,0,0,21420.0,21420.0,0.0,On Time,-0.1832883562187475,-0.11817585461259991,14.897690199660707,1.0,-14.899999999999999,1,96.9,High
"Stressed / Crisis (FX shock, drought, rate spike)",OXC-015,2025-08-01,33370.0,30073.0,0.099,6975.0,-3679.0,109635.0,38.3,55.7,26.1,233,38291.0,0.61,0,1,0,0,0,21420.0,21420.0,0.0,On Time,-0.12154158001421544,-0.11024872640095895,15.718279569892474,1.0,-17.400000000000006,0,0.1,Low
"Stressed / Crisis (FX shock, drought, rate spike)",OXC-015,2025-09-01,34123.0,33548.0,0.017,7050.0,-6475.0,105154.0,39.3,43.5,30.3,85,29392.0,0.96,1,0,1,0,0,21420.0,21420.0,0.0,On Time,-0.22230325683159746,-0.18975471089880724,14.915460992907802,1.0,-4.200000000000003,0,0.0,Low
"Stressed / Crisis (FX shock, drought, rate spike)",OXC-015,2025-10-01,34789.0,29334.0,0.157,6258.0,-802.0,109071.0,42.4,53.8,38.8,159,47089.0,0.96,0,1,0,0,0,21420.0,21420.0,0.0,On Time,-0.15476566486066234,-0.023053263962746845,17.429050814956856,1.0,-11.399999999999999,0,0.1,Low
"Stressed / Crisis (FX shock, drought, rate spike)",OXC-015,2025-11-01,21575.0,18921.0,0.123,3484.0,-830.0,102212.0,43.6,41.2,37.5,127,21096.0,0.96,0,0,4,0,0,21420.0,21420.0,0.0,On Time,-0.3534611926880431,-0.038470451911935113,29.337543053960964,1.0,2.3999999999999986,0,0.2,Low
"Stressed / Crisis (FX shock, drought, rate spike)",OXC-015,2025-12-01,22428.0,21514.0,0.041,4933.0,-4020.0,97449.0,45.7,40.2,38.1,67,24515.0,0.96,0,1,0,0,0,21420.0,21420.0,0.0,On Time,-0.34273070949213136,-0.1792402354200107,19.754510439894588,1.0,5.5,0,0.0,Low
"Stressed / Crisis (FX shock, drought, rate spike)",OXC-015,2026-01-01,17448.0,16315.0,0.065,2313.0,-1180.0,94527.0,46.6,55.1,38.9,57,16955.0,0.96,0,0,1,0,0,21420.0,21420.0,19.0,Late,-0.49846215757854495,-0.06762952773956901,40.86770428015564,1.0,-8.5,0,0.1,Low
"Stressed / Crisis (FX shock, drought, rate spike)",OXC-015,2026-02-01,8190.0,8108.0,0.01,1219.0,-1137.0,90181.0,48.4,43.6,27.6,27,8851.0,0.96,1,0,6,0,0,21420.0,21420.0,0.0,On Time,-0.6203939745075319,-0.13882783882783883,73.97949138638228,1.0,4.799999999999997,0,0.1,Low
"Stressed / Crisis (FX shock, drought, rate spike)",OXC-015,2026-03-01,4927.0,4570.0,0.073,904.0,-547.0,100390.0,48.4,47.1,48.0,23,5108.0,0.96,0,1,0,0,0,21420.0,21420.0,0.0,On Time,-0.7803192438023898,-0.11102090521615587,111.05088495575221,1.0,1.2999999999999972,0,0.0,Low
"Stressed / Crisis (FX shock, drought, rate spike)",OXC-015,2026-04-01,4392.0,4348.0,0.01,950.0,-906.0,96054.0,51.2,41.4,30.0,15,3864.0,0.96,0,0,19,0,0,21420.0,21420.0,22.0,Late,-0.7482806052269602,-0.2062841530054645,101.10947368421053,1.0,9.800000000000004,0,0.1,Low
"Stressed / Crisis (FX shock, drought, rate spike)",OXC-015,2026-05-01,3908.0,3849.0,0.015,653.0,-594.0,96505.0,52.4,43.3,45.2,22,3828.0,0.96,0,1,0,0,0,21420.0,21420.0,15.0,Late,-0.5228327228327228,-0.1519959058341863,147.78713629402756,1.0,9.100000000000001,0,0.0,Low
"Stressed / Crisis (FX shock, drought, rate spike)",OXC-015,2026-06-01,3000.0,2970.0,0.01,374.0,-344.0,105273.0,53.0,57.3,34.5,8,1955.0,0.96,0,0,9,0,0,21420.0,21420.0,19.0,Late,-0.39111020905216154,-0.11466666666666667,281.47860962566847,1.0,-4.299999999999997,0,0.2,Low
"Stressed / Crisis (FX shock, drought, rate spike)",OXC-015,2026-07-01,3000.0,2970.0,0.01,548.0,-518.0,105714.0,50.6,43.4,46.6,7,2729.0,0.96,0,0,15,0,0,21420.0,21420.0,28.0,Late,-0.31693989071038253,-0.17266666666666666,192.9087591240876,1.0,7.200000000000003,0,0.1,Low
